radar_key,distance,easting,northing,elevation,bed_elevation,temperate,temperate_elevation,temperate_lower,temperate_upper,temperate_gpr_uncertainty,bed_type
dronbreen-20220329-DAT_0238_A1_8,0.0,542983.07,8670823.76,689.635,671.501,0.0,671.501,0.0,0.0,0.446,certain_temperate
dronbreen-20220329-DAT_0238_A1_8,5.0,542980.92,8670828.3,689.518,671.28,18.03,689.309,18.238,0.0,0.266,certain_temperate
dronbreen-20220329-DAT_0238_A1_8,10.0,542978.22,8670832.66,689.328,670.569,18.759,689.328,18.759,18.759,0.282,certain_temperate
dronbreen-20220329-DAT_0238_A1_8,15.0,542975.39,8670836.87,689.13,670.058,19.072,689.13,19.072,19.072,0.282,certain_temperate
dronbreen-20220329-DAT_0238_A1_8,20.0,542972.44,8670840.54,688.926,669.646,19.28,688.926,19.28,19.28,0.282,certain_temperate
dronbreen-20220329-DAT_0238_A1_8,25.0,542968.46,8670843.77,688.733,669.14,19.593,688.733,19.593,19.593,0.282,certain_temperate
dronbreen-20220329-DAT_0238_A1_8,30.0,542964.65,8670846.48,688.58,668.778,19.801,688.58,19.801,19.801,0.282,certain_temperate
dronbreen-20220329-DAT_0238_A1_8,35.0,542960.31,8670849.9,688.399,668.286,20.114,688.399,20.114,20.114,0.282,certain_temperate
dronbreen-20220329-DAT_0238_A1_8,40.0,542956.61,8670853.25,688.247,667.925,20.322,688.247,20.322,20.322,0.282,certain_temperate
dronbreen-20220329-DAT_0238_A1_8,45.0,542953.03,8670856.3,688.103,667.677,20.427,688.103,20.427,20.427,0.282,certain_temperate
dronbreen-20220329-DAT_0238_A1_8,50.0,542949.17,8670859.53,687.954,667.319,20.635,687.954,20.635,20.635,0.282,certain_temperate
dronbreen-20220329-DAT_0238_A1_8,55.0,542945.07,8670862.61,687.801,667.062,20.739,687.801,20.739,20.739,0.282,certain_temperate
dronbreen-20220329-DAT_0238_A1_8,60.0,542941.11,8670865.75,687.618,666.566,21.052,687.618,21.052,21.052,0.282,certain_temperate
dronbreen-20220329-DAT_0238_A1_8,65.0,542937.17,8670869.01,687.405,665.937,21.469,687.405,21.469,21.469,0.282,certain_temperate
dronbreen-20220329-DAT_0238_A1_8,70.0,542925.07,8670971.17,675.974,654.401,21.573,675.974,21.573,21.573,0.282,certain_temperate
dronbreen-20220329-DAT_0238_A1_8,75.0,542929.45,8670969.82,676.355,617.263,54.401,671.665,54.705,0.53,0.282,certain_temperate
dronbreen-20220329-DAT_0238_A1_8,115.0,543008.77,8670981.28,678.94,619.745,54.506,674.25,55.297,0.042,0.282,certain_temperate
dronbreen-20220329-DAT_0238_A1_8,160.0,543014.06,8670981.98,679.162,619.446,48.878,668.324,59.716,32.976,0.343,certain_temperate
dronbreen-20220329-DAT_0238_A1_8,165.0,543019.06,8670982.6,679.38,618.934,55.339,674.273,60.446,37.138,0.285,certain_temperate
dronbreen-20220329-DAT_0238_A1_8,170.0,543023.75,8670983.2,679.595,618.316,56.173,674.489,60.552,45.437,0.285,certain_temperate
dronbreen-20220329-DAT_0238_A1_8,175.0,542857.42,8670959.52,676.503,613.973,61.071,675.044,62.53,53.888,0.267,certain_temperate
dronbreen-20220329-DAT_0238_A1_8,245.0,542843.11,8670982.02,672.67,595.654,75.453,671.107,76.867,72.163,0.267,certain_temperate
dronbreen-20220329-DAT_0238_A1_8,250.0,542846.63,8670985.73,671.934,594.188,76.183,670.371,77.597,72.893,0.267,certain_temperate
dronbreen-20220329-DAT_0238_A1_8,255.0,542850.1,8670988.75,671.425,592.741,77.121,669.861,78.684,70.813,0.267,certain_temperate
dronbreen-20220329-DAT_0238_A1_8,260.0,542853.86,8670992.16,670.912,592.333,73.994,666.327,78.58,67.165,0.281,certain_temperate
dronbreen-20220329-DAT_0238_A1_8,265.0,542857.57,8670995.58,670.428,592.161,73.681,665.843,76.985,69.336,0.281,certain_temperate
dronbreen-20220329-DAT_0238_A1_8,270.0,542861.57,8670999.1,669.96,592.11,73.265,665.375,76.59,69.21,0.281,certain_temperate
dronbreen-20220329-DAT_0238_A1_8,275.0,542865.09,8671002.19,669.551,591.909,73.16,665.07,77.352,68.344,0.28,certain_temperate
dronbreen-20220329-DAT_0238_A1_8,280.0,542868.96,8671005.64,669.084,591.859,71.493,663.352,77.225,39.513,0.289,certain_temperate
dronbreen-20220329-DAT_0238_A1_8,285.0,542872.42,8671008.94,668.642,591.834,68.887,660.721,76.808,16.733,0.309,certain_temperate
dronbreen-20220329-DAT_0238_A1_8,290.0,542875.92,8671012.4,668.181,591.999,53.672,645.67,76.183,0.0,0.523,certain_temperate
dronbreen-20220329-DAT_0238_A1_8,295.0,542879.2,8671015.76,667.75,592.088,39.498,631.586,75.662,0.0,0.771,certain_temperate
dronbreen-20220329-DAT_0238_A1_8,300.0,542883.04,8671019.64,667.261,592.017,25.742,617.758,64.949,3.105,1.025,certain_temperate
dronbreen-20220329-DAT_0238_A1_8,305.0,542886.59,8671023.47,666.786,591.958,22.511,614.469,48.055,9.994,1.08,certain_temperate
dronbreen-20220329-DAT_0238_A1_8,310.0,542889.54,8671026.67,666.41,591.895,18.342,610.237,43.185,5.068,1.154,certain_temperate
dronbreen-20220329-DAT_0238_A1_8,315.0,542893.02,8671030.75,665.934,591.627,13.652,605.28,37.854,0.81,1.242,certain_temperate
dronbreen-20220329-DAT_0238_A1_8,320.0,542896.17,8671034.54,665.522,591.528,8.442,599.97,30.259,0.0,1.338,certain_temperate
dronbreen-20220329-DAT_0238_A1_8,325.0,542899.57,8671038.59,665.101,591.523,3.543,595.067,14.322,0.0,1.426,certain_temperate
dronbreen-20220329-DAT_0238_A1_8,330.0,542902.55,8671041.96,664.766,591.188,6.566,597.754,10.118,0.0,1.366,uncertain_temperate
dronbreen-20220329-DAT_0238_A1_8,335.0,542906.05,8671045.99,664.37,591.21,0.521,591.731,73.16,0.0,1.477,uncertain_cold
dronbreen-20220329-DAT_0238_A1_8,340.0,542909.25,8671049.82,663.977,591.234,0.208,591.442,2.413,0.0,1.475,uncertain_cold
dronbreen-20220329-DAT_0238_A1_8,345.0,542912.38,8671053.34,663.598,591.168,0.313,591.48,69.359,0.0,1.467,uncertain_cold
dronbreen-20220329-DAT_0238_A1_8,350.0,542915.54,8671056.73,663.229,591.007,0.521,591.528,69.31,0.0,1.458,uncertain_cold
dronbreen-20220329-DAT_0238_A1_8,355.0,542919.26,8671060.68,662.783,590.978,0.0,590.978,0.0,0.0,1.448,uncertain_cold
dronbreen-20220329-DAT_0238_A1_8,360.0,542922.8,8671064.19,662.373,590.984,0.0,590.984,0.0,0.0,1.45,uncertain_cold
dronbreen-20220329-DAT_0238_A1_8,365.0,542926.3,8671067.73,661.936,590.756,0.0,590.756,0.0,0.0,1.444,certain_cold
dronbreen-20220329-DAT_0238_A1_8,370.0,542929.96,8671071.88,661.399,590.531,0.0,590.531,0.0,0.0,1.442,certain_cold
dronbreen-20220329-DAT_0238_A1_8,375.0,542933.37,8671075.23,660.991,590.332,0.0,590.332,0.0,0.0,1.438,certain_cold
dronbreen-20220329-DAT_0238_A1_8,380.0,542936.49,8671078.6,660.582,590.132,0.0,590.132,0.0,0.0,1.434,certain_cold
dronbreen-20220329-DAT_0238_A1_8,385.0,542939.75,8671082.44,660.106,589.863,0.0,589.863,0.0,0.0,1.43,certain_cold
dronbreen-20220329-DAT_0238_A1_8,390.0,542943.11,8671086.32,659.628,589.594,0.0,589.594,0.0,0.0,1.426,certain_cold
dronbreen-20220329-DAT_0238_A1_8,395.0,542946.87,8671090.47,659.107,589.386,0.0,589.386,0.0,0.0,1.419,certain_cold
dronbreen-20220329-DAT_0238_A1_8,400.0,542949.81,8671093.79,658.677,589.164,0.0,589.164,0.0,0.0,1.415,certain_cold
dronbreen-20220329-DAT_0238_A1_8,405.0,542953.15,8671097.47,658.182,588.878,0.0,588.878,0.0,0.0,1.411,certain_cold
dronbreen-20220329-DAT_0238_A1_8,410.0,542956.31,8671100.85,657.72,588.624,0.0,588.624,0.0,0.0,1.407,certain_cold
dronbreen-20220329-DAT_0238_A1_8,415.0,542959.68,8671104.59,657.191,588.304,0.0,588.304,0.0,0.0,1.403,certain_cold
dronbreen-20220329-DAT_0238_A1_8,420.0,542963.12,8671108.79,656.591,587.912,0.0,587.912,0.0,0.0,1.399,certain_cold
dronbreen-20220329-DAT_0238_A1_8,425.0,542966.45,8671112.3,656.103,587.633,0.0,587.633,0.0,0.0,1.395,certain_cold
dronbreen-20220329-DAT_0238_A1_8,430.0,542969.95,8671116.02,655.58,587.422,0.0,587.422,0.0,0.0,1.389,certain_cold
dronbreen-20220329-DAT_0238_A1_8,435.0,542973.45,8671119.73,655.045,587.095,0.0,587.095,0.0,0.0,1.385,certain_cold
dronbreen-20220329-DAT_0238_A1_8,440.0,542976.54,8671122.99,654.563,586.926,0.0,586.926,0.0,0.0,1.379,certain_cold
dronbreen-20220329-DAT_0238_A1_8,445.0,542980.45,8671127.12,653.957,586.529,0.0,586.529,0.0,0.0,1.374,certain_cold
dronbreen-20220329-DAT_0238_A1_8,450.0,542983.93,8671130.79,653.442,586.43,0.0,586.43,0.0,0.0,1.366,certain_cold
dronbreen-20220329-DAT_0238_A1_8,455.0,542986.85,8671134.11,652.997,586.402,0.0,586.402,0.0,0.0,1.358,certain_cold
dronbreen-20220329-DAT_0238_A1_8,460.0,542990.56,8671138.0,652.523,586.345,0.0,586.345,0.0,0.0,1.35,certain_cold
dronbreen-20220329-DAT_0238_A1_8,465.0,542993.9,8671141.41,652.143,586.382,0.0,586.382,0.0,0.0,1.342,certain_cold
dronbreen-20220329-DAT_0238_A1_8,470.0,542997.74,8671145.26,651.757,586.308,0.0,586.308,0.0,0.0,1.336,certain_cold
dronbreen-20220329-DAT_0238_A1_8,475.0,543000.96,8671148.48,651.498,586.363,0.0,586.363,0.0,0.0,1.33,certain_cold
dronbreen-20220329-DAT_0238_A1_8,480.0,543004.62,8671152.42,651.219,586.5,0.0,586.5,0.0,0.0,1.321,certain_cold
dronbreen-20220329-DAT_0238_A1_8,485.0,543007.83,8671156.0,651.008,586.706,0.0,586.706,0.0,0.0,1.313,certain_cold
dronbreen-20220329-DAT_0238_A1_8,490.0,543011.24,8671159.83,650.84,587.059,0.0,587.059,0.0,0.0,1.303,certain_cold
dronbreen-20220329-DAT_0238_A1_8,495.0,543014.43,8671163.52,650.681,587.317,0.0,587.317,0.0,0.0,1.295,certain_cold
dronbreen-20220329-DAT_0238_A1_8,500.0,543018.38,8671167.38,650.593,587.958,0.0,587.958,0.0,0.0,1.281,certain_cold
dronbreen-20220329-DAT_0238_A1_8,505.0,543021.48,8671170.39,650.564,588.867,0.0,588.867,0.0,0.0,1.264,certain_cold
dronbreen-20220329-DAT_0238_A1_8,510.0,543025.25,8671174.42,650.561,589.907,0.0,589.907,0.0,0.0,1.246,certain_cold
dronbreen-20220329-DAT_0238_A1_8,515.0,543028.39,8671177.87,650.599,590.778,0.0,590.778,0.0,0.0,1.232,certain_cold
dronbreen-20220329-DAT_0238_A1_8,520.0,543031.57,8671181.42,650.727,592.261,0.0,592.261,0.0,0.0,1.199,certain_cold
dronbreen-20220329-DAT_0238_A1_8,525.0,543034.72,8671184.77,650.908,593.484,0.0,593.484,0.0,0.0,1.179,uncertain_cold
dronbreen-20220329-DAT_0238_A1_8,530.0,543038.23,8671188.61,651.155,594.774,0.0,594.774,0.0,0.0,1.158,uncertain_cold
dronbreen-20220329-DAT_0238_A1_8,535.0,543041.67,8671192.81,651.452,596.426,0.0,596.426,0.0,0.0,1.132,uncertain_cold
dronbreen-20220329-DAT_0238_A1_8,540.0,543044.71,8671196.26,651.778,598.732,0.0,598.732,0.0,0.0,1.094,uncertain_cold
dronbreen-20220329-DAT_0238_A1_8,545.0,543047.95,8671200.15,652.14,601.178,0.0,601.178,0.0,0.0,1.053,uncertain_cold
dronbreen-20220329-DAT_0238_A1_8,550.0,543051.14,8671204.1,652.553,603.467,0.0,603.467,0.0,0.0,1.017,certain_cold
dronbreen-20220329-DAT_0238_A1_8,555.0,543054.35,8671207.73,652.971,606.282,0.0,606.282,0.0,0.0,0.971,uncertain_cold
dronbreen-20220329-DAT_0238_A1_8,560.0,543057.56,8671211.31,653.426,608.3,0.0,608.3,0.0,0.0,0.941,uncertain_cold
dronbreen-20220329-DAT_0238_A1_8,565.0,543061.42,8671215.78,653.931,610.472,0.0,610.472,0.0,0.0,0.909,uncertain_cold
dronbreen-20220329-DAT_0238_A1_8,570.0,543064.54,8671219.47,654.215,611.798,0.0,611.798,0.0,0.0,0.861,uncertain_temperate
dronbreen-20220329-DAT_0238_A1_8,575.0,543067.68,8671223.42,654.633,613.155,0.0,613.155,0.0,0.0,0.845,uncertain_temperate
dronbreen-20220329-DAT_0238_A1_8,580.0,543070.39,8671226.67,655.048,614.507,0.0,614.507,0.0,0.0,0.853,uncertain_cold
dronbreen-20220329-DAT_0238_A1_8,585.0,543074.05,8671231.07,655.588,616.611,0.0,616.611,0.0,0.0,0.824,uncertain_cold
dronbreen-20220329-DAT_0238_A1_8,590.0,543077.26,8671234.89,656.035,618.1,0.0,618.1,0.0,0.0,0.804,uncertain_cold
dronbreen-20220329-DAT_0238_A1_8,595.0,543080.47,8671238.53,656.486,619.28,0.0,619.28,0.0,0.0,0.79,uncertain_cold
dronbreen-20220329-DAT_0238_A1_8,600.0,543083.84,8671242.18,656.964,620.176,0.0,620.176,0.0,0.0,0.782,uncertain_cold
dronbreen-20220329-DAT_0238_A1_8,605.0,543087.31,8671245.82,657.436,621.377,0.0,621.377,0.0,0.0,0.769,uncertain_cold
dronbreen-20220329-DAT_0238_A1_8,610.0,543090.77,8671249.1,657.889,622.247,0.0,622.247,0.0,0.0,0.761,uncertain_cold
dronbreen-20220329-DAT_0238_A1_8,615.0,543094.36,8671252.93,658.43,623.621,0.0,623.621,0.0,0.0,0.745,uncertain_cold
dronbreen-20220329-DAT_0238_A1_8,620.0,543097.6,8671256.53,658.965,625.72,0.0,625.72,0.0,0.0,0.716,uncertain_cold
dronbreen-20220329-DAT_0238_A1_8,625.0,543100.99,8671260.59,659.565,628.717,0.0,628.717,0.0,0.0,0.672,uncertain_cold
dronbreen-20220329-DAT_0238_A1_8,630.0,543103.59,8671264.95,660.041,630.86,0.0,630.86,0.0,0.0,0.641,uncertain_cold
dronbreen-20220329-DAT_0238_A1_8,635.0,543103.4,8671269.54,660.057,632.44,0.0,632.44,0.0,0.0,0.613,uncertain_cold
dronbreen-20220329-DAT_0238_A1_8,640.0,543100.36,8671273.73,659.588,634.263,0.0,634.263,0.0,0.0,0.572,uncertain_cold
dronbreen-20220329-DAT_0238_A1_8,645.0,543096.69,8671276.4,658.982,634.908,0.0,634.908,0.0,0.0,0.548,uncertain_cold
dronbreen-20220329-DAT_0238_A1_8,650.0,543090.69,8671276.76,657.951,634.19,0.0,634.19,0.0,0.0,0.544,uncertain_cold
dronbreen-20220329-DAT_0238_A1_8,655.0,543086.48,8671275.63,657.27,632.883,0.0,632.883,0.0,0.0,0.555,uncertain_cold
dronbreen-20220329-DAT_0238_A1_8,660.0,543081.54,8671273.63,656.471,631.355,0.0,631.355,0.0,0.0,0.568,uncertain_cold
dronbreen-20220329-DAT_0238_A1_8,665.0,543077.22,8671271.79,655.751,629.801,0.0,629.801,0.0,0.0,0.583,certain_cold
dronbreen-20220329-DAT_0238_A1_8,670.0,543072.43,8671269.73,654.979,627.675,0.0,627.675,0.0,0.0,0.607,uncertain_cold
dronbreen-20220329-DAT_0238_A1_8,675.0,543068.54,8671267.93,654.409,626.688,0.0,626.688,0.0,0.0,0.622,certain_cold
dronbreen-20220329-DAT_0238_A1_8,680.0,543063.57,8671265.78,653.666,624.694,0.0,624.694,0.0,0.0,0.643,certain_cold
dronbreen-20220329-DAT_0238_A1_8,685.0,543061.27,8671264.72,653.317,622.677,0.0,622.677,0.0,0.0,0.668,certain_cold
dronbreen-20220329-DAT_0238_A1_8,690.0,543047.74,8671258.51,651.195,620.347,0.0,620.347,0.0,0.0,0.672,certain_cold
dronbreen-20220329-DAT_0238_A1_8,705.0,543036.39,8671253.69,649.592,618.535,0.0,618.535,0.0,0.0,0.676,certain_cold
dronbreen-20220329-DAT_0238_A1_8,715.0,543030.97,8671251.53,648.724,617.355,0.0,617.355,0.0,0.0,0.683,certain_cold
dronbreen-20220329-DAT_0238_A1_8,720.0,543026.87,8671249.91,648.115,616.12,0.0,616.12,0.0,0.0,0.697,certain_cold
dronbreen-20220329-DAT_0238_A1_8,725.0,543022.18,8671248.21,647.486,614.658,0.0,614.658,0.0,0.0,0.712,uncertain_cold
dronbreen-20220329-DAT_0238_A1_8,730.0,543017.92,8671246.77,646.926,613.368,0.0,613.368,0.0,0.0,0.73,uncertain_cold
dronbreen-20220329-DAT_0238_A1_8,735.0,543012.11,8671244.94,646.151,611.447,0.0,611.447,0.0,0.0,0.753,uncertain_cold
dronbreen-20220329-DAT_0238_A1_8,740.0,543007.35,8671243.42,645.524,609.986,0.0,609.986,0.0,0.0,0.769,uncertain_cold
dronbreen-20220329-DAT_0238_A1_8,745.0,543002.66,8671242.0,644.948,608.472,0.0,608.472,0.0,0.0,0.788,certain_cold
dronbreen-20220329-DAT_0238_A1_8,750.0,542998.13,8671240.88,644.416,607.106,0.0,607.106,0.0,0.0,0.802,certain_cold
dronbreen-20220329-DAT_0238_A1_8,755.0,542993.05,8671239.27,643.808,605.456,0.0,605.456,0.0,0.0,0.822,certain_cold
dronbreen-20220329-DAT_0238_A1_8,760.0,542988.77,8671238.05,643.267,604.186,0.0,604.186,0.0,0.0,0.837,certain_cold
dronbreen-20220329-DAT_0238_A1_8,765.0,542983.48,8671236.61,642.609,602.068,0.0,602.068,0.0,0.0,0.857,certain_cold
dronbreen-20220329-DAT_0238_A1_8,770.0,542978.84,8671235.22,642.184,600.601,0.0,600.601,0.0,0.0,0.875,certain_cold
dronbreen-20220329-DAT_0238_A1_8,775.0,542974.27,8671233.83,641.807,599.183,0.0,599.183,0.0,0.0,0.895,certain_cold
dronbreen-20220329-DAT_0238_A1_8,780.0,542969.73,8671232.45,641.379,597.608,0.0,597.608,0.0,0.0,0.921,certain_cold
dronbreen-20220329-DAT_0238_A1_8,785.0,542964.13,8671230.72,640.864,595.842,0.0,595.842,0.0,0.0,0.939,certain_cold
dronbreen-20220329-DAT_0238_A1_8,790.0,542960.21,8671229.25,640.546,594.482,0.0,594.482,0.0,0.0,0.959,uncertain_cold
dronbreen-20220329-DAT_0238_A1_8,795.0,542954.68,8671227.63,640.107,592.584,0.0,592.584,0.0,0.0,0.985,uncertain_cold
dronbreen-20220329-DAT_0238_A1_8,800.0,542950.01,8671226.17,639.784,591.635,0.0,591.635,0.0,0.0,0.999,uncertain_cold
dronbreen-20220329-DAT_0238_A1_8,805.0,542945.17,8671224.9,639.459,590.685,0.0,590.685,0.0,0.0,1.011,uncertain_cold
dronbreen-20220329-DAT_0238_A1_8,810.0,542940.72,8671223.77,639.18,590.094,0.0,590.094,0.0,0.0,1.017,uncertain_cold
dronbreen-20220329-DAT_0238_A1_8,815.0,542936.36,8671222.64,638.94,589.437,0.0,589.437,0.0,0.0,1.025,uncertain_cold
dronbreen-20220329-DAT_0238_A1_8,820.0,542930.75,8671221.28,638.67,588.646,0.0,588.646,0.0,0.0,1.035,uncertain_cold
dronbreen-20220329-DAT_0238_A1_8,825.0,542926.56,8671220.46,638.446,588.317,0.0,588.317,0.0,0.0,1.037,uncertain_cold
dronbreen-20220329-DAT_0238_A1_8,830.0,542920.6,8671219.28,638.129,587.479,0.0,587.479,0.0,0.0,1.047,uncertain_cold
dronbreen-20220329-DAT_0238_A1_8,835.0,542916.34,8671218.59,637.894,586.932,0.0,586.932,0.0,0.0,1.051,uncertain_cold
dronbreen-20220329-DAT_0238_A1_8,840.0,542911.95,8671217.89,637.655,586.588,0.0,586.588,0.0,0.0,1.055,uncertain_cold
dronbreen-20220329-DAT_0238_A1_8,845.0,542906.92,8671216.98,637.41,586.135,0.0,586.135,0.0,0.0,1.059,uncertain_cold
dronbreen-20220329-DAT_0238_A1_8,850.0,542901.35,8671216.28,637.125,585.641,0.0,585.641,0.0,0.0,1.057,certain_cold
dronbreen-20220329-DAT_0238_A1_8,855.0,542896.23,8671215.62,636.872,585.18,0.0,585.18,0.0,0.0,1.061,uncertain_cold
dronbreen-20220329-DAT_0238_A1_8,860.0,542891.53,8671214.82,636.684,584.888,0.0,584.888,0.0,0.0,1.069,uncertain_cold
dronbreen-20220329-DAT_0238_A1_8,865.0,542886.75,8671214.17,636.52,584.515,0.0,584.515,0.0,0.0,1.071,uncertain_cold
dronbreen-20220329-DAT_0238_A1_8,870.0,542882.04,8671213.65,636.351,584.139,0.0,584.139,0.0,0.0,1.075,uncertain_cold
dronbreen-20220329-DAT_0238_A1_8,875.0,542876.3,8671213.17,636.124,583.598,0.0,583.598,0.0,0.0,1.078,certain_cold
dronbreen-20220329-DAT_0238_A1_8,880.0,542871.88,8671212.7,635.951,583.217,0.0,583.217,0.0,0.0,1.084,certain_cold
dronbreen-20220329-DAT_0238_A1_8,885.0,542866.57,8671211.98,635.77,582.723,0.0,582.723,0.0,0.0,1.088,certain_cold
dronbreen-20220329-DAT_0238_A1_8,890.0,542861.88,8671211.52,635.577,582.426,0.0,582.426,0.0,0.0,1.092,certain_cold
dronbreen-20220329-DAT_0238_A1_8,895.0,542856.87,8671210.83,635.435,582.076,0.0,582.076,0.0,0.0,1.096,certain_cold
dronbreen-20220329-DAT_0238_A1_8,900.0,542852.32,8671210.22,635.317,581.854,0.0,581.854,0.0,0.0,1.1,certain_cold
dronbreen-20220329-DAT_0238_A1_8,905.0,542846.51,8671209.66,635.181,581.509,0.0,581.509,0.0,0.0,1.104,certain_cold
dronbreen-20220329-DAT_0238_A1_8,910.0,542842.22,8671209.34,635.089,581.209,0.0,581.209,0.0,0.0,1.108,certain_cold
dronbreen-20220329-DAT_0238_A1_8,915.0,542836.57,8671209.11,634.948,580.964,0.0,580.964,0.0,0.0,1.112,certain_cold
dronbreen-20220329-DAT_0238_A1_8,920.0,542832.18,8671208.86,634.849,580.76,0.0,580.76,0.0,0.0,1.114,certain_cold
dronbreen-20220329-DAT_0238_A1_8,925.0,542826.65,8671208.47,634.741,580.548,0.0,580.548,0.0,0.0,1.116,certain_cold
dronbreen-20220329-DAT_0238_A1_8,930.0,542822.12,8671208.14,634.672,580.375,0.0,580.375,0.0,0.0,1.118,uncertain_cold
dronbreen-20220329-DAT_0238_A1_8,935.0,542816.97,8671208.97,634.367,580.487,0.0,580.487,0.0,0.0,1.11,certain_cold
dronbreen-20220329-DAT_0238_A1_8,940.0,542814.8,8671213.31,633.463,580.416,0.0,580.416,0.0,0.0,1.094,certain_cold
dronbreen-20220329-DAT_0238_A1_8,945.0,542816.04,8671218.43,632.562,580.453,0.0,580.453,0.0,0.0,1.078,certain_cold
dronbreen-20220329-DAT_0238_A1_8,950.0,542819.12,8671222.44,631.995,581.137,0.0,581.137,0.0,0.0,1.055,uncertain_cold
dronbreen-20220329-DAT_0238_A1_8,955.0,542822.15,8671226.2,631.522,581.915,0.0,581.915,0.0,0.0,1.027,uncertain_cold
dronbreen-20220329-DAT_0238_A1_8,960.0,542825.56,8671230.4,630.988,583.152,0.0,583.152,0.0,0.0,0.993,uncertain_cold
dronbreen-20220329-DAT_0238_A1_8,965.0,542828.57,8671234.4,630.453,584.389,0.0,584.389,0.0,0.0,0.959,uncertain_cold
dronbreen-20220329-DAT_0238_A1_8,970.0,542831.56,8671238.22,629.964,585.776,0.0,585.776,0.0,0.0,0.923,uncertain_cold
dronbreen-20220329-DAT_0238_A1_8,975.0,542834.36,8671241.47,629.596,587.076,0.0,587.076,0.0,0.0,0.891,uncertain_cold
dronbreen-20220329-DAT_0238_A1_8,980.0,542838.23,8671245.94,629.123,588.687,0.0,588.687,0.0,0.0,0.851,uncertain_cold
dronbreen-20220329-DAT_0238_A1_8,985.0,542841.13,8671249.69,628.74,590.18,0.0,590.18,0.0,0.0,0.816,certain_cold
dronbreen-20220329-DAT_0238_A1_8,990.0,542843.79,8671253.25,628.416,591.523,0.0,591.523,0.0,0.0,0.784,uncertain_cold
dronbreen-20220329-DAT_0238_A1_8,995.0,542847.13,8671257.7,628.034,592.913,0.0,592.913,0.0,0.0,0.751,uncertain_cold
dronbreen-20220329-DAT_0238_A1_8,1000.0,542849.93,8671261.64,627.753,594.716,0.0,594.716,0.0,0.0,0.712,uncertain_cold
dronbreen-20220329-DAT_0238_A1_8,1005.0,542852.93,8671265.88,627.463,596.824,0.0,596.824,0.0,0.0,0.668,uncertain_cold
dronbreen-20220329-DAT_0238_A1_8,1010.0,542856.05,8671269.89,627.169,599.135,0.0,599.135,0.0,0.0,0.62,uncertain_cold
dronbreen-20220329-DAT_0238_A1_8,1015.0,542858.96,8671273.64,626.947,601.205,0.0,601.205,0.0,0.0,0.579,uncertain_cold
dronbreen-20220329-DAT_0238_A1_8,1020.0,542862.32,8671277.63,626.758,604.039,0.0,604.039,0.0,0.0,0.532,uncertain_cold
dronbreen-20220329-DAT_0238_A1_8,1025.0,542865.48,8671281.42,626.567,606.244,0.0,606.244,0.0,0.0,0.487,uncertain_cold
dronbreen-20220329-DAT_0238_A1_8,1030.0,542868.33,8671285.67,626.332,608.615,0.0,608.615,0.0,0.0,0.443,uncertain_cold
dronbreen-20220329-DAT_0238_A1_8,1035.0,542870.15,8671289.94,626.034,610.61,0.0,610.61,0.0,0.0,0.407,uncertain_cold
dronbreen-20220329-DAT_0238_A1_8,1040.0,542869.18,8671295.06,625.407,612.588,0.0,612.588,0.0,0.0,0.371,uncertain_cold
dronbreen-20220329-DAT_0238_A1_8,1045.0,542865.03,8671297.84,624.701,615.425,0.0,615.425,0.0,0.0,0.324,uncertain_cold
dronbreen-20220329-DAT_0238_A1_8,1050.0,542859.9,8671297.56,624.184,615.638,0.0,615.638,0.0,0.0,0.32,certain_cold
dronbreen-20220329-DAT_0238_A1_8,1055.0,542855.11,8671296.04,623.833,613.933,0.0,613.933,0.0,0.0,0.339,uncertain_cold
dronbreen-20220329-DAT_0238_A1_8,1060.0,542851.08,8671294.14,623.638,611.861,0.0,611.861,0.0,0.0,0.356,uncertain_cold
dronbreen-20220329-DAT_0238_A1_8,1065.0,542846.39,8671291.73,623.475,609.718,0.0,609.718,0.0,0.0,0.388,uncertain_cold
dronbreen-20220329-DAT_0238_A1_8,1070.0,542841.95,8671289.42,623.379,607.33,0.0,607.33,0.0,0.0,0.42,certain_cold
dronbreen-20220329-DAT_0238_A1_8,1075.0,542837.58,8671286.83,623.365,605.336,0.0,605.336,0.0,0.0,0.451,certain_cold
dronbreen-20220329-DAT_0238_A1_8,1080.0,542833.32,8671284.06,623.436,603.843,0.0,603.843,0.0,0.0,0.479,certain_cold
dronbreen-20220329-DAT_0238_A1_8,1085.0,542828.82,8671281.43,623.477,602.217,0.0,602.217,0.0,0.0,0.517,certain_cold
dronbreen-20220329-DAT_0238_A1_8,1090.0,542825.08,8671279.14,623.536,600.817,0.0,600.817,0.0,0.0,0.539,certain_cold
dronbreen-20220329-DAT_0238_A1_8,1095.0,542820.65,8671276.52,623.616,599.125,0.0,599.125,0.0,0.0,0.563,certain_cold
dronbreen-20220329-DAT_0238_A1_8,1100.0,542816.48,8671274.26,623.655,597.393,0.0,597.393,0.0,0.0,0.59,certain_cold
dronbreen-20220329-DAT_0238_A1_8,1105.0,542811.32,8671271.63,623.664,595.317,0.0,595.317,0.0,0.0,0.626,certain_cold
dronbreen-20220329-DAT_0238_A1_8,1110.0,542806.95,8671269.45,623.671,593.552,0.0,593.552,0.0,0.0,0.66,certain_cold
dronbreen-20220329-DAT_0238_A1_8,1115.0,542802.57,8671267.07,623.732,591.528,0.0,591.528,0.0,0.0,0.701,certain_cold
dronbreen-20220329-DAT_0238_A1_8,1120.0,542798.68,8671265.15,623.805,590.247,0.0,590.247,0.0,0.0,0.724,uncertain_cold
dronbreen-20220329-DAT_0238_A1_8,1125.0,542793.62,8671262.51,623.977,589.064,0.0,589.064,0.0,0.0,0.757,certain_cold
dronbreen-20220329-DAT_0238_A1_8,1130.0,542789.3,8671260.08,624.235,587.446,0.0,587.446,0.0,0.0,0.792,certain_cold
dronbreen-20220329-DAT_0238_A1_8,1135.0,542785.48,8671257.97,624.487,585.615,0.0,585.615,0.0,0.0,0.831,uncertain_cold
dronbreen-20220329-DAT_0238_A1_8,1140.0,542780.76,8671255.46,624.906,584.47,0.0,584.47,0.0,0.0,0.859,uncertain_cold
dronbreen-20220329-DAT_0238_A1_8,1145.0,542776.69,8671253.41,625.327,583.224,0.0,583.224,0.0,0.0,0.885,uncertain_cold
dronbreen-20220329-DAT_0238_A1_8,1150.0,542772.31,8671251.47,625.811,582.665,0.0,582.665,0.0,0.0,0.907,uncertain_cold
dronbreen-20220329-DAT_0238_A1_8,1155.0,542767.32,8671249.04,626.377,581.981,0.0,581.981,0.0,0.0,0.927,certain_cold
dronbreen-20220329-DAT_0238_A1_8,1160.0,542762.61,8671246.7,626.775,581.128,0.0,581.128,0.0,0.0,0.953,certain_cold
dronbreen-20220329-DAT_0238_A1_8,1165.0,542758.43,8671244.46,626.79,579.892,0.0,579.892,0.0,0.0,0.975,certain_cold
dronbreen-20220329-DAT_0238_A1_8,1170.0,542753.47,8671242.0,626.812,578.351,0.0,578.351,0.0,0.0,1.009,uncertain_cold
dronbreen-20220329-DAT_0238_A1_8,1175.0,542749.47,8671240.14,626.928,577.216,0.0,577.216,0.0,0.0,1.033,uncertain_cold
dronbreen-20220329-DAT_0238_A1_8,1180.0,542744.92,8671237.96,627.076,576.114,0.0,576.114,0.0,0.0,1.059,uncertain_cold
dronbreen-20220329-DAT_0238_A1_8,1185.0,542740.04,8671235.64,627.347,575.447,0.0,575.447,0.0,0.0,1.071,uncertain_cold
dronbreen-20220329-DAT_0238_A1_8,1190.0,542735.42,8671233.43,627.791,575.057,0.0,575.057,0.0,0.0,1.088,uncertain_cold
dronbreen-20220329-DAT_0238_A1_8,1195.0,542731.6,8671231.57,628.23,574.767,0.0,574.767,0.0,0.0,1.102,uncertain_cold
dronbreen-20220329-DAT_0238_A1_8,1200.0,542726.96,8671229.13,628.768,574.263,0.0,574.263,0.0,0.0,1.122,uncertain_cold
dronbreen-20220329-DAT_0238_A1_8,1205.0,542722.95,8671227.01,628.75,573.828,0.0,573.828,0.0,0.0,1.13,uncertain_cold
dronbreen-20220329-DAT_0238_A1_8,1210.0,542718.54,8671224.52,627.867,572.632,0.0,572.632,0.0,0.0,1.136,certain_cold
dronbreen-20220329-DAT_0238_A1_8,1215.0,542714.01,8671222.2,627.393,571.637,0.0,571.637,0.0,0.0,1.146,certain_cold
dronbreen-20220329-DAT_0238_A1_8,1220.0,542709.14,8671219.81,627.528,571.042,0.0,571.042,0.0,0.0,1.161,certain_cold
dronbreen-20220329-DAT_0238_A1_8,1225.0,542704.81,8671217.54,627.676,570.877,0.0,570.877,0.0,0.0,1.167,certain_cold
dronbreen-20220329-DAT_0238_A1_8,1230.0,542699.89,8671215.27,627.763,570.756,0.0,570.756,0.0,0.0,1.175,certain_cold
dronbreen-20220329-DAT_0238_A1_8,1235.0,542695.47,8671213.18,627.869,570.549,0.0,570.549,0.0,0.0,1.181,certain_cold
dronbreen-20220329-DAT_0238_A1_8,1240.0,542691.49,8671211.25,627.983,570.351,0.0,570.351,0.0,0.0,1.187,certain_cold
dronbreen-20220329-DAT_0238_A1_8,1245.0,542686.43,8671208.86,628.071,569.918,0.0,569.918,0.0,0.0,1.197,certain_cold
dronbreen-20220329-DAT_0238_A1_8,1250.0,542682.46,8671207.14,628.029,569.459,0.0,569.459,0.0,0.0,1.203,certain_cold
dronbreen-20220329-DAT_0238_A1_8,1255.0,542677.33,8671204.75,628.065,569.078,0.0,569.078,0.0,0.0,1.209,certain_cold
dronbreen-20220329-DAT_0238_A1_8,1260.0,542673.26,8671202.92,628.188,568.785,0.0,568.785,0.0,0.0,1.217,certain_cold
dronbreen-20220329-DAT_0238_A1_8,1265.0,542668.58,8671200.44,628.246,568.529,0.0,568.529,0.0,0.0,1.224,uncertain_cold
dronbreen-20220329-DAT_0238_A1_8,1270.0,542664.17,8671198.29,628.208,568.179,0.0,568.179,0.0,0.0,1.228,uncertain_cold
dronbreen-20220329-DAT_0238_A1_8,1275.0,542659.52,8671195.82,628.154,567.813,0.0,567.813,0.0,0.0,1.23,uncertain_cold
dronbreen-20220329-DAT_0238_A1_8,1280.0,542655.1,8671193.66,628.09,567.748,0.0,567.748,0.0,0.0,1.234,certain_cold
dronbreen-20220329-DAT_0238_A1_8,1285.0,542651.25,8671191.68,628.07,567.728,0.0,567.728,0.0,0.0,1.236,certain_cold
dronbreen-20220329-DAT_0238_A1_8,1290.0,542646.35,8671189.03,628.158,567.608,0.0,567.608,0.0,0.0,1.24,certain_cold
dronbreen-20220329-DAT_0238_A1_8,1295.0,542641.94,8671186.42,628.39,567.84,0.0,567.84,0.0,0.0,1.24,certain_cold
dronbreen-20220329-DAT_0238_A1_8,1300.0,542637.37,8671184.17,628.672,568.018,0.0,568.018,0.0,0.0,1.246,certain_cold
dronbreen-20220329-DAT_0238_A1_8,1305.0,542633.33,8671182.3,628.941,568.182,0.0,568.182,0.0,0.0,1.248,certain_cold
dronbreen-20220329-DAT_0238_A1_8,1310.0,542628.29,8671180.28,629.153,568.29,0.0,568.29,0.0,0.0,1.252,certain_cold
dronbreen-20220329-DAT_0238_A1_8,1315.0,542623.75,8671178.77,629.075,567.587,0.0,567.587,0.0,0.0,1.262,certain_cold
dronbreen-20220329-DAT_0238_A1_8,1320.0,542618.91,8671177.18,628.957,566.843,0.0,566.843,0.0,0.0,1.272,certain_cold
dronbreen-20220329-DAT_0238_A1_8,1325.0,542614.19,8671175.49,628.887,566.565,0.0,566.565,0.0,0.0,1.274,certain_cold
dronbreen-20220329-DAT_0238_A1_8,1330.0,542609.84,8671173.31,628.966,566.227,0.0,566.227,0.0,0.0,1.283,certain_cold
dronbreen-20220329-DAT_0238_A1_8,1335.0,542604.16,8671171.17,628.926,565.666,0.0,565.666,0.0,0.0,1.293,certain_cold
dronbreen-20220329-DAT_0238_A1_8,1340.0,542600.1,8671169.83,628.853,565.594,0.0,565.594,0.0,0.0,1.293,certain_cold
dronbreen-20220329-DAT_0238_A1_8,1345.0,542596.01,8671172.68,627.899,564.535,0.0,564.535,0.0,0.0,1.295,certain_cold
dronbreen-20220329-DAT_0238_A1_8,1350.0,542596.41,8671177.53,626.953,563.38,0.0,563.38,0.0,0.0,1.299,certain_cold
dronbreen-20220329-DAT_0238_A1_8,1355.0,542599.0,8671181.96,626.26,563.0,0.0,563.0,0.0,0.0,1.293,certain_cold
dronbreen-20220329-DAT_0238_A1_8,1360.0,542601.94,8671185.76,625.727,562.779,0.0,562.779,0.0,0.0,1.287,certain_cold
dronbreen-20220329-DAT_0238_A1_8,1365.0,542605.47,8671189.17,625.344,562.71,0.0,562.71,0.0,0.0,1.279,certain_cold
dronbreen-20220329-DAT_0238_A1_8,1370.0,542609.36,8671192.83,624.666,562.449,0.0,562.449,0.0,0.0,1.272,certain_cold
dronbreen-20220329-DAT_0238_A1_8,1375.0,542612.88,8671196.48,624.218,562.209,0.0,562.209,0.0,0.0,1.268,certain_cold
dronbreen-20220329-DAT_0238_A1_8,1380.0,542616.08,8671200.02,623.984,562.287,0.0,562.287,0.0,0.0,1.262,certain_cold
dronbreen-20220329-DAT_0238_A1_8,1385.0,542619.32,8671203.57,623.659,562.275,0.0,562.275,0.0,0.0,1.256,certain_cold
dronbreen-20220329-DAT_0238_A1_8,1390.0,542623.06,8671207.78,623.5,562.429,0.0,562.429,0.0,0.0,1.25,certain_cold
dronbreen-20220329-DAT_0238_A1_8,1395.0,542625.92,8671211.09,622.556,561.693,0.0,561.693,0.0,0.0,1.246,certain_cold
dronbreen-20220329-DAT_0238_A1_8,1400.0,542629.13,8671214.86,621.661,561.111,0.0,561.111,0.0,0.0,1.24,certain_cold
dronbreen-20220329-DAT_0238_A1_8,1405.0,542632.58,8671218.91,621.209,560.971,0.0,560.971,0.0,0.0,1.234,certain_cold
dronbreen-20220329-DAT_0238_A1_8,1410.0,542635.78,8671222.7,620.819,561.207,0.0,561.207,0.0,0.0,1.221,certain_cold
dronbreen-20220329-DAT_0238_A1_8,1415.0,542639.08,8671226.53,620.516,561.634,0.0,561.634,0.0,0.0,1.207,certain_cold
dronbreen-20220329-DAT_0238_A1_8,1420.0,542642.28,8671230.16,620.337,562.809,0.0,562.809,0.0,0.0,1.181,certain_cold
dronbreen-20220329-DAT_0238_A1_8,1425.0,542645.29,8671233.79,620.136,563.755,0.0,563.755,0.0,0.0,1.158,certain_cold
dronbreen-20220329-DAT_0238_A1_8,1430.0,542648.8,8671238.0,619.807,564.781,0.0,564.781,0.0,0.0,1.132,certain_cold
dronbreen-20220329-DAT_0238_A1_8,1435.0,542652.32,8671241.94,619.254,565.687,0.0,565.687,0.0,0.0,1.104,certain_cold
dronbreen-20220329-DAT_0238_A1_8,1440.0,542655.65,8671245.41,618.404,565.983,0.0,565.983,0.0,0.0,1.082,certain_cold
dronbreen-20220329-DAT_0238_A1_8,1445.0,542659.08,8671248.93,618.449,567.279,0.0,567.279,0.0,0.0,1.057,certain_cold
dronbreen-20220329-DAT_0238_A1_8,1450.0,542662.21,8671252.57,618.582,568.35,0.0,568.35,0.0,0.0,1.039,certain_cold
dronbreen-20220329-DAT_0238_A1_8,1455.0,542665.41,8671256.76,618.281,568.986,0.0,568.986,0.0,0.0,1.015,uncertain_cold
dronbreen-20220329-DAT_0238_A1_8,1460.0,542668.35,8671260.21,617.836,569.479,0.0,569.479,0.0,0.0,0.993,uncertain_temperate
dronbreen-20220329-DAT_0238_A1_8,1465.0,542671.6,8671263.72,617.381,570.067,0.0,570.067,0.0,0.0,0.983,uncertain_cold
dronbreen-20220329-DAT_0238_A1_8,1470.0,542674.85,8671267.48,616.849,570.055,0.0,570.055,0.0,0.0,0.961,uncertain_temperate
dronbreen-20220329-DAT_0238_A1_8,1475.0,542678.42,8671271.51,616.253,570.606,0.0,570.606,0.0,0.0,0.945,uncertain_cold
dronbreen-20220329-DAT_0238_A1_8,1485.0,542689.44,8671281.9,614.872,569.537,0.0,569.537,0.0,0.0,0.943,uncertain_cold
dronbreen-20220329-DAT_0238_A1_8,1500.0,542700.47,8671292.3,613.49,568.468,0.0,568.468,0.0,0.0,0.939,uncertain_cold
dronbreen-20220329-DAT_0238_A1_8,1510.0,542703.72,8671295.43,613.258,568.861,0.0,568.861,0.0,0.0,0.927,uncertain_cold
dronbreen-20220329-DAT_0238_A1_8,1515.0,542707.8,8671299.19,614.035,570.681,0.0,570.681,0.0,0.0,0.907,uncertain_cold
dronbreen-20220329-DAT_0238_A1_8,1520.0,542711.08,8671302.32,615.275,572.65,0.0,572.65,0.0,0.0,0.893,certain_cold
dronbreen-20220329-DAT_0238_A1_8,1525.0,542715.43,8671305.99,613.969,572.073,0.0,572.073,0.0,0.0,0.879,certain_cold
dronbreen-20220329-DAT_0238_A1_8,1530.0,542719.04,8671309.08,612.85,571.58,0.0,571.58,0.0,0.0,0.863,certain_cold
dronbreen-20220329-DAT_0238_A1_8,1535.0,542722.82,8671312.53,611.874,571.125,0.0,571.125,0.0,0.0,0.851,uncertain_cold
dronbreen-20220329-DAT_0238_A1_8,1540.0,542725.91,8671315.57,611.116,570.784,0.0,570.784,0.0,0.0,0.843,uncertain_cold
dronbreen-20220329-DAT_0238_A1_8,1545.0,542729.65,8671319.1,610.482,570.671,0.0,570.671,0.0,0.0,0.833,uncertain_cold
dronbreen-20220329-DAT_0238_A1_8,1550.0,542733.0,8671322.37,610.146,570.856,0.0,570.856,0.0,0.0,0.82,uncertain_temperate
dronbreen-20220329-DAT_0238_A1_8,1555.0,542736.85,8671326.21,610.319,571.55,0.0,571.55,0.0,0.0,0.808,uncertain_temperate
dronbreen-20220329-DAT_0238_A1_8,1560.0,542740.28,8671329.62,610.284,572.245,0.0,572.245,0.0,0.0,0.806,uncertain_cold
dronbreen-20220329-DAT_0238_A1_8,1565.0,542744.36,8671333.65,609.707,572.294,0.0,572.294,0.0,0.0,0.792,uncertain_cold
dronbreen-20220329-DAT_0238_A1_8,1570.0,542747.23,8671336.78,609.19,572.297,0.0,572.297,0.0,0.0,0.784,certain_cold
dronbreen-20220329-DAT_0238_A1_8,1575.0,542750.64,8671340.42,608.415,571.417,0.0,571.417,0.0,0.0,0.782,certain_cold
dronbreen-20220329-DAT_0238_A1_8,1580.0,542754.14,8671343.82,607.856,570.754,0.0,570.754,0.0,0.0,0.784,certain_cold
dronbreen-20220329-DAT_0238_A1_8,1585.0,542758.07,8671347.54,607.302,569.992,0.104,570.096,13.416,0.0,0.79,uncertain_cold
dronbreen-20220329-DAT_0238_A1_8,1590.0,542761.89,8671351.01,606.951,569.537,0.104,569.641,14.789,0.0,0.792,uncertain_cold
dronbreen-20220329-DAT_0238_A1_8,1595.0,542765.16,8671354.07,606.731,569.213,0.104,569.317,16.041,0.0,0.794,uncertain_cold
dronbreen-20220329-DAT_0238_A1_8,1600.0,542768.66,8671357.43,606.525,568.798,0.208,569.007,17.085,0.0,0.796,uncertain_cold
dronbreen-20220329-DAT_0238_A1_8,1605.0,542772.72,8671361.28,606.329,568.498,0.208,568.707,18.113,0.0,0.798,uncertain_cold
dronbreen-20220329-DAT_0238_A1_8,1610.0,542776.39,8671364.45,606.226,568.291,0.0,568.291,19.116,0.0,0.804,uncertain_cold
dronbreen-20220329-DAT_0238_A1_8,1615.0,542780.47,8671367.75,606.169,567.921,0.104,568.026,20.266,0.0,0.808,uncertain_cold
dronbreen-20220329-DAT_0238_A1_8,1620.0,542783.87,8671370.94,606.104,567.647,0.0,567.647,21.485,0.0,0.814,uncertain_cold
dronbreen-20220329-DAT_0238_A1_8,1625.0,542787.22,8671374.42,606.042,567.273,0.0,567.273,22.712,0.0,0.82,uncertain_cold
dronbreen-20220329-DAT_0238_A1_8,1630.0,542790.68,8671378.6,605.929,566.535,0.208,566.743,24.57,0.0,0.828,uncertain_cold
dronbreen-20220329-DAT_0238_A1_8,1635.0,542792.32,8671383.31,605.536,565.621,0.313,565.934,24.703,0.0,0.835,uncertain_cold
dronbreen-20220329-DAT_0238_A1_8,1640.0,542791.73,8671388.25,604.805,564.786,0.104,564.89,24.425,0.0,0.841,uncertain_cold
dronbreen-20220329-DAT_0238_A1_8,1645.0,542788.58,8671392.06,603.881,563.653,0.0,563.653,24.259,0.0,0.847,uncertain_cold
dronbreen-20220329-DAT_0238_A1_8,1650.0,542784.05,8671393.59,603.058,562.621,0.0,562.621,24.1,0.0,0.851,uncertain_cold
dronbreen-20220329-DAT_0238_A1_8,1655.0,542779.2,8671392.88,602.518,561.77,0.104,561.874,24.208,0.0,0.855,uncertain_cold
dronbreen-20220329-DAT_0238_A1_8,1660.0,542773.98,8671391.6,602.085,561.232,0.0,561.232,23.899,0.0,0.859,uncertain_cold
dronbreen-20220329-DAT_0238_A1_8,1665.0,542769.63,8671389.55,601.873,561.124,0.0,561.124,23.708,0.0,0.857,uncertain_cold
dronbreen-20220329-DAT_0238_A1_8,1670.0,542765.41,8671387.48,601.698,561.054,0.417,561.47,23.806,0.0,0.847,uncertain_temperate
dronbreen-20220329-DAT_0238_A1_8,1675.0,542760.8,8671385.22,601.516,561.913,0.0,561.913,22.94,0.0,0.835,uncertain_cold
dronbreen-20220329-DAT_0238_A1_8,1680.0,542756.22,8671383.22,601.32,562.656,0.0,562.656,22.413,0.0,0.818,uncertain_cold
dronbreen-20220329-DAT_0238_A1_8,1685.0,542750.91,8671381.0,601.162,563.54,0.208,563.748,20.942,0.0,0.794,uncertain_cold
dronbreen-20220329-DAT_0238_A1_8,1690.0,542746.74,8671379.38,601.082,563.981,0.417,564.397,19.688,0.0,0.78,uncertain_temperate
dronbreen-20220329-DAT_0238_A1_8,1695.0,542742.28,8671377.93,600.993,564.517,0.521,565.038,18.951,0.0,0.767,uncertain_temperate
dronbreen-20220329-DAT_0238_A1_8,1700.0,542737.46,8671376.6,601.029,565.178,0.73,565.908,17.709,0.0,0.751,uncertain_temperate
dronbreen-20220329-DAT_0238_A1_8,1705.0,542732.68,8671375.26,601.115,565.994,0.313,566.306,15.734,0.0,0.745,uncertain_cold
dronbreen-20220329-DAT_0238_A1_8,1710.0,542727.58,8671373.68,601.255,566.342,0.313,566.655,14.572,0.0,0.741,uncertain_cold
dronbreen-20220329-DAT_0238_A1_8,1715.0,542722.37,8671372.09,601.4,566.8,0.104,566.904,13.319,0.0,0.739,uncertain_cold
dronbreen-20220329-DAT_0238_A1_8,1720.0,542718.01,8671370.77,601.594,567.202,0.104,567.306,12.274,0.0,0.735,uncertain_cold
dronbreen-20220329-DAT_0238_A1_8,1725.0,542713.58,8671369.52,601.539,567.252,0.104,567.356,11.372,0.0,0.733,uncertain_cold
dronbreen-20220329-DAT_0238_A1_8,1730.0,542708.58,8671367.91,601.236,566.948,0.104,567.053,10.538,0.0,0.733,uncertain_cold
dronbreen-20220329-DAT_0238_A1_8,1735.0,542703.59,8671366.49,600.768,566.48,0.0,566.48,9.524,0.0,0.735,uncertain_cold
dronbreen-20220329-DAT_0238_A1_8,1740.0,542699.31,8671365.03,600.449,566.057,0.0,566.057,8.875,0.0,0.737,uncertain_cold
dronbreen-20220329-DAT_0238_A1_8,1745.0,542694.07,8671363.44,600.101,565.71,0.0,565.71,8.041,0.0,0.737,uncertain_cold
dronbreen-20220329-DAT_0238_A1_8,1750.0,542689.55,8671362.12,599.658,565.162,0.0,565.162,7.015,0.0,0.739,uncertain_cold
dronbreen-20220329-DAT_0238_A1_8,1755.0,542684.64,8671360.5,599.55,564.533,0.208,564.742,6.59,0.0,0.745,uncertain_cold
dronbreen-20220329-DAT_0238_A1_8,1760.0,542679.41,8671358.82,599.536,564.207,0.0,564.207,5.658,0.0,0.755,uncertain_cold
dronbreen-20220329-DAT_0238_A1_8,1765.0,542674.56,8671357.55,599.547,563.905,0.0,563.905,4.708,0.0,0.761,uncertain_cold
dronbreen-20220329-DAT_0238_A1_8,1770.0,542669.78,8671356.47,599.527,563.26,0.0,563.26,4.276,0.0,0.772,uncertain_cold
dronbreen-20220329-DAT_0238_A1_8,1775.0,542665.17,8671355.12,599.557,562.768,0.0,562.768,3.367,0.0,0.782,uncertain_cold
dronbreen-20220329-DAT_0238_A1_8,1780.0,542659.9,8671353.73,599.555,562.349,0.0,562.349,0.0,0.0,0.79,certain_cold
dronbreen-20220329-DAT_0238_A1_8,1785.0,542655.79,8671352.73,599.521,561.898,0.0,561.898,0.0,0.0,0.796,certain_cold
dronbreen-20220329-DAT_0238_A1_8,1790.0,542650.33,8671351.76,599.383,561.344,0.0,561.344,0.0,0.0,0.806,certain_cold
dronbreen-20220329-DAT_0238_A1_8,1795.0,542645.44,8671350.86,599.246,560.894,0.0,560.894,0.0,0.0,0.812,certain_cold
dronbreen-20220329-DAT_0238_A1_8,1800.0,542640.79,8671350.09,599.107,560.547,0.0,560.547,0.0,0.0,0.816,certain_cold
dronbreen-20220329-DAT_0238_A1_8,1805.0,542635.6,8671349.1,598.995,560.226,0.0,560.226,0.0,0.0,0.82,certain_cold
dronbreen-20220329-DAT_0238_A1_8,1810.0,542630.59,8671348.28,598.855,559.877,0.0,559.877,0.0,0.0,0.826,certain_cold
dronbreen-20220329-DAT_0238_A1_8,1815.0,542625.38,8671347.61,598.638,559.452,0.0,559.452,0.0,0.0,0.829,certain_cold
dronbreen-20220329-DAT_0238_A1_8,1820.0,542621.03,8671347.26,598.339,559.049,0.0,559.049,0.0,0.0,0.831,certain_cold
dronbreen-20220329-DAT_0238_A1_8,1825.0,542615.65,8671346.81,597.961,558.463,0.0,558.463,0.0,0.0,0.837,certain_cold
dronbreen-20220329-DAT_0238_A1_8,1830.0,542611.16,8671346.23,597.73,557.815,0.0,557.815,0.0,0.0,0.843,certain_cold
dronbreen-20220329-DAT_0238_A1_8,1835.0,542606.61,8671345.16,597.367,557.035,0.0,557.035,0.0,0.0,0.853,certain_cold
dronbreen-20220329-DAT_0238_A1_8,1840.0,542601.52,8671344.07,596.582,555.729,0.0,555.729,0.0,0.0,0.861,certain_cold
dronbreen-20220329-DAT_0238_A1_8,1845.0,542595.9,8671342.96,595.967,554.593,0.0,554.593,0.0,0.0,0.877,certain_cold
dronbreen-20220329-DAT_0238_A1_8,1850.0,542591.27,8671342.02,596.188,553.355,0.0,553.355,0.0,0.0,0.897,certain_cold
dronbreen-20220329-DAT_0238_A1_8,1855.0,542587.05,8671340.82,596.475,552.599,0.0,552.599,0.0,0.0,0.917,certain_cold
dronbreen-20220329-DAT_0238_A1_8,1860.0,542581.49,8671339.34,596.785,551.555,0.0,551.555,0.0,0.0,0.943,uncertain_cold
dronbreen-20220329-DAT_0238_A1_8,1865.0,542576.98,8671338.08,596.982,550.814,0.0,550.814,0.0,0.0,0.963,certain_cold
dronbreen-20220329-DAT_0238_A1_8,1870.0,542571.91,8671336.87,596.952,549.429,0.0,549.429,0.0,0.0,0.987,certain_cold
dronbreen-20220329-DAT_0238_A1_8,1875.0,542567.41,8671335.64,596.94,547.958,0.0,547.958,0.0,0.0,1.015,certain_cold
dronbreen-20220329-DAT_0238_A1_8,1880.0,542562.88,8671334.41,596.944,546.503,0.0,546.503,0.0,0.0,1.041,uncertain_cold
dronbreen-20220329-DAT_0238_A1_8,1885.0,542557.89,8671332.64,597.056,545.052,0.0,545.052,0.0,0.0,1.071,certain_cold
dronbreen-20220329-DAT_0238_A1_8,1890.0,542553.25,8671331.25,597.071,543.816,0.0,543.816,0.0,0.0,1.098,certain_cold
dronbreen-20220329-DAT_0238_A1_8,1895.0,542548.19,8671329.77,597.021,541.995,0.0,541.995,0.0,0.0,1.128,certain_cold
dronbreen-20220329-DAT_0238_A1_8,1900.0,542542.97,8671328.41,596.653,540.168,0.0,540.168,0.0,0.0,1.161,certain_cold
dronbreen-20220329-DAT_0238_A1_8,1905.0,542538.6,8671327.41,595.805,537.965,0.0,537.965,0.0,0.0,1.185,certain_cold
dronbreen-20220329-DAT_0238_A1_8,1910.0,542534.0,8671326.67,595.28,535.877,0.0,535.877,0.0,0.0,1.217,certain_cold
dronbreen-20220329-DAT_0238_A1_8,1915.0,542528.86,8671325.77,594.834,534.076,0.0,534.076,0.0,0.0,1.242,certain_cold
dronbreen-20220329-DAT_0238_A1_8,1920.0,542523.61,8671325.1,594.325,532.941,0.0,532.941,0.0,0.0,1.254,certain_cold
dronbreen-20220329-DAT_0238_A1_8,1925.0,542518.53,8671324.51,593.833,531.824,0.0,531.824,0.0,0.0,1.266,certain_cold
dronbreen-20220329-DAT_0238_A1_8,1930.0,542513.68,8671324.12,593.311,530.363,0.0,530.363,0.0,0.0,1.285,certain_cold
dronbreen-20220329-DAT_0238_A1_8,1935.0,542508.17,8671323.56,592.724,528.943,0.0,528.943,0.0,0.0,1.301,certain_cold
dronbreen-20220329-DAT_0238_A1_8,1940.0,542504.24,8671323.19,592.303,528.209,0.0,528.209,0.0,0.0,1.309,certain_cold
dronbreen-20220329-DAT_0238_A1_8,1945.0,542498.55,8671322.53,591.756,527.246,0.0,527.246,0.0,0.0,1.317,certain_cold
dronbreen-20220329-DAT_0238_A1_8,1950.0,542494.26,8671322.19,591.323,526.292,0.0,526.292,0.0,0.0,1.321,uncertain_cold
dronbreen-20220329-DAT_0238_A1_8,1955.0,542488.57,8671321.89,590.719,525.688,0.0,525.688,0.0,0.0,1.327,uncertain_cold
dronbreen-20220329-DAT_0238_A1_8,1960.0,542484.16,8671321.81,590.258,525.122,0.0,525.122,0.0,0.0,1.327,uncertain_cold
dronbreen-20220329-DAT_0238_A1_8,1965.0,542478.9,8671322.51,589.647,524.512,0.0,524.512,0.0,0.0,1.327,uncertain_cold
dronbreen-20220329-DAT_0238_A1_8,1970.0,542474.44,8671324.54,588.962,523.93,0.0,523.93,0.0,0.0,1.325,uncertain_cold
dronbreen-20220329-DAT_0238_A1_8,1975.0,542472.14,8671329.19,588.14,523.109,0.0,523.109,0.0,0.0,1.325,certain_cold
dronbreen-20220329-DAT_0238_A1_8,1980.0,542472.51,8671334.35,587.5,522.572,0.0,522.572,0.0,0.0,1.323,certain_cold
dronbreen-20220329-DAT_0238_A1_8,1985.0,542474.7,8671338.2,587.184,522.361,0.0,522.361,0.0,0.0,1.323,certain_cold
dronbreen-20220329-DAT_0238_A1_8,1990.0,542477.69,8671342.12,586.957,522.238,0.0,522.238,0.0,0.0,1.321,certain_cold
dronbreen-20220329-DAT_0238_A1_8,1995.0,542481.13,8671346.65,586.711,521.993,0.0,521.993,0.0,0.0,1.321,uncertain_cold
dronbreen-20220329-DAT_0238_A1_8,2000.0,542484.0,8671350.59,586.51,521.895,0.0,521.895,0.0,0.0,1.319,uncertain_cold
dronbreen-20220329-DAT_0238_A1_8,2005.0,542486.44,8671354.14,586.311,521.801,0.0,521.801,0.0,0.0,1.317,uncertain_cold
dronbreen-20220329-DAT_0238_A1_8,2010.0,542489.49,8671358.95,585.939,521.949,0.0,521.949,0.0,0.0,1.307,certain_cold
dronbreen-20220329-DAT_0238_A1_8,2015.0,542491.88,8671362.62,585.608,521.932,0.0,521.932,0.0,0.0,1.301,certain_cold
dronbreen-20220329-DAT_0238_A1_8,2020.0,542494.86,8671367.31,585.151,521.787,0.0,521.787,0.0,0.0,1.295,certain_cold
dronbreen-20220329-DAT_0238_A1_8,2025.0,542497.6,8671371.74,584.707,521.655,0.0,521.655,0.0,0.0,1.289,certain_cold
dronbreen-20220329-DAT_0238_A1_8,2030.0,542500.2,8671376.04,584.232,521.702,0.0,521.702,0.0,0.0,1.281,certain_cold
dronbreen-20220329-DAT_0238_A1_8,2035.0,542502.83,8671380.46,583.701,521.796,0.0,521.796,0.0,0.0,1.266,certain_cold
dronbreen-20220329-DAT_0238_A1_8,2040.0,542505.47,8671384.76,583.169,521.786,0.0,521.786,0.0,0.0,1.256,certain_cold
dronbreen-20220329-DAT_0238_A1_8,2045.0,542508.06,8671388.57,582.768,521.697,0.0,521.697,0.0,0.0,1.248,uncertain_cold
dronbreen-20220329-DAT_0238_A1_8,2050.0,542510.74,8671392.38,582.6,522.362,0.0,522.362,0.0,0.0,1.232,uncertain_cold
dronbreen-20220329-DAT_0238_A1_8,2055.0,542513.98,8671397.13,583.579,524.488,0.0,524.488,0.0,0.0,1.211,certain_cold
dronbreen-20220329-DAT_0238_A1_8,2060.0,542516.9,8671401.01,583.391,525.134,0.0,525.134,0.0,0.0,1.191,certain_cold
dronbreen-20220329-DAT_0238_A1_8,2065.0,542519.78,8671405.04,582.778,525.771,0.0,525.771,0.0,0.0,1.171,certain_cold
dronbreen-20220329-DAT_0238_A1_8,2070.0,542522.6,8671408.86,581.946,526.19,0.0,526.19,0.0,0.0,1.144,certain_cold
dronbreen-20220329-DAT_0238_A1_8,2075.0,542525.82,8671413.14,580.906,526.4,0.0,526.4,0.0,0.0,1.12,certain_cold
dronbreen-20220329-DAT_0238_A1_8,2080.0,542528.24,8671416.5,579.95,526.278,0.0,526.278,0.0,0.0,1.104,certain_cold
dronbreen-20220329-DAT_0238_A1_8,2085.0,542531.55,8671421.13,578.565,526.561,0.0,526.561,0.0,0.0,1.073,certain_cold
dronbreen-20220329-DAT_0238_A1_8,2090.0,542533.97,8671424.56,577.574,526.507,0.0,526.507,0.0,0.0,1.053,certain_cold
dronbreen-20220329-DAT_0238_A1_8,2095.0,542537.01,8671428.87,576.59,526.774,0.0,526.774,0.0,0.0,1.031,certain_cold
dronbreen-20220329-DAT_0238_A1_8,2100.0,542540.26,8671433.32,575.732,527.271,0.0,527.271,0.0,0.0,1.015,certain_cold
dronbreen-20220329-DAT_0238_A1_8,2105.0,542543.27,8671437.32,575.222,527.386,0.0,527.386,0.0,0.0,1.001,uncertain_cold
dronbreen-20220329-DAT_0238_A1_8,2110.0,542546.17,8671441.09,574.877,527.771,0.0,527.771,0.0,0.0,0.983,certain_cold
dronbreen-20220329-DAT_0238_A1_8,2115.0,542549.27,8671445.02,574.527,528.463,0.0,528.463,0.0,0.0,0.961,certain_cold
dronbreen-20220329-DAT_0238_A1_8,2120.0,542551.97,8671448.58,574.172,528.525,0.0,528.525,0.0,0.0,0.955,certain_cold
dronbreen-20220329-DAT_0238_A1_8,2125.0,542554.96,8671452.86,573.652,528.422,0.0,528.422,0.0,0.0,0.945,certain_cold
dronbreen-20220329-DAT_0238_A1_8,2130.0,542558.13,8671457.33,573.102,528.185,0.0,528.185,0.0,0.0,0.941,certain_cold
dronbreen-20220329-DAT_0238_A1_8,2135.0,542560.84,8671461.03,572.61,527.797,0.0,527.797,0.0,0.0,0.935,certain_cold
dronbreen-20220329-DAT_0238_A1_8,2140.0,542563.66,8671464.89,572.079,527.579,0.0,527.579,0.0,0.0,0.929,certain_cold
dronbreen-20220329-DAT_0238_A1_8,2145.0,542566.9,8671469.47,571.385,527.093,0.0,527.093,0.0,0.0,0.925,certain_cold
dronbreen-20220329-DAT_0238_A1_8,2150.0,542569.7,8671473.52,570.785,526.909,0.0,526.909,0.0,0.0,0.917,certain_cold
dronbreen-20220329-DAT_0238_A1_8,2155.0,542572.58,8671477.76,570.207,526.645,0.0,526.645,0.0,0.0,0.911,certain_cold
dronbreen-20220329-DAT_0238_A1_8,2160.0,542574.97,8671481.41,569.713,526.463,0.0,526.463,0.0,0.0,0.905,certain_cold
dronbreen-20220329-DAT_0238_A1_8,2165.0,542578.04,8671486.25,569.045,526.212,0.0,526.212,0.0,0.0,0.887,uncertain_temperate
dronbreen-20220329-DAT_0238_A1_8,2170.0,542580.74,8671490.12,568.505,526.922,0.0,526.922,0.0,0.0,0.873,uncertain_cold
dronbreen-20220329-DAT_0238_A1_8,2175.0,542583.59,8671494.43,567.899,526.837,0.0,526.837,0.0,0.0,0.863,uncertain_cold
dronbreen-20220329-DAT_0238_A1_8,2180.0,542586.14,8671498.23,567.402,527.278,0.0,527.278,0.0,0.0,0.845,uncertain_cold
dronbreen-20220329-DAT_0238_A1_8,2185.0,542589.07,8671502.54,566.942,527.757,0.0,527.757,0.0,0.0,0.828,uncertain_cold
dronbreen-20220329-DAT_0238_A1_8,2190.0,542591.67,8671506.41,566.535,526.099,0.0,526.099,0.0,0.0,0.851,uncertain_cold
dronbreen-20220329-DAT_0238_A1_8,2195.0,542594.32,8671510.28,566.101,524.727,0.0,524.727,0.0,0.0,0.869,uncertain_cold
dronbreen-20220329-DAT_0238_A1_8,2200.0,542597.17,8671514.4,565.599,522.766,0.0,522.766,0.0,0.0,0.897,uncertain_cold
dronbreen-20220329-DAT_0238_A1_8,2205.0,542600.45,8671519.25,565.021,520.416,0.0,520.416,0.0,0.0,0.931,uncertain_cold
dronbreen-20220329-DAT_0238_A1_8,2210.0,542603.17,8671523.15,564.615,519.385,0.0,519.385,0.0,0.0,0.943,certain_cold
dronbreen-20220329-DAT_0238_A1_8,2215.0,542606.3,8671527.71,564.186,518.643,0.0,518.643,0.0,0.0,0.949,certain_cold
dronbreen-20220329-DAT_0238_A1_8,2220.0,542608.49,8671531.13,563.702,517.846,0.0,517.846,0.0,0.0,0.955,certain_cold
dronbreen-20220329-DAT_0238_A1_8,2225.0,542611.72,8671535.86,563.138,516.762,0.0,516.762,0.0,0.0,0.965,certain_cold
dronbreen-20220329-DAT_0238_A1_8,2230.0,542614.76,8671540.08,562.703,516.013,0.0,516.013,0.0,0.0,0.971,certain_cold
dronbreen-20220329-DAT_0238_A1_8,2235.0,542617.47,8671543.89,562.612,515.715,0.0,515.715,0.0,0.0,0.975,certain_cold
dronbreen-20220329-DAT_0238_A1_8,2240.0,542620.53,8671548.32,563.186,515.871,0.0,515.871,0.0,0.0,0.983,certain_cold
dronbreen-20220329-DAT_0238_A1_8,2245.0,542622.88,8671551.69,562.979,515.352,0.0,515.352,0.0,0.0,0.989,certain_cold
dronbreen-20220329-DAT_0238_A1_8,2250.0,542625.66,8671555.59,562.625,514.789,0.0,514.789,0.0,0.0,0.989,certain_cold
dronbreen-20220329-DAT_0238_A1_8,2255.0,542628.98,8671560.35,562.192,513.94,0.0,513.94,0.0,0.0,0.999,uncertain_cold
dronbreen-20220329-DAT_0238_A1_8,2260.0,542631.5,8671564.12,561.976,513.515,0.0,513.515,0.0,0.0,0.999,uncertain_cold
dronbreen-20220329-DAT_0238_A1_8,2265.0,542634.27,8671568.24,561.774,514.043,0.0,514.043,0.0,0.0,0.991,uncertain_cold
dronbreen-20220329-DAT_0238_A1_8,2270.0,542636.92,8671572.23,561.427,514.425,0.0,514.425,0.0,0.0,0.977,uncertain_cold
dronbreen-20220329-DAT_0238_A1_8,2275.0,542640.34,8671576.99,560.942,515.399,0.0,515.399,0.0,0.0,0.957,uncertain_cold
dronbreen-20220329-DAT_0238_A1_8,2280.0,542643.1,8671580.86,560.511,516.115,0.0,516.115,0.0,0.0,0.933,uncertain_cold
dronbreen-20220329-DAT_0238_A1_8,2285.0,542645.6,8671584.51,560.103,516.853,0.0,516.853,0.0,0.0,0.905,uncertain_cold
dronbreen-20220329-DAT_0238_A1_8,2290.0,542649.06,8671589.36,559.595,518.95,0.0,518.95,0.0,0.0,0.863,certain_cold
dronbreen-20220329-DAT_0238_A1_8,2295.0,542651.9,8671593.18,559.253,519.963,0.0,519.963,0.0,0.0,0.829,certain_cold
dronbreen-20220329-DAT_0238_A1_8,2300.0,542654.3,8671596.79,558.953,521.122,0.0,521.122,0.0,0.0,0.802,certain_cold
dronbreen-20220329-DAT_0238_A1_8,2305.0,542656.38,8671601.44,558.475,522.416,0.0,522.416,0.0,0.0,0.769,certain_cold
dronbreen-20220329-DAT_0238_A1_8,2310.0,542656.22,8671606.42,557.66,522.956,0.0,522.956,0.0,0.0,0.743,uncertain_cold
dronbreen-20220329-DAT_0238_A1_8,2315.0,542653.28,8671610.99,556.568,523.427,0.0,523.427,0.0,0.0,0.714,uncertain_cold
dronbreen-20220329-DAT_0238_A1_8,2320.0,542648.62,8671613.17,555.782,522.329,0.0,522.329,0.0,0.0,0.72,uncertain_cold
dronbreen-20220329-DAT_0238_A1_8,2325.0,542643.93,8671612.9,555.497,521.418,0.0,521.418,0.0,0.0,0.732,certain_cold
dronbreen-20220329-DAT_0238_A1_8,2330.0,542639.01,8671611.66,555.395,519.649,0.0,519.649,0.0,0.0,0.763,uncertain_cold
dronbreen-20220329-DAT_0238_A1_8,2335.0,542633.95,8671609.73,555.291,516.939,0.0,516.939,0.0,0.0,0.822,uncertain_cold
dronbreen-20220329-DAT_0238_A1_8,2340.0,542630.29,8671608.12,555.148,515.962,0.0,515.962,0.0,0.0,0.829,uncertain_cold
dronbreen-20220329-DAT_0238_A1_8,2345.0,542625.83,8671606.03,554.955,514.31,0.0,514.31,0.0,0.0,0.863,uncertain_cold
dronbreen-20220329-DAT_0238_A1_8,2350.0,542620.35,8671603.53,554.688,512.167,0.0,512.167,0.0,0.0,0.891,uncertain_cold
dronbreen-20220329-DAT_0238_A1_8,2355.0,542615.89,8671601.34,554.49,510.615,0.0,510.615,0.0,0.0,0.917,uncertain_cold
dronbreen-20220329-DAT_0238_A1_8,2360.0,542611.74,8671599.25,554.385,509.364,0.0,509.364,0.0,0.0,0.947,uncertain_cold
dronbreen-20220329-DAT_0238_A1_8,2365.0,542607.15,8671597.16,554.293,507.708,0.0,507.708,0.0,0.0,0.971,certain_cold
dronbreen-20220329-DAT_0238_A1_8,2370.0,542602.36,8671594.96,554.183,506.556,0.0,506.556,0.0,0.0,0.989,uncertain_cold
dronbreen-20220329-DAT_0238_A1_8,2375.0,542598.36,8671593.16,554.099,505.951,0.0,505.951,0.0,0.0,0.999,uncertain_cold
dronbreen-20220329-DAT_0238_A1_8,2380.0,542593.35,8671591.14,554.22,505.655,0.0,505.655,0.0,0.0,1.007,uncertain_cold
dronbreen-20220329-DAT_0238_A1_8,2385.0,542588.9,8671589.44,554.511,505.842,0.0,505.842,0.0,0.0,1.009,uncertain_cold
dronbreen-20220329-DAT_0238_A1_8,2390.0,542583.72,8671587.54,554.912,506.243,0.0,506.243,0.0,0.0,1.009,uncertain_cold
dronbreen-20220329-DAT_0238_A1_8,2395.0,542579.38,8671586.01,554.036,505.262,0.0,505.262,0.0,0.0,1.011,uncertain_cold
dronbreen-20220329-DAT_0238_A1_8,2400.0,542574.27,8671584.25,552.742,504.072,0.0,504.072,0.0,0.0,1.009,certain_cold
dronbreen-20220329-DAT_0238_A1_8,2405.0,542570.07,8671582.77,552.627,503.958,0.0,503.958,0.0,0.0,1.007,certain_cold
dronbreen-20220329-DAT_0238_A1_8,2410.0,542564.88,8671580.99,552.511,503.737,0.0,503.737,0.0,0.0,1.011,certain_cold
dronbreen-20220329-DAT_0238_A1_8,2415.0,542560.81,8671579.45,552.457,503.579,0.0,503.579,0.0,0.0,1.013,uncertain_cold
dronbreen-20220329-DAT_0238_A1_8,2420.0,542555.72,8671577.58,552.366,503.384,0.0,503.384,0.0,0.0,1.015,uncertain_cold
dronbreen-20220329-DAT_0238_A1_8,2425.0,542551.41,8671576.04,552.291,503.309,0.0,503.309,0.0,0.0,1.015,uncertain_cold
dronbreen-20220329-DAT_0238_A1_8,2430.0,542546.59,8671574.27,552.241,503.154,0.0,503.154,0.0,0.0,1.017,uncertain_cold
dronbreen-20220329-DAT_0238_A1_8,2435.0,542541.65,8671572.38,552.227,503.036,0.0,503.036,0.0,0.0,1.019,uncertain_cold
dronbreen-20220329-DAT_0238_A1_8,2440.0,542536.89,8671570.55,552.274,502.875,0.0,502.875,0.0,0.0,1.023,uncertain_cold
dronbreen-20220329-DAT_0238_A1_8,2445.0,542532.11,8671568.91,552.301,502.694,0.0,502.694,0.0,0.0,1.027,uncertain_cold
dronbreen-20220329-DAT_0238_A1_8,2450.0,542528.08,8671567.44,552.297,502.585,0.0,502.585,0.0,0.0,1.029,uncertain_cold
dronbreen-20220329-DAT_0238_A1_8,2455.0,542523.38,8671565.66,552.274,502.354,0.0,502.354,0.0,0.0,1.033,uncertain_cold
dronbreen-20220329-DAT_0238_A1_8,2460.0,542518.56,8671563.96,552.253,502.125,0.0,502.125,0.0,0.0,1.037,uncertain_cold
dronbreen-20220329-DAT_0238_A1_8,2465.0,542513.8,8671562.1,552.303,501.966,0.0,501.966,0.0,0.0,1.041,uncertain_cold
dronbreen-20220329-DAT_0238_A1_8,2470.0,542508.78,8671559.68,552.5,501.955,0.0,501.955,0.0,0.0,1.045,certain_cold
dronbreen-20220329-DAT_0238_A1_8,2475.0,542504.78,8671557.81,552.675,501.921,0.0,501.921,0.0,0.0,1.049,certain_cold
dronbreen-20220329-DAT_0238_A1_8,2480.0,542500.71,8671555.83,552.895,501.933,0.0,501.933,0.0,0.0,1.053,certain_cold
dronbreen-20220329-DAT_0238_A1_8,2485.0,542495.96,8671553.44,553.166,502.099,0.0,502.099,0.0,0.0,1.055,certain_cold
dronbreen-20220329-DAT_0238_A1_8,2490.0,542491.46,8671551.23,553.399,502.125,0.0,502.125,0.0,0.0,1.059,certain_cold
dronbreen-20220329-DAT_0238_A1_8,2495.0,542486.9,8671549.09,553.618,502.031,0.0,502.031,0.0,0.0,1.065,certain_cold
dronbreen-20220329-DAT_0238_A1_8,2500.0,542482.62,8671547.25,553.801,501.693,0.0,501.693,0.0,0.0,1.075,uncertain_cold
dronbreen-20220329-DAT_0238_A1_8,2505.0,542477.87,8671545.55,553.971,501.238,0.0,501.238,0.0,0.0,1.088,uncertain_cold
dronbreen-20220329-DAT_0238_A1_8,2510.0,542472.91,8671543.55,554.195,501.149,0.0,501.149,0.0,0.0,1.094,uncertain_cold
dronbreen-20220329-DAT_0238_A1_8,2515.0,542468.04,8671541.69,554.405,500.629,0.0,500.629,0.0,0.0,1.108,certain_cold
dronbreen-20220329-DAT_0238_A1_8,2520.0,542463.88,8671540.09,554.59,500.293,0.0,500.293,0.0,0.0,1.118,certain_cold
dronbreen-20220329-DAT_0238_A1_8,2525.0,542458.26,8671537.92,554.855,500.453,0.0,500.453,0.0,0.0,1.12,certain_cold
dronbreen-20220329-DAT_0238_A1_8,2530.0,542453.96,8671536.55,554.953,500.447,0.0,500.447,0.0,0.0,1.122,certain_cold
dronbreen-20220329-DAT_0238_A1_8,2535.0,542449.28,8671534.97,554.907,500.193,0.0,500.193,0.0,0.0,1.126,certain_cold
dronbreen-20220329-DAT_0238_A1_8,2540.0,542444.37,8671533.2,554.769,499.951,0.0,499.951,0.0,0.0,1.128,certain_cold
dronbreen-20220329-DAT_0238_A1_8,2545.0,542439.3,8671531.12,554.223,499.196,0.0,499.196,0.0,0.0,1.13,certain_cold
dronbreen-20220329-DAT_0238_A1_8,2550.0,542434.68,8671529.36,553.614,498.379,0.0,498.379,0.0,0.0,1.134,certain_cold
dronbreen-20220329-DAT_0238_A1_8,2555.0,542430.16,8671527.73,553.304,497.86,0.0,497.86,0.0,0.0,1.14,certain_cold
dronbreen-20220329-DAT_0238_A1_8,2560.0,542425.33,8671526.09,553.411,497.968,0.0,497.968,0.0,0.0,1.14,certain_cold
dronbreen-20220329-DAT_0238_A1_8,2565.0,542420.87,8671524.55,552.796,497.144,0.0,497.144,0.0,0.0,1.144,certain_cold
dronbreen-20220329-DAT_0238_A1_8,2570.0,542416.46,8671523.02,552.865,497.109,0.0,497.109,0.0,0.0,1.146,certain_cold
dronbreen-20220329-DAT_0238_A1_8,2575.0,542411.65,8671521.38,553.119,497.259,0.0,497.259,0.0,0.0,1.148,uncertain_cold
dronbreen-20220329-DAT_0238_A1_8,2580.0,542406.8,8671520.05,553.307,497.551,0.0,497.551,0.0,0.0,1.146,uncertain_cold
dronbreen-20220329-DAT_0238_A1_8,2585.0,542402.21,8671518.82,553.415,497.763,0.0,497.763,0.0,0.0,1.144,uncertain_cold
dronbreen-20220329-DAT_0238_A1_8,2590.0,542396.94,8671517.19,553.567,498.124,0.0,498.124,0.0,0.0,1.138,uncertain_cold
dronbreen-20220329-DAT_0238_A1_8,2595.0,542392.13,8671515.8,553.638,498.403,0.0,498.403,0.0,0.0,1.132,certain_cold
dronbreen-20220329-DAT_0238_A1_8,2600.0,542387.37,8671514.29,553.754,498.624,0.0,498.624,0.0,0.0,1.128,certain_cold
dronbreen-20220329-DAT_0238_A1_8,2605.0,542382.69,8671513.02,553.844,499.026,0.0,499.026,0.0,0.0,1.124,certain_cold
dronbreen-20220329-DAT_0238_A1_8,2610.0,542378.23,8671511.29,554.185,499.679,0.0,499.679,0.0,0.0,1.12,certain_cold
dronbreen-20220329-DAT_0238_A1_8,2615.0,542373.52,8671509.57,554.528,500.231,0.0,500.231,0.0,0.0,1.118,certain_cold
dronbreen-20220329-DAT_0238_A1_8,2620.0,542368.83,8671507.56,554.883,500.69,0.0,500.69,0.0,0.0,1.116,certain_cold
dronbreen-20220329-DAT_0238_A1_8,2625.0,542364.41,8671506.03,555.049,501.273,0.0,501.273,0.0,0.0,1.112,certain_cold
dronbreen-20220329-DAT_0238_A1_8,2630.0,542359.18,8671505.46,555.035,501.468,0.0,501.468,0.0,0.0,1.106,uncertain_cold
dronbreen-20220329-DAT_0238_A1_8,2635.0,542355.58,8671508.91,554.321,501.17,0.0,501.17,0.0,0.0,1.096,certain_cold
dronbreen-20220329-DAT_0238_A1_8,2640.0,542355.33,8671513.65,553.276,500.334,0.0,500.334,0.0,0.0,1.092,certain_cold
dronbreen-20220329-DAT_0238_A1_8,2645.0,542357.36,8671518.55,552.299,499.044,0.0,499.044,0.0,0.0,1.098,certain_cold
dronbreen-20220329-DAT_0238_A1_8,2650.0,542360.87,8671522.82,551.672,498.209,0.0,498.209,0.0,0.0,1.102,certain_cold
dronbreen-20220329-DAT_0238_A1_8,2655.0,542363.6,8671525.94,551.238,497.671,0.0,497.671,0.0,0.0,1.104,certain_cold
dronbreen-20220329-DAT_0238_A1_8,2660.0,542366.79,8671529.64,550.728,497.056,0.0,497.056,0.0,0.0,1.106,certain_cold
dronbreen-20220329-DAT_0238_A1_8,2665.0,542370.25,8671533.23,550.095,496.215,0.0,496.215,0.0,0.0,1.11,certain_cold
dronbreen-20220329-DAT_0238_A1_8,2670.0,542373.71,8671536.93,549.345,495.361,0.0,495.361,0.0,0.0,1.112,certain_cold
dronbreen-20220329-DAT_0238_A1_8,2675.0,542377.22,8671540.58,548.738,494.545,0.0,494.545,0.0,0.0,1.116,certain_cold
dronbreen-20220329-DAT_0238_A1_8,2680.0,542381.1,8671544.42,548.43,494.029,0.0,494.029,0.0,0.0,1.116,certain_cold
dronbreen-20220329-DAT_0238_A1_8,2685.0,542384.51,8671547.76,548.351,493.845,0.0,493.845,0.0,0.0,1.116,certain_cold
dronbreen-20220329-DAT_0238_A1_8,2690.0,542388.27,8671551.53,548.73,494.224,0.0,494.224,0.0,0.0,1.118,certain_cold
dronbreen-20220329-DAT_0238_A1_8,2695.0,542391.2,8671554.6,549.114,494.608,0.0,494.608,0.0,0.0,1.122,certain_cold
dronbreen-20220329-DAT_0238_A1_8,2700.0,542395.13,8671558.7,549.434,495.033,0.0,495.033,0.0,0.0,1.118,certain_cold
dronbreen-20220329-DAT_0238_A1_8,2705.0,542398.12,8671561.77,549.334,494.932,0.0,494.932,0.0,0.0,1.118,certain_cold
dronbreen-20220329-DAT_0238_A1_8,2710.0,542402.29,8671565.84,549.018,494.721,0.0,494.721,0.0,0.0,1.118,certain_cold
dronbreen-20220329-DAT_0238_A1_8,2715.0,542405.51,8671569.01,548.604,494.411,0.0,494.411,0.0,0.0,1.116,certain_cold
dronbreen-20220329-DAT_0238_A1_8,2720.0,542409.43,8671572.95,548.017,493.824,0.0,493.824,0.0,0.0,1.116,certain_cold
dronbreen-20220329-DAT_0238_A1_8,2725.0,542412.44,8671575.99,547.541,493.452,0.0,493.452,0.0,0.0,1.114,certain_cold
dronbreen-20220329-DAT_0238_A1_8,2730.0,542416.66,8671580.22,546.89,492.906,0.0,492.906,0.0,0.0,1.112,certain_cold
dronbreen-20220329-DAT_0238_A1_8,2735.0,542419.77,8671583.23,546.457,492.577,0.0,492.577,0.0,0.0,1.11,certain_cold
dronbreen-20220329-DAT_0238_A1_8,2740.0,542423.05,8671586.5,546.016,492.24,0.0,492.24,0.0,0.0,1.106,uncertain_cold
dronbreen-20220329-DAT_0238_A1_8,2745.0,542426.7,8671590.34,545.492,491.924,0.0,491.924,0.0,0.0,1.104,uncertain_cold
dronbreen-20220329-DAT_0238_A1_8,2750.0,542430.24,8671594.04,544.986,491.627,0.0,491.627,0.0,0.0,1.1,uncertain_cold
dronbreen-20220329-DAT_0238_A1_8,2755.0,542433.45,8671597.33,544.53,491.484,0.0,491.484,0.0,0.0,1.096,uncertain_cold
dronbreen-20220329-DAT_0238_A1_8,2760.0,542436.93,8671600.9,544.039,491.201,0.0,491.201,0.0,0.0,1.09,uncertain_cold
dronbreen-20220329-DAT_0238_A1_8,2765.0,542440.65,8671604.92,543.491,490.965,0.0,490.965,0.0,0.0,1.086,uncertain_cold
dronbreen-20220329-DAT_0238_A1_8,2770.0,542444.22,8671608.57,542.948,490.735,0.0,490.735,0.0,0.0,1.082,certain_cold
dronbreen-20220329-DAT_0238_A1_8,2775.0,542447.89,8671612.57,542.327,490.427,0.0,490.427,0.0,0.0,1.071,certain_cold
dronbreen-20220329-DAT_0238_A1_8,2780.0,542451.0,8671615.96,541.859,490.48,0.0,490.48,0.0,0.0,1.061,certain_cold
dronbreen-20220329-DAT_0238_A1_8,2785.0,542454.45,8671619.69,541.363,490.193,0.0,490.193,0.0,0.0,1.057,uncertain_cold
dronbreen-20220329-DAT_0238_A1_8,2790.0,542458.04,8671623.58,540.859,490.209,0.0,490.209,0.0,0.0,1.047,uncertain_cold
dronbreen-20220329-DAT_0238_A1_8,2795.0,542461.16,8671626.97,540.423,490.295,0.0,490.295,0.0,0.0,1.037,uncertain_cold
dronbreen-20220329-DAT_0238_A1_8,2800.0,542464.14,8671630.17,540.037,490.43,0.0,490.43,0.0,0.0,1.027,uncertain_cold
dronbreen-20220329-DAT_0238_A1_8,2805.0,542467.5,8671633.87,539.612,490.526,0.0,490.526,0.0,0.0,1.017,certain_cold
dronbreen-20220329-DAT_0238_A1_8,2810.0,542471.64,8671638.16,539.188,490.519,0.0,490.519,0.0,0.0,1.009,certain_cold
dronbreen-20220329-DAT_0238_A1_8,2815.0,542475.08,8671641.55,538.856,490.708,0.0,490.708,0.0,0.0,1.001,certain_cold
dronbreen-20220329-DAT_0238_A1_8,2820.0,542478.61,8671645.14,538.493,490.97,0.0,490.97,0.0,0.0,0.987,certain_cold
dronbreen-20220329-DAT_0238_A1_8,2825.0,542481.71,8671648.28,538.155,491.153,0.0,491.153,0.0,0.0,0.979,certain_cold
dronbreen-20220329-DAT_0238_A1_8,2830.0,542485.63,8671652.49,537.679,491.407,0.0,491.407,0.0,0.0,0.965,certain_cold
dronbreen-20220329-DAT_0238_A1_8,2835.0,542488.82,8671656.08,537.269,491.726,0.0,491.726,0.0,0.0,0.951,certain_cold
dronbreen-20220329-DAT_0238_A1_8,2840.0,542491.59,8671659.19,536.923,492.11,0.0,492.11,0.0,0.0,0.935,certain_cold
dronbreen-20220329-DAT_0238_A1_8,2845.0,542494.95,8671662.9,536.542,492.354,0.0,492.354,0.0,0.0,0.923,certain_cold
dronbreen-20220329-DAT_0238_A1_8,2850.0,542498.72,8671667.08,536.157,492.49,0.0,492.49,0.0,0.0,0.913,certain_cold
dronbreen-20220329-DAT_0238_A1_8,2855.0,542502.33,8671671.07,535.82,492.049,0.0,492.049,0.0,0.0,0.913,uncertain_cold
dronbreen-20220329-DAT_0238_A1_8,2860.0,542505.62,8671674.53,535.999,492.645,0.0,492.645,0.0,0.0,0.901,certain_cold
dronbreen-20220329-DAT_0238_A1_8,2865.0,542508.39,8671677.53,536.332,493.291,0.0,493.291,0.0,0.0,0.899,certain_cold
dronbreen-20220329-DAT_0238_A1_8,2870.0,542511.89,8671681.61,535.86,492.923,0.0,492.923,0.0,0.0,0.897,uncertain_cold
dronbreen-20220329-DAT_0238_A1_8,2875.0,542515.67,8671685.85,535.46,492.835,0.0,492.835,0.0,0.0,0.887,uncertain_cold
dronbreen-20220329-DAT_0238_A1_8,2880.0,542518.96,8671689.59,535.251,492.939,0.0,492.939,0.0,0.0,0.881,uncertain_cold
dronbreen-20220329-DAT_0238_A1_8,2885.0,542521.68,8671692.53,535.214,493.319,0.0,493.319,0.0,0.0,0.875,uncertain_cold
dronbreen-20220329-DAT_0238_A1_8,2890.0,542525.27,8671696.18,535.124,494.062,0.0,494.062,0.0,0.0,0.863,uncertain_cold
dronbreen-20220329-DAT_0238_A1_8,2895.0,542528.72,8671699.94,534.924,494.28,0.0,494.28,0.0,0.0,0.855,uncertain_cold
dronbreen-20220329-DAT_0238_A1_8,2900.0,542532.13,8671703.53,534.655,494.636,0.0,494.636,0.0,0.0,0.847,uncertain_cold
dronbreen-20220329-DAT_0238_A1_8,2905.0,542535.42,8671707.48,533.768,494.791,0.0,494.791,0.0,0.0,0.824,uncertain_cold
dronbreen-20220329-DAT_0238_A1_8,2910.0,542539.09,8671711.44,533.807,495.976,0.0,495.976,0.0,0.0,0.802,uncertain_cold
dronbreen-20220329-DAT_0238_A1_8,2915.0,542542.62,8671715.24,534.057,497.373,0.0,497.373,0.0,0.0,0.784,uncertain_cold
dronbreen-20220329-DAT_0238_A1_8,2920.0,542546.08,8671719.23,533.771,498.024,0.0,498.024,0.0,0.0,0.769,uncertain_cold
dronbreen-20220329-DAT_0238_A1_8,2925.0,542549.21,8671722.8,533.326,498.83,0.0,498.83,0.0,0.0,0.739,uncertain_cold
dronbreen-20220329-DAT_0238_A1_8,2930.0,542552.05,8671726.05,532.954,499.083,0.0,499.083,0.0,0.0,0.728,uncertain_cold
dronbreen-20220329-DAT_0238_A1_8,2935.0,542555.42,8671729.88,532.584,499.235,0.0,499.235,0.0,0.0,0.718,uncertain_cold
dronbreen-20220329-DAT_0238_A1_8,2940.0,542558.81,8671733.9,532.258,499.639,0.0,499.639,0.0,0.0,0.704,uncertain_cold
dronbreen-20220329-DAT_0238_A1_8,2945.0,542561.58,8671737.8,531.893,500.315,0.0,500.315,0.0,0.0,0.685,uncertain_cold
dronbreen-20220329-DAT_0238_A1_8,2950.0,542564.25,8671742.38,531.399,501.281,0.0,501.281,0.0,0.0,0.658,uncertain_cold
dronbreen-20220329-DAT_0238_A1_8,2955.0,542565.05,8671747.0,530.864,501.996,0.0,501.996,0.0,0.0,0.636,uncertain_cold
dronbreen-20220329-DAT_0238_A1_8,2960.0,542562.46,8671751.88,530.134,502.933,0.0,502.933,0.0,0.0,0.605,certain_cold
dronbreen-20220329-DAT_0238_A1_8,2965.0,542558.96,8671754.75,529.583,501.757,0.0,501.757,0.0,0.0,0.619,uncertain_cold
dronbreen-20220329-DAT_0238_A1_8,2970.0,542553.68,8671755.88,529.113,499.828,0.0,499.828,0.0,0.0,0.651,certain_cold
dronbreen-20220329-DAT_0238_A1_8,2975.0,542548.65,8671754.63,529.136,498.705,0.0,498.705,0.0,0.0,0.672,certain_cold
dronbreen-20220329-DAT_0238_A1_8,2980.0,542544.39,8671753.04,529.29,497.921,0.0,497.921,0.0,0.0,0.687,certain_cold
dronbreen-20220329-DAT_0238_A1_8,2985.0,542540.18,8671750.93,529.6,497.501,0.0,497.501,0.0,0.0,0.702,certain_cold
dronbreen-20220329-DAT_0238_A1_8,2990.0,542535.77,8671748.66,529.98,497.048,0.0,497.048,0.0,0.0,0.718,certain_cold
dronbreen-20220329-DAT_0238_A1_8,2995.0,542530.83,8671746.04,530.185,496.107,0.0,496.107,0.0,0.0,0.735,certain_cold
dronbreen-20220329-DAT_0238_A1_8,3000.0,542526.78,8671743.99,530.67,495.758,0.0,495.758,0.0,0.0,0.747,certain_cold
dronbreen-20220329-DAT_0238_A1_8,3005.0,542521.91,8671741.85,530.616,494.87,0.0,494.87,0.0,0.0,0.763,certain_cold
dronbreen-20220329-DAT_0238_A1_8,3010.0,542517.6,8671739.73,530.81,494.542,0.0,494.542,0.0,0.0,0.772,certain_cold
dronbreen-20220329-DAT_0238_A1_8,3015.0,542512.99,8671737.6,530.712,494.027,0.0,494.027,0.0,0.0,0.78,certain_cold
dronbreen-20220329-DAT_0238_A1_8,3020.0,542507.96,8671735.24,531.081,493.771,0.0,493.771,0.0,0.0,0.792,certain_cold
dronbreen-20220329-DAT_0238_A1_8,3025.0,542503.92,8671733.28,531.422,493.487,0.0,493.487,0.0,0.0,0.804,uncertain_cold
dronbreen-20220329-DAT_0238_A1_8,3030.0,542499.34,8671730.9,531.388,492.932,0.0,492.932,0.0,0.0,0.814,uncertain_cold
dronbreen-20220329-DAT_0238_A1_8,3035.0,542494.91,8671728.71,530.98,491.898,0.0,491.898,0.0,0.0,0.826,uncertain_cold
dronbreen-20220329-DAT_0238_A1_8,3040.0,542490.67,8671726.78,530.51,490.595,0.0,490.595,0.0,0.0,0.841,uncertain_cold
dronbreen-20220329-DAT_0238_A1_8,3045.0,542485.51,8671724.14,530.197,489.24,0.0,489.24,0.0,0.0,0.861,uncertain_cold
dronbreen-20220329-DAT_0238_A1_8,3050.0,542481.52,8671722.2,530.489,489.115,0.0,489.115,0.0,0.0,0.869,uncertain_cold
dronbreen-20220329-DAT_0238_A1_8,3055.0,542476.8,8671720.2,531.666,489.458,0.0,489.458,0.0,0.0,0.885,uncertain_cold
dronbreen-20220329-DAT_0238_A1_8,3060.0,542472.2,8671718.32,533.736,490.799,0.0,490.799,0.0,0.0,0.883,uncertain_temperate
dronbreen-20220329-DAT_0238_A1_8,3065.0,542467.8,8671716.82,532.522,490.522,0.0,490.522,0.0,0.0,0.877,uncertain_cold
dronbreen-20220329-DAT_0238_A1_8,3070.0,542462.42,8671714.85,527.62,486.35,0.0,486.35,0.0,0.0,0.867,uncertain_cold
dronbreen-20220329-DAT_0238_A1_8,3075.0,542458.14,8671713.18,527.739,486.781,0.0,486.781,0.0,0.0,0.861,uncertain_cold
dronbreen-20220329-DAT_0238_A1_8,3080.0,542453.14,8671711.58,528.987,488.029,0.0,488.029,0.0,0.0,0.861,certain_cold
dronbreen-20220329-DAT_0238_A1_8,3085.0,542449.1,8671710.24,537.094,495.407,0.0,495.407,0.0,0.0,0.875,uncertain_cold
dronbreen-20220329-DAT_0238_A1_8,3090.0,542444.36,8671708.51,540.896,498.583,0.0,498.583,0.0,0.0,0.887,uncertain_cold
dronbreen-20220329-DAT_0238_A1_8,3095.0,542439.68,8671706.69,536.971,493.93,0.0,493.93,0.0,0.0,0.901,uncertain_cold
dronbreen-20220329-DAT_0238_A1_8,3100.0,542434.69,8671704.54,537.534,493.659,0.0,493.659,0.0,0.0,0.917,uncertain_cold
dronbreen-20220329-DAT_0238_A1_8,3105.0,542430.39,8671702.86,535.688,491.083,0.0,491.083,0.0,0.0,0.931,uncertain_cold
dronbreen-20220329-DAT_0238_A1_8,3110.0,542425.63,8671700.89,529.223,483.576,0.0,483.576,0.0,0.0,0.951,uncertain_cold
dronbreen-20220329-DAT_0238_A1_8,3115.0,542420.79,8671698.65,529.41,482.513,0.0,482.513,0.0,0.0,0.975,uncertain_cold
dronbreen-20220329-DAT_0238_A1_8,3120.0,542416.15,8671696.33,529.604,480.935,0.0,480.935,0.0,0.0,1.009,uncertain_cold
dronbreen-20220329-DAT_0238_A1_8,3125.0,542411.51,8671694.32,529.731,480.54,0.0,480.54,0.0,0.0,1.011,uncertain_cold
dronbreen-20220329-DAT_0238_A1_8,3130.0,542406.92,8671692.25,529.874,480.475,0.0,480.475,0.0,0.0,1.017,uncertain_cold
dronbreen-20220329-DAT_0238_A1_8,3135.0,542402.88,8671690.53,530.002,480.499,0.0,480.499,0.0,0.0,1.023,uncertain_cold
dronbreen-20220329-DAT_0238_A1_8,3140.0,542398.69,8671688.77,530.138,480.53,0.0,480.53,0.0,0.0,1.027,uncertain_cold
dronbreen-20220329-DAT_0238_A1_8,3145.0,542393.14,8671686.61,530.311,480.599,0.0,480.599,0.0,0.0,1.029,uncertain_cold
dronbreen-20220329-DAT_0238_A1_8,3150.0,542388.69,8671684.92,530.458,480.538,0.0,480.538,0.0,0.0,1.033,uncertain_cold
dronbreen-20220329-DAT_0238_A1_8,3155.0,542384.07,8671683.1,530.599,480.575,0.0,480.575,0.0,0.0,1.035,uncertain_cold
dronbreen-20220329-DAT_0238_A1_8,3160.0,542379.42,8671681.34,530.717,480.589,0.0,480.589,0.0,0.0,1.037,uncertain_cold
dronbreen-20220329-DAT_0238_A1_8,3165.0,542374.94,8671679.62,530.838,480.501,0.0,480.501,0.0,0.0,1.041,uncertain_cold
dronbreen-20220329-DAT_0238_A1_8,3170.0,542369.84,8671677.75,531.143,480.702,0.0,480.702,0.0,0.0,1.043,uncertain_cold
dronbreen-20220329-DAT_0238_A1_8,3175.0,542365.81,8671676.35,531.368,480.823,0.0,480.823,0.0,0.0,1.045,uncertain_cold
dronbreen-20220329-DAT_0238_A1_8,3180.0,542361.08,8671674.62,531.537,480.888,0.0,480.888,0.0,0.0,1.047,uncertain_cold
dronbreen-20220329-DAT_0238_A1_8,3185.0,542355.97,8671672.72,531.733,480.979,0.0,480.979,0.0,0.0,1.049,uncertain_cold
dronbreen-20220329-DAT_0238_A1_8,3190.0,542351.57,8671671.06,531.933,481.179,0.0,481.179,0.0,0.0,1.049,uncertain_cold
dronbreen-20220329-DAT_0238_A1_8,3195.0,542346.19,8671668.94,532.205,481.451,0.0,481.451,0.0,0.0,1.049,uncertain_cold
dronbreen-20220329-DAT_0238_A1_8,3200.0,542342.03,8671667.14,532.434,481.785,0.0,481.785,0.0,0.0,1.047,certain_cold
dronbreen-20220329-DAT_0238_A1_8,3205.0,542337.55,8671665.08,532.702,482.261,0.0,482.261,0.0,0.0,1.045,certain_cold
dronbreen-20220329-DAT_0238_A1_8,3210.0,542332.57,8671662.93,532.98,482.956,0.0,482.956,0.0,0.0,1.037,certain_cold
dronbreen-20220329-DAT_0238_A1_8,3215.0,542327.94,8671660.99,533.21,483.707,0.0,483.707,0.0,0.0,1.027,certain_cold
dronbreen-20220329-DAT_0238_A1_8,3220.0,542323.72,8671659.02,533.451,484.364,0.0,484.364,0.0,0.0,1.017,certain_cold
dronbreen-20220329-DAT_0238_A1_8,3225.0,542319.53,8671657.06,533.702,485.033,0.0,485.033,0.0,0.0,1.009,certain_cold
dronbreen-20220329-DAT_0238_A1_8,3230.0,542314.7,8671655.03,534.125,485.977,0.0,485.977,0.0,0.0,0.999,uncertain_cold
dronbreen-20220329-DAT_0238_A1_8,3235.0,542309.71,8671652.97,534.535,487.116,0.0,487.116,0.0,0.0,0.985,uncertain_cold
dronbreen-20220329-DAT_0238_A1_8,3240.0,542305.07,8671651.08,534.822,488.758,0.0,488.758,0.0,0.0,0.959,uncertain_cold
dronbreen-20220329-DAT_0238_A1_8,3245.0,542300.65,8671648.96,535.152,490.026,0.0,490.026,0.0,0.0,0.941,uncertain_cold
dronbreen-20220329-DAT_0238_A1_8,3250.0,542296.25,8671646.55,535.538,491.037,0.0,491.037,0.0,0.0,0.929,uncertain_cold
dronbreen-20220329-DAT_0238_A1_8,3255.0,542292.44,8671644.3,535.9,492.337,0.0,492.337,0.0,0.0,0.911,uncertain_cold
dronbreen-20220329-DAT_0238_A1_8,3260.0,542287.8,8671641.67,536.326,494.223,0.0,494.223,0.0,0.0,0.893,certain_cold
dronbreen-20220329-DAT_0238_A1_8,3265.0,542283.06,8671640.3,536.562,496.021,0.0,496.021,0.0,0.0,0.867,certain_cold
dronbreen-20220329-DAT_0238_A1_8,3270.0,542279.31,8671643.7,536.033,498.515,0.0,498.515,0.0,0.0,0.814,certain_cold
dronbreen-20220329-DAT_0238_A1_8,3275.0,542280.2,8671648.65,535.251,499.608,0.0,499.608,0.0,0.0,0.765,certain_cold
dronbreen-20220329-DAT_0238_A1_8,3280.0,542282.87,8671652.43,534.66,498.913,0.0,498.913,0.0,0.0,0.778,certain_cold
dronbreen-20220329-DAT_0238_A1_8,3285.0,542286.73,8671656.28,534.041,496.419,0.0,496.419,0.0,0.0,0.812,certain_cold
dronbreen-20220329-DAT_0238_A1_8,3290.0,542289.77,8671659.38,533.527,494.445,0.0,494.445,0.0,0.0,0.835,certain_cold
dronbreen-20220329-DAT_0238_A1_8,3295.0,542293.83,8671663.39,532.832,492.292,0.0,492.292,0.0,0.0,0.857,certain_cold
dronbreen-20220329-DAT_0238_A1_8,3300.0,542297.08,8671666.79,532.227,490.54,0.0,490.54,0.0,0.0,0.875,certain_cold
dronbreen-20220329-DAT_0238_A1_8,3305.0,542300.59,8671670.3,531.634,488.696,0.0,488.696,0.0,0.0,0.901,certain_cold
dronbreen-20220329-DAT_0238_A1_8,3310.0,542303.88,8671673.44,531.143,487.059,0.0,487.059,0.0,0.0,0.921,uncertain_cold
dronbreen-20220329-DAT_0238_A1_8,3315.0,542308.35,8671677.55,530.489,485.363,0.0,485.363,0.0,0.0,0.945,uncertain_cold
dronbreen-20220329-DAT_0238_A1_8,3320.0,542311.94,8671680.83,529.927,484.176,0.0,484.176,0.0,0.0,0.957,certain_cold
dronbreen-20220329-DAT_0238_A1_8,3325.0,542315.54,8671683.98,529.49,483.009,0.0,483.009,0.0,0.0,0.969,certain_cold
dronbreen-20220329-DAT_0238_A1_8,3330.0,542318.89,8671686.92,529.099,481.681,0.0,481.681,0.0,0.0,0.987,certain_cold
dronbreen-20220329-DAT_0238_A1_8,3335.0,542322.87,8671690.6,528.597,480.657,0.0,480.657,0.0,0.0,0.997,certain_cold
dronbreen-20220329-DAT_0238_A1_8,3340.0,542326.57,8671694.19,528.093,479.632,0.0,479.632,0.0,0.0,1.007,certain_cold
dronbreen-20220329-DAT_0238_A1_8,3345.0,542330.0,8671697.32,527.677,478.591,0.0,478.591,0.0,0.0,1.017,uncertain_cold
dronbreen-20220329-DAT_0238_A1_8,3350.0,542334.06,8671701.0,527.087,477.793,0.0,477.793,0.0,0.0,1.021,uncertain_cold
dronbreen-20220329-DAT_0238_A1_8,3355.0,542337.98,8671704.41,526.606,477.207,0.0,477.207,0.0,0.0,1.021,certain_cold
dronbreen-20220329-DAT_0238_A1_8,3360.0,542340.96,8671707.11,526.275,476.876,0.0,476.876,0.0,0.0,1.025,certain_cold
dronbreen-20220329-DAT_0238_A1_8,3365.0,542345.35,8671711.16,525.745,476.659,0.0,476.659,0.0,0.0,1.017,certain_cold
dronbreen-20220329-DAT_0238_A1_8,3370.0,542348.74,8671714.43,525.308,476.43,0.0,476.43,0.0,0.0,1.013,certain_cold
dronbreen-20220329-DAT_0238_A1_8,3375.0,542352.69,8671718.09,524.834,476.165,0.0,476.165,0.0,0.0,1.009,certain_cold
dronbreen-20220329-DAT_0238_A1_8,3380.0,542355.63,8671721.16,524.517,475.952,0.0,475.952,0.0,0.0,1.007,uncertain_cold
dronbreen-20220329-DAT_0238_A1_8,3385.0,542359.49,8671724.87,524.186,475.829,0.0,475.829,0.0,0.0,1.003,uncertain_cold
dronbreen-20220329-DAT_0238_A1_8,3390.0,542362.71,8671728.16,523.899,475.959,0.0,475.959,0.0,0.0,0.995,uncertain_cold
dronbreen-20220329-DAT_0238_A1_8,3395.0,542366.01,8671731.47,523.584,475.853,0.0,475.853,0.0,0.0,0.989,uncertain_cold
dronbreen-20220329-DAT_0238_A1_8,3400.0,542370.31,8671735.7,523.115,475.905,0.0,475.905,0.0,0.0,0.981,uncertain_cold
dronbreen-20220329-DAT_0238_A1_8,3405.0,542373.91,8671739.29,523.166,476.373,0.0,476.373,0.0,0.0,0.975,certain_cold
dronbreen-20220329-DAT_0238_A1_8,3410.0,542377.22,8671742.58,523.327,476.95,0.0,476.95,0.0,0.0,0.965,certain_cold
dronbreen-20220329-DAT_0238_A1_8,3415.0,542380.43,8671745.76,523.37,477.515,0.0,477.515,0.0,0.0,0.955,certain_cold
dronbreen-20220329-DAT_0238_A1_8,3420.0,542384.12,8671749.29,522.746,477.307,0.0,477.307,0.0,0.0,0.947,certain_cold
dronbreen-20220329-DAT_0238_A1_8,3425.0,542387.54,8671752.75,522.086,477.169,0.0,477.169,0.0,0.0,0.939,certain_cold
dronbreen-20220329-DAT_0238_A1_8,3430.0,542390.98,8671756.51,521.38,477.087,0.0,477.087,0.0,0.0,0.931,certain_cold
dronbreen-20220329-DAT_0238_A1_8,3435.0,542394.36,8671760.1,520.723,476.951,0.0,476.951,0.0,0.0,0.923,certain_cold
dronbreen-20220329-DAT_0238_A1_8,3440.0,542398.05,8671763.76,520.077,476.931,0.0,476.931,0.0,0.0,0.909,certain_cold
dronbreen-20220329-DAT_0238_A1_8,3445.0,542401.22,8671767.07,519.549,476.924,0.0,476.924,0.0,0.0,0.897,certain_cold
dronbreen-20220329-DAT_0238_A1_8,3450.0,542405.2,8671771.42,518.966,476.967,0.0,476.967,0.0,0.0,0.881,certain_cold
dronbreen-20220329-DAT_0238_A1_8,3455.0,542408.42,8671774.74,519.692,478.317,0.0,478.317,0.0,0.0,0.869,uncertain_cold
dronbreen-20220329-DAT_0238_A1_8,3460.0,542411.59,8671778.35,519.73,478.877,0.0,478.877,0.0,0.0,0.859,uncertain_cold
dronbreen-20220329-DAT_0238_A1_8,3465.0,542414.9,8671782.21,519.483,479.151,0.0,479.151,0.0,0.0,0.847,uncertain_cold
dronbreen-20220329-DAT_0238_A1_8,3470.0,542418.64,8671786.54,518.874,479.063,0.0,479.063,0.0,0.0,0.835,uncertain_cold
dronbreen-20220329-DAT_0238_A1_8,3475.0,542421.69,8671789.58,518.114,479.032,0.0,479.032,0.0,0.0,0.824,uncertain_cold
dronbreen-20220329-DAT_0238_A1_8,3480.0,542424.8,8671792.75,518.111,479.76,0.0,479.76,0.0,0.0,0.808,uncertain_cold
dronbreen-20220329-DAT_0238_A1_8,3485.0,542428.29,8671796.34,517.479,479.544,0.0,479.544,0.0,0.0,0.794,uncertain_temperate
dronbreen-20220329-DAT_0238_A1_8,3490.0,542431.94,8671800.05,517.005,479.591,0.0,479.591,0.0,0.0,0.788,uncertain_cold
dronbreen-20220329-DAT_0238_A1_8,3495.0,542435.64,8671803.89,516.898,480.11,0.0,480.11,0.0,0.0,0.782,uncertain_cold
dronbreen-20220329-DAT_0238_A1_8,3500.0,542439.03,8671807.59,517.305,480.829,0.0,480.829,0.0,0.0,0.772,uncertain_cold
dronbreen-20220329-DAT_0238_A1_8,3505.0,542442.77,8671811.48,516.945,481.199,0.0,481.199,0.0,0.0,0.761,uncertain_cold
dronbreen-20220329-DAT_0238_A1_8,3510.0,542445.55,8671814.44,517.084,481.859,0.0,481.859,0.0,0.0,0.753,uncertain_cold
dronbreen-20220329-DAT_0238_A1_8,3515.0,542449.56,8671818.91,517.267,482.145,0.0,482.145,0.0,0.0,0.751,uncertain_cold
dronbreen-20220329-DAT_0238_A1_8,3520.0,542452.36,8671821.96,517.413,482.396,0.0,482.396,0.0,0.0,0.749,uncertain_cold
dronbreen-20220329-DAT_0238_A1_8,3525.0,542455.85,8671825.56,517.067,482.05,0.0,482.05,0.0,0.0,0.749,uncertain_cold
dronbreen-20220329-DAT_0238_A1_8,3530.0,542459.64,8671829.52,516.883,481.866,0.0,481.866,0.0,0.0,0.749,uncertain_cold
dronbreen-20220329-DAT_0238_A1_8,3535.0,542462.87,8671832.76,516.562,481.65,0.0,481.65,0.0,0.0,0.747,uncertain_cold
dronbreen-20220329-DAT_0238_A1_8,3540.0,542466.34,8671836.35,516.325,481.412,0.0,481.412,0.0,0.0,0.747,uncertain_cold
dronbreen-20220329-DAT_0238_A1_8,3545.0,542469.66,8671840.14,516.018,481.106,0.0,481.106,0.0,0.0,0.747,uncertain_cold
dronbreen-20220329-DAT_0238_A1_8,3550.0,542472.97,8671843.78,515.744,480.831,0.0,480.831,0.0,0.0,0.747,uncertain_cold
dronbreen-20220329-DAT_0238_A1_8,3555.0,542476.55,8671847.9,515.408,480.496,0.0,480.496,0.0,0.0,0.741,uncertain_cold
dronbreen-20220329-DAT_0238_A1_8,3560.0,542479.62,8671851.48,515.129,480.321,0.0,480.321,0.0,0.0,0.737,uncertain_temperate
dronbreen-20220329-DAT_0238_A1_8,3565.0,542482.98,8671855.44,514.81,480.002,0.0,480.002,0.0,0.0,0.737,uncertain_temperate
dronbreen-20220329-DAT_0238_A1_8,3570.0,542485.44,8671859.65,514.448,479.848,0.0,479.848,0.0,0.0,0.737,uncertain_cold
dronbreen-20220329-DAT_0238_A1_8,3575.0,542484.72,8671864.62,513.932,479.54,0.0,479.54,0.0,0.0,0.735,uncertain_cold
dronbreen-20220329-DAT_0238_A1_8,3580.0,542479.9,8671867.32,513.541,479.149,0.0,479.149,0.0,0.0,0.733,uncertain_cold
dronbreen-20220329-DAT_0238_A1_8,3585.0,542475.69,8671866.94,513.463,478.967,0.0,478.967,0.0,0.0,0.737,uncertain_cold
dronbreen-20220329-DAT_0238_A1_8,3590.0,542470.35,8671865.65,513.416,478.816,0.0,478.816,0.0,0.0,0.739,uncertain_cold
dronbreen-20220329-DAT_0238_A1_8,3595.0,542465.92,8671863.74,513.462,478.653,0.0,478.653,0.0,0.0,0.737,uncertain_temperate
dronbreen-20220329-DAT_0238_A1_8,3600.0,542461.5,8671861.65,513.581,478.669,0.0,478.669,0.0,0.0,0.743,uncertain_cold
dronbreen-20220329-DAT_0238_A1_8,3605.0,542456.46,8671859.45,513.706,478.585,0.0,478.585,0.0,0.0,0.739,uncertain_temperate
dronbreen-20220329-DAT_0238_A1_8,3610.0,542452.38,8671857.83,513.746,478.625,0.0,478.625,0.0,0.0,0.739,uncertain_temperate
dronbreen-20220329-DAT_0238_A1_8,3615.0,542447.85,8671856.38,513.685,478.668,0.0,478.668,0.0,0.0,0.741,uncertain_temperate
dronbreen-20220329-DAT_0238_A1_8,3620.0,542443.13,8671854.74,513.582,478.67,0.0,478.67,0.0,0.0,0.741,uncertain_cold
dronbreen-20220329-DAT_0238_A1_8,3625.0,542438.35,8671853.1,513.598,478.789,0.0,478.789,0.0,0.0,0.741,uncertain_cold
dronbreen-20220329-DAT_0238_A1_8,3630.0,542433.16,8671851.61,513.368,478.768,0.0,478.768,0.0,0.0,0.739,uncertain_cold
dronbreen-20220329-DAT_0238_A1_8,3635.0,542428.76,8671850.44,513.159,478.768,0.0,478.768,0.0,0.0,0.732,uncertain_cold
dronbreen-20220329-DAT_0238_A1_8,3640.0,542423.32,8671849.28,512.935,478.856,0.0,478.856,0.0,0.0,0.724,uncertain_temperate
dronbreen-20220329-DAT_0238_A1_8,3645.0,542418.66,8671848.08,512.856,479.298,0.0,479.298,0.0,0.0,0.72,certain_cold
dronbreen-20220329-DAT_0238_A1_8,3650.0,542413.99,8671847.05,512.789,479.543,0.0,479.543,0.0,0.0,0.714,uncertain_cold
dronbreen-20220329-DAT_0238_A1_8,3655.0,542408.25,8671845.83,512.705,479.668,0.0,479.668,0.0,0.0,0.712,uncertain_cold
dronbreen-20220329-DAT_0238_A1_8,3660.0,542403.7,8671845.13,512.635,479.807,0.0,479.807,0.0,0.0,0.708,uncertain_cold
dronbreen-20220329-DAT_0238_A1_8,3665.0,542398.64,8671844.22,512.57,479.846,0.0,479.846,0.0,0.0,0.706,uncertain_cold
dronbreen-20220329-DAT_0238_A1_8,3670.0,542394.13,8671843.18,512.521,479.901,0.0,479.901,0.0,0.0,0.704,uncertain_cold
dronbreen-20220329-DAT_0238_A1_8,3675.0,542388.62,8671841.92,512.447,479.827,0.0,479.827,0.0,0.0,0.701,uncertain_cold
dronbreen-20220329-DAT_0238_A1_8,3680.0,542383.68,8671841.15,512.337,479.508,0.0,479.508,0.0,0.0,0.708,uncertain_cold
dronbreen-20220329-DAT_0238_A1_8,3685.0,542379.64,8671840.55,512.371,479.439,0.0,479.439,0.0,0.0,0.71,uncertain_cold
dronbreen-20220329-DAT_0238_A1_8,3690.0,542374.85,8671839.94,512.479,479.65,0.0,479.65,0.0,0.0,0.708,uncertain_cold
dronbreen-20220329-DAT_0238_A1_8,3695.0,542369.78,8671839.34,512.542,479.713,0.0,479.713,0.0,0.0,0.708,uncertain_cold
dronbreen-20220329-DAT_0238_A1_8,3700.0,542364.56,8671838.92,512.499,479.671,0.0,479.671,0.0,0.0,0.714,uncertain_cold
dronbreen-20220329-DAT_0238_A1_8,3705.0,542358.94,8671838.63,512.354,478.797,0.0,478.797,0.0,0.0,0.728,uncertain_cold
dronbreen-20220329-DAT_0238_A1_8,3710.0,542354.71,8671838.47,512.205,477.917,0.0,477.917,0.0,0.0,0.739,certain_cold
dronbreen-20220329-DAT_0238_A1_8,3715.0,542349.21,8671838.39,511.984,476.863,0.0,476.863,0.0,0.0,0.755,certain_cold
dronbreen-20220329-DAT_0238_A1_8,3720.0,542344.04,8671838.22,511.844,475.889,0.0,475.889,0.0,0.0,0.769,certain_cold
dronbreen-20220329-DAT_0238_A1_8,3725.0,542339.65,8671838.08,511.768,475.083,0.0,475.083,0.0,0.0,0.78,certain_cold
dronbreen-20220329-DAT_0238_A1_8,3730.0,542334.3,8671837.68,511.758,474.24,0.0,474.24,0.0,0.0,0.796,certain_cold
dronbreen-20220329-DAT_0238_A1_8,3735.0,542329.23,8671837.25,511.783,473.223,0.0,473.223,0.0,0.0,0.816,certain_cold
dronbreen-20220329-DAT_0238_A1_8,3740.0,542324.59,8671836.96,511.784,472.598,0.0,472.598,0.0,0.0,0.828,certain_cold
dronbreen-20220329-DAT_0238_A1_8,3745.0,542318.92,8671836.78,511.669,471.649,0.0,471.649,0.0,0.0,0.843,certain_cold
dronbreen-20220329-DAT_0238_A1_8,3750.0,542314.49,8671836.86,510.579,469.83,0.0,469.83,0.0,0.0,0.857,uncertain_cold
dronbreen-20220329-DAT_0238_A1_8,3755.0,542309.51,8671836.76,509.744,468.37,0.0,468.37,0.0,0.0,0.869,uncertain_cold
dronbreen-20220329-DAT_0238_A1_8,3760.0,542304.71,8671836.83,509.52,467.521,0.0,467.521,0.0,0.0,0.881,uncertain_cold
dronbreen-20220329-DAT_0238_A1_8,3765.0,542299.65,8671836.8,509.277,466.861,0.0,466.861,0.0,0.0,0.891,uncertain_cold
dronbreen-20220329-DAT_0238_A1_8,3770.0,542294.25,8671836.84,509.005,466.068,0.0,466.068,0.0,0.0,0.901,uncertain_cold
dronbreen-20220329-DAT_0238_A1_8,3775.0,542289.22,8671836.73,508.797,465.443,0.0,465.443,0.0,0.0,0.909,uncertain_cold
dronbreen-20220329-DAT_0238_A1_8,3780.0,542284.15,8671836.84,508.573,464.594,0.0,464.594,0.0,0.0,0.923,uncertain_cold
dronbreen-20220329-DAT_0238_A1_8,3785.0,542279.34,8671836.75,508.364,463.759,0.0,463.759,0.0,0.0,0.933,certain_cold
dronbreen-20220329-DAT_0238_A1_8,3790.0,542274.45,8671836.78,508.121,462.787,0.0,462.787,0.0,0.0,0.947,certain_cold
dronbreen-20220329-DAT_0238_A1_8,3795.0,542269.32,8671836.62,507.894,461.934,0.0,461.934,0.0,0.0,0.963,certain_cold
dronbreen-20220329-DAT_0238_A1_8,3800.0,542264.58,8671836.66,507.676,461.196,0.0,461.196,0.0,0.0,0.967,uncertain_cold
dronbreen-20220329-DAT_0238_A1_8,3805.0,542258.95,8671836.57,507.424,460.422,0.0,460.422,0.0,0.0,0.979,certain_cold
dronbreen-20220329-DAT_0238_A1_8,3810.0,542254.34,8671836.6,507.218,459.486,0.0,459.486,0.0,0.0,0.991,uncertain_cold
dronbreen-20220329-DAT_0238_A1_8,3815.0,542249.77,8671836.69,507.015,458.555,0.0,458.555,0.0,0.0,1.005,certain_cold
dronbreen-20220329-DAT_0238_A1_8,3820.0,542244.67,8671838.08,506.647,457.353,0.0,457.353,0.0,0.0,1.021,certain_cold
dronbreen-20220329-DAT_0238_A1_8,3825.0,542241.88,8671842.27,506.059,456.555,0.0,456.555,0.0,0.0,1.025,certain_cold
dronbreen-20220329-DAT_0238_A1_8,3830.0,542242.28,8671847.21,505.509,457.674,0.0,457.674,0.0,0.0,0.993,uncertain_cold
dronbreen-20220329-DAT_0238_A1_8,3835.0,542244.94,8671852.04,505.067,458.899,0.0,458.899,0.0,0.0,0.957,uncertain_cold
dronbreen-20220329-DAT_0238_A1_8,3840.0,542247.71,8671855.79,504.788,459.558,0.0,459.558,0.0,0.0,0.935,uncertain_cold
dronbreen-20220329-DAT_0238_A1_8,3845.0,542250.71,8671859.48,504.548,460.256,0.0,460.256,0.0,0.0,0.913,uncertain_temperate
dronbreen-20220329-DAT_0238_A1_8,3850.0,542253.8,8671863.21,504.394,461.561,0.0,461.561,0.0,0.0,0.887,uncertain_temperate
dronbreen-20220329-DAT_0238_A1_8,3855.0,542256.91,8671867.12,504.269,462.895,0.0,462.895,0.0,0.0,0.865,uncertain_cold
dronbreen-20220329-DAT_0238_A1_8,3860.0,542260.1,8671871.38,504.092,463.864,0.0,463.864,0.0,0.0,0.847,uncertain_cold
dronbreen-20220329-DAT_0238_A1_8,3865.0,542263.17,8671875.44,504.277,464.883,0.0,464.883,0.0,0.0,0.831,uncertain_cold
dronbreen-20220329-DAT_0238_A1_8,3870.0,542266.15,8671879.51,506.178,467.722,0.0,467.722,0.0,0.0,0.814,uncertain_cold
dronbreen-20220329-DAT_0238_A1_8,3875.0,542269.26,8671883.82,506.037,468.415,0.0,468.415,0.0,0.0,0.798,uncertain_cold
dronbreen-20220329-DAT_0238_A1_8,3880.0,542271.8,8671887.07,505.418,468.421,0.0,468.421,0.0,0.0,0.786,certain_cold
dronbreen-20220329-DAT_0238_A1_8,3885.0,542275.49,8671891.52,504.644,468.168,0.0,468.168,0.0,0.0,0.776,certain_cold
dronbreen-20220329-DAT_0238_A1_8,3890.0,542278.35,8671894.99,504.18,468.225,0.0,468.225,0.0,0.0,0.771,certain_cold
dronbreen-20220329-DAT_0238_A1_8,3895.0,542281.3,8671898.59,503.726,467.875,0.0,467.875,0.0,0.0,0.765,uncertain_cold
dronbreen-20220329-DAT_0238_A1_8,3900.0,542284.82,8671902.61,503.409,468.079,0.0,468.079,0.0,0.0,0.755,uncertain_cold
dronbreen-20220329-DAT_0238_A1_8,3905.0,542288.24,8671906.81,503.158,468.558,0.0,468.558,0.0,0.0,0.741,certain_cold
dronbreen-20220329-DAT_0238_A1_8,3910.0,542291.36,8671910.45,503.101,469.335,0.0,469.335,0.0,0.0,0.726,certain_cold
dronbreen-20220329-DAT_0238_A1_8,3915.0,542294.21,8671913.83,503.095,470.266,0.0,470.266,0.0,0.0,0.708,certain_cold
dronbreen-20220329-DAT_0238_A1_8,3920.0,542297.95,8671918.28,502.969,470.766,0.0,470.766,0.0,0.0,0.697,uncertain_cold
dronbreen-20220329-DAT_0238_A1_8,3925.0,542300.74,8671921.68,502.771,471.193,0.0,471.193,0.0,0.0,0.685,uncertain_cold
dronbreen-20220329-DAT_0238_A1_8,3930.0,542304.07,8671925.73,502.762,472.018,0.0,472.018,0.0,0.0,0.672,uncertain_cold
dronbreen-20220329-DAT_0238_A1_8,3935.0,542307.37,8671929.91,502.721,472.498,0.0,472.498,0.0,0.0,0.664,uncertain_cold
dronbreen-20220329-DAT_0238_A1_8,3940.0,542310.28,8671933.61,502.632,472.722,0.0,472.722,0.0,0.0,0.656,uncertain_cold
dronbreen-20220329-DAT_0238_A1_8,3945.0,542313.5,8671937.63,502.535,473.042,0.0,473.042,0.0,0.0,0.651,certain_cold
dronbreen-20220329-DAT_0238_A1_8,3950.0,542316.24,8671940.88,502.414,472.92,0.0,472.92,0.0,0.0,0.647,certain_cold
dronbreen-20220329-DAT_0238_A1_8,3955.0,542319.78,8671945.21,502.278,472.889,0.0,472.889,0.0,0.0,0.645,certain_cold
dronbreen-20220329-DAT_0238_A1_8,3960.0,542323.26,8671949.54,502.22,472.831,0.0,472.831,0.0,0.0,0.645,certain_cold
dronbreen-20220329-DAT_0238_A1_8,3965.0,542325.96,8671952.85,502.177,472.788,0.0,472.788,0.0,0.0,0.645,certain_cold
dronbreen-20220329-DAT_0238_A1_8,3970.0,542329.01,8671956.67,502.096,472.499,0.0,472.499,0.0,0.0,0.649,certain_cold
dronbreen-20220329-DAT_0238_A1_8,3975.0,542332.63,8671961.06,501.926,472.015,0.0,472.015,0.0,0.0,0.655,certain_cold
dronbreen-20220329-DAT_0238_A1_8,3980.0,542335.78,8671964.51,501.776,471.657,0.0,471.657,0.0,0.0,0.664,certain_cold
dronbreen-20220329-DAT_0238_A1_8,3985.0,542339.17,8671968.59,501.621,470.773,0.0,470.773,0.0,0.0,0.674,uncertain_cold
dronbreen-20220329-DAT_0238_A1_8,3990.0,542342.45,8671972.46,501.475,469.897,0.0,469.897,0.0,0.0,0.687,uncertain_cold
dronbreen-20220329-DAT_0238_A1_8,3995.0,542345.64,8671976.17,501.334,469.027,0.0,469.027,0.0,0.0,0.699,uncertain_cold
dronbreen-20220329-DAT_0238_A1_8,4000.0,542348.96,8671980.0,501.16,468.019,0.0,468.019,0.0,0.0,0.714,uncertain_cold
dronbreen-20220329-DAT_0238_A1_8,4005.0,542352.13,8671983.91,500.947,467.076,0.0,467.076,0.0,0.0,0.73,uncertain_cold
dronbreen-20220329-DAT_0238_A1_8,4010.0,542355.26,8671987.7,500.725,466.125,0.0,466.125,0.0,0.0,0.743,uncertain_cold
dronbreen-20220329-DAT_0238_A1_8,4015.0,542357.94,8671990.95,500.559,465.438,0.0,465.438,0.0,0.0,0.755,uncertain_cold
dronbreen-20220329-DAT_0238_A1_8,4020.0,542361.49,8671995.28,500.352,464.501,0.0,464.501,0.0,0.0,0.767,uncertain_cold
dronbreen-20220329-DAT_0238_A1_8,4025.0,542364.87,8671999.54,500.203,463.727,0.0,463.727,0.0,0.0,0.776,certain_cold
dronbreen-20220329-DAT_0238_A1_8,4030.0,542367.68,8672003.11,500.069,463.176,0.0,463.176,0.0,0.0,0.784,certain_cold
dronbreen-20220329-DAT_0238_A1_8,4035.0,542370.5,8672006.67,499.908,462.286,0.0,462.286,0.0,0.0,0.798,certain_cold
dronbreen-20220329-DAT_0238_A1_8,4040.0,542373.63,8672010.64,499.705,461.665,0.0,461.665,0.0,0.0,0.806,certain_cold
dronbreen-20220329-DAT_0238_A1_8,4045.0,542376.71,8672014.62,499.49,461.034,0.0,461.034,0.0,0.0,0.814,certain_cold
dronbreen-20220329-DAT_0238_A1_8,4050.0,542379.86,8672018.94,499.221,460.139,0.0,460.139,0.0,0.0,0.826,certain_cold
dronbreen-20220329-DAT_0238_A1_8,4055.0,542382.74,8672022.75,498.955,459.248,0.0,459.248,0.0,0.0,0.837,uncertain_cold
dronbreen-20220329-DAT_0238_A1_8,4060.0,542386.19,8672027.14,498.608,458.693,0.0,458.693,0.0,0.0,0.841,certain_cold
dronbreen-20220329-DAT_0238_A1_8,4065.0,542388.89,8672030.45,498.328,458.1,0.0,458.1,0.0,0.0,0.847,certain_cold
dronbreen-20220329-DAT_0238_A1_8,4070.0,542392.04,8672034.21,497.991,457.451,0.0,457.451,0.0,0.0,0.853,uncertain_cold
dronbreen-20220329-DAT_0238_A1_8,4075.0,542395.2,8672038.03,497.63,457.298,0.0,457.298,0.0,0.0,0.841,uncertain_temperate
dronbreen-20220329-DAT_0238_A1_8,4080.0,542398.5,8672041.98,497.27,457.146,0.0,457.146,0.0,0.0,0.841,uncertain_cold
dronbreen-20220329-DAT_0238_A1_8,4085.0,542402.13,8672046.06,496.91,456.786,0.0,456.786,0.0,0.0,0.839,uncertain_cold
dronbreen-20220329-DAT_0238_A1_8,4090.0,542405.22,8672049.56,496.653,457.051,0.0,457.051,0.0,0.0,0.835,certain_cold
dronbreen-20220329-DAT_0238_A1_8,4095.0,542408.38,8672053.21,496.406,456.178,0.0,456.178,0.0,0.0,0.831,uncertain_temperate
dronbreen-20220329-DAT_0238_A1_8,4100.0,542411.66,8672057.16,496.211,456.192,0.0,456.192,0.0,0.0,0.828,uncertain_temperate
dronbreen-20220329-DAT_0238_A1_8,4105.0,542414.81,8672060.98,496.076,456.265,0.0,456.265,0.0,0.0,0.826,uncertain_temperate
dronbreen-20220329-DAT_0238_A1_8,4110.0,542417.2,8672065.12,495.915,456.104,0.0,456.104,0.0,0.0,0.829,uncertain_temperate
dronbreen-20220329-DAT_0238_A1_8,4115.0,542419.03,8672070.6,495.637,455.617,0.0,455.617,0.0,0.0,0.792,certain_temperate
dronbreen-20220329-DAT_0238_A1_8,4120.0,542418.44,8672075.14,495.275,455.151,0.0,455.151,0.0,0.0,0.786,certain_temperate
dronbreen-20220329-DAT_0238_A1_8,4125.0,542414.7,8672079.03,494.756,454.424,0.0,454.424,0.0,0.0,0.798,certain_temperate
dronbreen-20220329-DAT_0238_A1_8,4130.0,542410.17,8672079.13,494.463,453.922,0.0,453.922,0.0,0.0,0.802,certain_temperate
dronbreen-20220329-DAT_0238_A1_8,4135.0,542405.2,8672077.61,494.305,453.348,0.0,453.348,0.0,0.0,0.814,certain_temperate
dronbreen-20220329-DAT_0238_A1_8,4140.0,542401.1,8672075.25,494.344,453.074,0.0,453.074,0.0,0.0,0.826,certain_temperate
dronbreen-20220329-DAT_0238_A1_8,4145.0,542396.09,8672072.36,494.491,453.012,0.0,453.012,0.0,0.0,0.849,certain_temperate
dronbreen-20220329-DAT_0238_A1_8,4150.0,542392.22,8672069.94,494.67,452.983,0.0,452.983,0.0,0.0,0.855,certain_temperate
dronbreen-20220329-DAT_0238_A1_8,4155.0,542387.72,8672067.2,494.955,452.747,0.0,452.747,0.0,0.0,0.859,uncertain_temperate
dronbreen-20220329-DAT_0238_A1_8,4160.0,542384.05,8672065.03,495.187,452.874,0.0,452.874,0.0,0.0,0.863,uncertain_temperate
dronbreen-20220329-DAT_0238_A1_8,4165.0,542378.97,8672062.27,495.469,453.053,0.0,453.053,0.0,0.0,0.865,uncertain_temperate
dronbreen-20220329-DAT_0238_A1_8,4170.0,542374.69,8672059.96,495.69,453.17,0.0,453.17,0.0,0.0,0.869,uncertain_temperate
dronbreen-20220329-DAT_0238_A1_8,4175.0,542370.47,8672057.69,495.861,453.341,0.0,453.341,0.0,0.0,0.871,uncertain_temperate
dronbreen-20220329-DAT_0238_A1_8,4180.0,542366.49,8672055.55,496.007,453.486,0.0,453.486,0.0,0.0,0.875,uncertain_temperate
dronbreen-20220329-DAT_0238_A1_8,4185.0,542361.36,8672052.87,496.14,453.62,0.0,453.62,0.0,0.0,0.877,uncertain_temperate
dronbreen-20220329-DAT_0238_A1_8,4190.0,542357.21,8672050.79,496.209,453.688,0.0,453.688,0.0,0.0,0.881,uncertain_temperate
dronbreen-20220329-DAT_0238_A1_8,4195.0,542352.18,8672048.58,496.244,453.723,0.0,453.723,0.0,0.0,0.883,uncertain_cold
dronbreen-20220329-DAT_0238_A1_8,4200.0,542347.84,8672046.75,496.243,454.035,0.0,454.035,0.0,0.0,0.881,uncertain_cold
dronbreen-20220329-DAT_0238_A1_8,4205.0,542343.37,8672044.77,496.247,454.456,0.0,454.456,0.0,0.0,0.873,certain_cold
dronbreen-20220329-DAT_0238_A1_8,4210.0,542339.36,8672042.97,496.259,454.78,0.0,454.78,0.0,0.0,0.863,uncertain_temperate
dronbreen-20220329-DAT_0238_A1_8,4215.0,542334.65,8672041.02,496.279,454.8,0.0,454.8,0.0,0.0,0.857,uncertain_temperate
dronbreen-20220329-DAT_0238_A1_8,4220.0,542329.3,8672038.75,496.287,455.33,0.0,455.33,0.0,0.0,0.847,uncertain_temperate
dronbreen-20220329-DAT_0238_A1_8,4225.0,542325.36,8672037.13,496.279,455.739,0.0,455.739,0.0,0.0,0.841,uncertain_temperate
dronbreen-20220329-DAT_0238_A1_8,4230.0,542320.42,8672034.99,496.243,456.119,0.0,456.119,0.0,0.0,0.831,uncertain_temperate
dronbreen-20220329-DAT_0238_A1_8,4235.0,542315.55,8672032.61,496.247,456.645,0.0,456.645,0.0,0.0,0.822,uncertain_temperate
dronbreen-20220329-DAT_0238_A1_8,4240.0,542311.5,8672030.62,496.285,457.204,0.0,457.204,0.0,0.0,0.816,uncertain_temperate
dronbreen-20220329-DAT_0238_A1_8,4245.0,542307.22,8672028.93,496.276,457.82,0.0,457.82,0.0,0.0,0.806,uncertain_temperate
dronbreen-20220329-DAT_0238_A1_8,4250.0,542302.18,8672026.63,496.254,458.319,0.0,458.319,0.0,0.0,0.798,uncertain_cold
dronbreen-20220329-DAT_0238_A1_8,4255.0,542298.24,8672024.99,496.223,458.81,0.0,458.81,0.0,0.0,0.79,uncertain_cold
dronbreen-20220329-DAT_0238_A1_8,4260.0,542293.33,8672023.28,496.149,459.152,0.0,459.152,0.0,0.0,0.784,certain_cold
dronbreen-20220329-DAT_0238_A1_8,4265.0,542288.21,8672021.7,496.04,459.564,0.0,459.564,0.0,0.0,0.776,certain_cold
dronbreen-20220329-DAT_0238_A1_8,4270.0,542283.07,8672020.29,495.906,459.743,0.0,459.743,0.0,0.0,0.771,certain_cold
dronbreen-20220329-DAT_0238_A1_8,4275.0,542278.85,8672019.01,495.795,459.944,0.0,459.944,0.0,0.0,0.765,certain_cold
dronbreen-20220329-DAT_0238_A1_8,4280.0,542273.93,8672017.46,495.605,460.172,0.0,460.172,0.0,0.0,0.757,certain_cold
dronbreen-20220329-DAT_0238_A1_8,4285.0,542268.83,8672015.88,495.399,460.07,0.0,460.07,0.0,0.0,0.751,uncertain_cold
dronbreen-20220329-DAT_0238_A1_8,4290.0,542263.88,8672014.42,495.198,459.764,0.0,459.764,0.0,0.0,0.753,certain_cold
dronbreen-20220329-DAT_0238_A1_8,4295.0,542258.89,8672012.9,495.001,459.358,0.0,459.358,0.0,0.0,0.757,certain_cold
dronbreen-20220329-DAT_0238_A1_8,4300.0,542254.97,8672011.84,494.809,458.958,0.0,458.958,0.0,0.0,0.763,uncertain_cold
dronbreen-20220329-DAT_0238_A1_8,4305.0,542249.66,8672010.19,494.441,458.278,0.0,458.278,0.0,0.0,0.769,uncertain_cold
dronbreen-20220329-DAT_0238_A1_8,4310.0,542245.66,8672008.95,494.144,457.773,0.0,457.773,0.0,0.0,0.772,certain_cold
dronbreen-20220329-DAT_0238_A1_8,4315.0,542240.45,8672007.23,493.806,457.226,0.0,457.226,0.0,0.0,0.776,certain_cold
dronbreen-20220329-DAT_0238_A1_8,4320.0,542235.39,8672005.46,493.447,456.659,0.0,456.659,0.0,0.0,0.782,certain_cold
dronbreen-20220329-DAT_0238_A1_8,4325.0,542230.55,8672003.63,493.501,456.4,0.0,456.4,0.0,0.0,0.788,certain_cold
dronbreen-20220329-DAT_0238_A1_8,4330.0,542226.69,8672002.33,493.865,456.555,0.0,456.555,0.0,0.0,0.792,certain_cold
dronbreen-20220329-DAT_0238_A1_8,4335.0,542221.78,8672000.75,494.096,456.473,0.0,456.473,0.0,0.0,0.798,certain_cold
dronbreen-20220329-DAT_0238_A1_8,4340.0,542216.7,8671998.67,494.265,456.434,0.0,456.434,0.0,0.0,0.802,certain_cold
dronbreen-20220329-DAT_0238_A1_8,4345.0,542212.37,8671996.92,494.509,456.366,0.0,456.366,0.0,0.0,0.808,certain_cold
dronbreen-20220329-DAT_0238_A1_8,4350.0,542207.1,8671994.71,494.925,456.469,0.0,456.469,0.0,0.0,0.814,certain_cold
dronbreen-20220329-DAT_0238_A1_8,4355.0,542202.62,8671992.52,494.274,455.61,0.0,455.61,0.0,0.0,0.818,certain_cold
dronbreen-20220329-DAT_0238_A1_8,4360.0,542198.64,8671990.44,494.42,455.443,0.0,455.443,0.0,0.0,0.824,uncertain_cold
dronbreen-20220329-DAT_0238_A1_8,4365.0,542194.01,8671988.1,494.347,455.057,0.0,455.057,0.0,0.0,0.829,uncertain_cold
dronbreen-20220329-DAT_0238_A1_8,4370.0,542190.15,8671986.18,494.143,454.54,0.0,454.54,0.0,0.0,0.835,uncertain_cold
dronbreen-20220329-DAT_0238_A1_8,4375.0,542185.5,8671984.04,491.476,451.456,0.0,451.456,0.0,0.0,0.841,uncertain_cold
dronbreen-20220329-DAT_0238_A1_8,4380.0,542180.58,8671981.78,490.887,450.347,0.0,450.347,0.0,0.0,0.847,certain_cold
dronbreen-20220329-DAT_0238_A1_8,4385.0,542176.48,8671979.79,490.293,449.44,0.0,449.44,0.0,0.0,0.857,certain_cold
dronbreen-20220329-DAT_0238_A1_8,4390.0,542171.54,8671977.24,490.276,448.798,0.0,448.798,0.0,0.0,0.867,uncertain_cold
dronbreen-20220329-DAT_0238_A1_8,4395.0,542166.97,8671974.89,490.274,448.066,0.0,448.066,0.0,0.0,0.881,certain_cold
dronbreen-20220329-DAT_0238_A1_8,4400.0,542162.82,8671972.66,490.298,447.257,0.0,447.257,0.0,0.0,0.895,certain_cold
dronbreen-20220329-DAT_0238_A1_8,4405.0,542158.56,8671970.36,490.383,446.612,0.0,446.612,0.0,0.0,0.907,certain_cold
dronbreen-20220329-DAT_0238_A1_8,4410.0,542153.51,8671967.63,490.508,445.799,0.0,445.799,0.0,0.0,0.925,certain_cold
dronbreen-20220329-DAT_0238_A1_8,4415.0,542149.69,8671965.51,490.62,445.077,0.0,445.077,0.0,0.0,0.945,uncertain_cold
dronbreen-20220329-DAT_0238_A1_8,4420.0,542145.1,8671962.99,490.787,444.202,0.0,444.202,0.0,0.0,0.969,uncertain_cold
dronbreen-20220329-DAT_0238_A1_8,4425.0,542140.85,8671960.62,490.972,443.345,0.0,443.345,0.0,0.0,0.989,uncertain_cold
dronbreen-20220329-DAT_0238_A1_8,4430.0,542136.57,8671958.57,491.135,442.778,0.0,442.778,0.0,0.0,1.003,uncertain_cold
dronbreen-20220329-DAT_0238_A1_8,4435.0,542132.02,8671956.58,491.264,441.865,0.0,441.865,0.0,0.0,1.023,uncertain_cold
dronbreen-20220329-DAT_0238_A1_8,4440.0,542126.62,8671954.28,491.399,440.853,0.0,440.853,0.0,0.0,1.041,uncertain_cold
dronbreen-20220329-DAT_0238_A1_8,4445.0,542123.03,8671952.75,491.483,440.626,0.0,440.626,0.0,0.0,1.049,uncertain_cold
dronbreen-20220329-DAT_0238_A1_8,4450.0,542117.85,8671950.74,491.588,440.105,0.0,440.105,0.0,0.0,1.063,uncertain_cold
dronbreen-20220329-DAT_0238_A1_8,4455.0,542113.23,8671948.96,491.694,439.689,0.0,439.689,0.0,0.0,1.073,certain_cold
dronbreen-20220329-DAT_0238_A1_8,4460.0,542108.75,8671947.46,491.782,439.361,0.0,439.361,0.0,0.0,1.078,certain_cold
dronbreen-20220329-DAT_0238_A1_8,4465.0,542103.74,8671946.16,491.827,438.884,0.0,438.884,0.0,0.0,1.086,uncertain_cold
dronbreen-20220329-DAT_0238_A1_8,4470.0,542098.9,8671946.89,491.592,438.129,0.0,438.129,0.0,0.0,1.09,uncertain_temperate
dronbreen-20220329-DAT_0238_A1_8,4475.0,542096.04,8671951.31,490.958,437.494,0.0,437.494,0.0,0.0,1.084,uncertain_temperate
dronbreen-20220329-DAT_0238_A1_8,4480.0,542096.46,8671955.95,490.405,437.15,0.0,437.15,0.0,0.0,1.08,uncertain_temperate
dronbreen-20220329-DAT_0238_A1_8,4485.0,542098.17,8671961.15,489.833,436.995,0.0,436.995,0.0,0.0,1.061,uncertain_temperate
dronbreen-20220329-DAT_0238_A1_8,4490.0,542100.61,8671965.48,489.406,437.089,0.0,437.089,0.0,0.0,1.047,uncertain_temperate
dronbreen-20220329-DAT_0238_A1_8,4495.0,542102.89,8671969.36,489.045,437.666,0.0,437.666,0.0,0.0,1.037,uncertain_temperate
dronbreen-20220329-DAT_0238_A1_8,4500.0,542105.37,8671973.47,488.685,438.869,0.0,438.869,0.0,0.0,1.025,uncertain_cold
dronbreen-20220329-DAT_0238_A1_8,4505.0,542108.34,8671978.22,488.299,439.525,0.0,439.525,0.0,0.0,1.001,uncertain_temperate
dronbreen-20220329-DAT_0238_A1_8,4510.0,542111.11,8671982.4,487.92,439.876,0.0,439.876,0.0,0.0,0.985,uncertain_temperate
dronbreen-20220329-DAT_0238_A1_8,4515.0,542113.9,8671986.67,487.49,440.175,0.0,440.175,0.0,0.0,0.965,uncertain_temperate
dronbreen-20220329-DAT_0238_A1_8,4520.0,542116.33,8671990.31,487.146,440.353,0.0,440.353,0.0,0.0,0.957,uncertain_temperate
dronbreen-20220329-DAT_0238_A1_8,4525.0,542119.39,8671994.63,486.788,440.724,0.0,440.724,0.0,0.0,0.937,uncertain_temperate
dronbreen-20220329-DAT_0238_A1_8,4530.0,542122.36,8671999.12,486.448,441.635,0.0,441.635,0.0,0.0,0.919,uncertain_temperate
dronbreen-20220329-DAT_0238_A1_8,4535.0,542124.63,8672002.55,486.188,442.312,0.0,442.312,0.0,0.0,0.903,uncertain_temperate
dronbreen-20220329-DAT_0238_A1_8,4540.0,542127.53,8672006.98,485.829,443.413,0.0,443.413,0.0,0.0,0.885,certain_cold
dronbreen-20220329-DAT_0238_A1_8,4545.0,542130.69,8672011.48,485.472,444.098,0.0,444.098,0.0,0.0,0.857,uncertain_temperate
dronbreen-20220329-DAT_0238_A1_8,4550.0,542133.43,8672015.1,485.214,445.09,0.0,445.09,0.0,0.0,0.837,uncertain_temperate
dronbreen-20220329-DAT_0238_A1_8,4555.0,542136.41,8672019.23,484.946,445.552,0.0,445.552,0.0,0.0,0.824,uncertain_temperate
dronbreen-20220329-DAT_0238_A1_8,4560.0,542139.16,8672023.13,484.72,445.951,0.0,445.951,0.0,0.0,0.816,uncertain_cold
dronbreen-20220329-DAT_0238_A1_8,4565.0,542142.36,8672027.48,484.496,446.353,0.0,446.353,0.0,0.0,0.804,certain_cold
dronbreen-20220329-DAT_0238_A1_8,4570.0,542145.11,8672031.52,484.336,446.506,0.0,446.506,0.0,0.0,0.8,certain_cold
dronbreen-20220329-DAT_0238_A1_8,4575.0,542148.17,8672036.1,484.222,446.495,0.0,446.495,0.0,0.0,0.796,certain_cold
dronbreen-20220329-DAT_0238_A1_8,4580.0,542151.0,8672040.59,484.166,446.544,0.0,446.544,0.0,0.0,0.796,certain_cold
dronbreen-20220329-DAT_0238_A1_8,4585.0,542153.02,8672043.91,484.146,446.627,0.0,446.627,0.0,0.0,0.794,certain_cold
dronbreen-20220329-DAT_0238_A1_8,4590.0,542155.66,8672048.24,484.468,447.158,0.0,447.158,0.0,0.0,0.792,certain_cold
dronbreen-20220329-DAT_0238_A1_8,4595.0,542158.33,8672052.54,486.025,448.611,0.0,448.611,0.0,0.0,0.792,uncertain_cold
dronbreen-20220329-DAT_0238_A1_8,4600.0,542161.47,8672057.42,486.036,448.518,0.0,448.518,0.0,0.0,0.796,uncertain_cold
dronbreen-20220329-DAT_0238_A1_8,4605.0,542163.68,8672060.65,485.823,448.304,0.0,448.304,0.0,0.0,0.796,certain_cold
dronbreen-20220329-DAT_0238_A1_8,4610.0,542166.48,8672064.96,485.507,447.884,0.0,447.884,0.0,0.0,0.798,certain_cold
dronbreen-20220329-DAT_0238_A1_8,4615.0,542169.03,8672069.26,485.121,447.29,0.0,447.29,0.0,0.0,0.802,uncertain_cold
dronbreen-20220329-DAT_0238_A1_8,4620.0,542171.61,8672073.56,484.601,446.666,0.0,446.666,0.0,0.0,0.804,certain_cold
dronbreen-20220329-DAT_0238_A1_8,4625.0,542174.26,8672078.12,484.967,446.824,0.0,446.824,0.0,0.0,0.808,certain_cold
dronbreen-20220329-DAT_0238_A1_8,4630.0,542176.89,8672083.01,485.003,446.442,0.0,446.442,0.0,0.0,0.816,uncertain_cold
dronbreen-20220329-DAT_0238_A1_8,4635.0,542179.08,8672087.33,485.097,446.329,0.0,446.329,0.0,0.0,0.82,uncertain_cold
dronbreen-20220329-DAT_0238_A1_8,4640.0,542181.22,8672091.41,484.806,445.829,0.0,445.829,0.0,0.0,0.824,uncertain_cold
dronbreen-20220329-DAT_0238_A1_8,4645.0,542183.7,8672095.83,484.454,445.268,0.0,445.268,0.0,0.0,0.826,certain_cold
dronbreen-20220329-DAT_0238_A1_8,4650.0,542186.41,8672100.63,484.488,445.094,0.0,445.094,0.0,0.0,0.829,certain_cold
dronbreen-20220329-DAT_0238_A1_8,4655.0,542188.83,8672104.76,484.454,444.851,0.0,444.851,0.0,0.0,0.833,certain_cold
dronbreen-20220329-DAT_0238_A1_8,4660.0,542191.14,8672108.66,484.376,444.357,0.0,444.357,0.0,0.0,0.839,certain_cold
dronbreen-20220329-DAT_0238_A1_8,4665.0,542193.57,8672112.95,484.303,443.971,0.0,443.971,0.0,0.0,0.847,uncertain_cold
dronbreen-20220329-DAT_0238_A1_8,4670.0,542195.92,8672117.24,484.272,443.315,0.0,443.315,0.0,0.0,0.853,uncertain_temperate
dronbreen-20220329-DAT_0238_A1_8,4675.0,542198.56,8672122.37,484.169,442.795,0.0,442.795,0.0,0.0,0.859,uncertain_temperate
dronbreen-20220329-DAT_0238_A1_8,4680.0,542200.86,8672126.56,484.08,442.289,0.0,442.289,0.0,0.0,0.871,certain_cold
dronbreen-20220329-DAT_0238_A1_8,4685.0,542203.12,8672130.71,483.975,441.663,0.0,441.663,0.0,0.0,0.883,certain_cold
dronbreen-20220329-DAT_0238_A1_8,4690.0,542205.63,8672135.54,483.816,440.878,0.0,440.878,0.0,0.0,0.899,certain_cold
dronbreen-20220329-DAT_0238_A1_8,4695.0,542208.09,8672140.33,483.671,440.212,0.0,440.212,0.0,0.0,0.909,certain_cold
dronbreen-20220329-DAT_0238_A1_8,4700.0,542210.35,8672144.53,483.553,439.573,0.0,439.573,0.0,0.0,0.919,certain_cold
dronbreen-20220329-DAT_0238_A1_8,4705.0,542212.31,8672148.47,483.375,438.77,0.0,438.77,0.0,0.0,0.931,certain_cold
dronbreen-20220329-DAT_0238_A1_8,4710.0,542213.8,8672153.16,483.106,438.293,0.0,438.293,0.0,0.0,0.935,certain_cold
dronbreen-20220329-DAT_0238_A1_8,4715.0,542213.21,8672158.48,482.643,437.309,0.0,437.309,0.0,0.0,0.939,certain_cold
dronbreen-20220329-DAT_0238_A1_8,4720.0,542209.92,8672162.47,482.03,436.696,0.0,436.696,0.0,0.0,0.937,certain_cold
dronbreen-20220329-DAT_0238_A1_8,4725.0,542205.34,8672163.17,481.64,436.619,0.0,436.619,0.0,0.0,0.933,uncertain_cold
dronbreen-20220329-DAT_0238_A1_8,4730.0,542200.44,8672162.13,481.399,436.586,0.0,436.586,0.0,0.0,0.929,uncertain_cold
dronbreen-20220329-DAT_0238_A1_8,4735.0,542195.63,8672159.98,481.316,437.023,0.0,437.023,0.0,0.0,0.925,certain_cold
dronbreen-20220329-DAT_0238_A1_8,4740.0,542191.23,8672157.79,481.24,437.365,0.0,437.365,0.0,0.0,0.915,certain_cold
dronbreen-20220329-DAT_0238_A1_8,4745.0,542186.46,8672155.22,481.033,437.575,0.0,437.575,0.0,0.0,0.901,uncertain_cold
dronbreen-20220329-DAT_0238_A1_8,4750.0,542182.53,8672153.24,480.821,437.78,0.0,437.78,0.0,0.0,0.893,uncertain_cold
dronbreen-20220329-DAT_0238_A1_8,4755.0,542178.17,8672151.05,480.52,438.104,0.0,438.104,0.0,0.0,0.881,uncertain_cold
dronbreen-20220329-DAT_0238_A1_8,4760.0,542172.97,8672148.6,480.17,438.379,0.0,438.379,0.0,0.0,0.869,uncertain_cold
dronbreen-20220329-DAT_0238_A1_8,4765.0,542169.11,8672146.77,480.117,438.952,0.0,438.952,0.0,0.0,0.859,uncertain_cold
dronbreen-20220329-DAT_0238_A1_8,4770.0,542165.01,8672144.69,480.217,439.572,0.0,439.572,0.0,0.0,0.847,uncertain_temperate
dronbreen-20220329-DAT_0238_A1_8,4775.0,542160.16,8672142.12,480.148,440.129,0.0,440.129,0.0,0.0,0.833,uncertain_temperate
dronbreen-20220329-DAT_0238_A1_8,4780.0,542155.42,8672139.24,479.256,439.966,0.0,439.966,0.0,0.0,0.824,uncertain_cold
dronbreen-20220329-DAT_0238_A1_8,4785.0,542151.49,8672136.82,478.807,440.142,0.0,440.142,0.0,0.0,0.814,uncertain_cold
dronbreen-20220329-DAT_0238_A1_8,4790.0,542146.69,8672133.88,478.09,440.155,0.0,440.155,0.0,0.0,0.802,certain_cold
dronbreen-20220329-DAT_0238_A1_8,4795.0,542142.7,8672131.19,477.693,440.175,0.0,440.175,0.0,0.0,0.796,certain_cold
dronbreen-20220329-DAT_0238_A1_8,4800.0,542139.29,8672128.87,477.444,440.238,0.0,440.238,0.0,0.0,0.788,certain_cold
dronbreen-20220329-DAT_0238_A1_8,4805.0,542134.62,8672125.84,477.419,440.735,0.0,440.735,0.0,0.0,0.78,certain_cold
dronbreen-20220329-DAT_0238_A1_8,4810.0,542130.1,8672123.06,477.351,440.875,0.0,440.875,0.0,0.0,0.776,certain_cold
dronbreen-20220329-DAT_0238_A1_8,4815.0,542126.46,8672120.77,477.108,440.736,0.0,440.736,0.0,0.0,0.774,certain_cold
dronbreen-20220329-DAT_0238_A1_8,4820.0,542121.81,8672118.02,477.955,441.792,0.0,441.792,0.0,0.0,0.769,certain_cold
dronbreen-20220329-DAT_0238_A1_8,4825.0,542117.61,8672115.77,477.439,441.38,0.0,441.38,0.0,0.0,0.767,certain_cold
dronbreen-20220329-DAT_0238_A1_8,4830.0,542112.97,8672113.36,477.662,441.811,0.0,441.811,0.0,0.0,0.765,certain_cold
dronbreen-20220329-DAT_0238_A1_8,4835.0,542108.99,8672111.48,476.581,440.939,0.0,440.939,0.0,0.0,0.759,certain_cold
dronbreen-20220329-DAT_0238_A1_8,4840.0,542103.98,8672108.66,475.85,440.416,0.0,440.416,0.0,0.0,0.751,certain_cold
dronbreen-20220329-DAT_0238_A1_8,4845.0,542099.99,8672106.36,475.634,440.304,0.0,440.304,0.0,0.0,0.749,uncertain_cold
dronbreen-20220329-DAT_0238_A1_8,4850.0,542095.36,8672103.86,475.41,440.184,0.0,440.184,0.0,0.0,0.745,uncertain_temperate
dronbreen-20220329-DAT_0238_A1_8,4855.0,542091.3,8672101.62,475.262,440.245,0.0,440.245,0.0,0.0,0.741,uncertain_temperate
dronbreen-20220329-DAT_0238_A1_8,4860.0,542086.15,8672099.04,475.191,440.383,0.0,440.383,0.0,0.0,0.737,uncertain_temperate
dronbreen-20220329-DAT_0238_A1_8,4865.0,542081.87,8672096.86,475.263,440.454,0.0,440.454,0.0,0.0,0.739,certain_cold
dronbreen-20220329-DAT_0238_A1_8,4870.0,542077.55,8672094.49,475.4,440.592,0.0,440.592,0.0,0.0,0.741,certain_cold
dronbreen-20220329-DAT_0238_A1_8,4875.0,542073.06,8672092.12,475.511,440.39,0.0,440.39,0.0,0.0,0.743,uncertain_temperate
dronbreen-20220329-DAT_0238_A1_8,4880.0,542068.7,8672089.56,475.519,439.981,0.0,439.981,0.0,0.0,0.745,uncertain_temperate
dronbreen-20220329-DAT_0238_A1_8,4885.0,542064.53,8672087.08,475.46,439.714,0.0,439.714,0.0,0.0,0.751,uncertain_temperate
dronbreen-20220329-DAT_0238_A1_8,4890.0,542060.04,8672084.45,475.251,439.192,0.0,439.192,0.0,0.0,0.761,uncertain_temperate
dronbreen-20220329-DAT_0238_A1_8,4895.0,542056.42,8672082.48,475.047,438.78,0.0,438.78,0.0,0.0,0.767,uncertain_cold
dronbreen-20220329-DAT_0238_A1_8,4900.0,542051.55,8672079.94,474.813,438.337,0.0,438.337,0.0,0.0,0.776,uncertain_cold
dronbreen-20220329-DAT_0238_A1_8,4905.0,542047.43,8672077.98,474.636,437.848,0.0,437.848,0.0,0.0,0.782,uncertain_cold
dronbreen-20220329-DAT_0238_A1_8,4910.0,542042.77,8672076.04,474.452,437.247,0.0,437.247,0.0,0.0,0.788,certain_cold
dronbreen-20220329-DAT_0238_A1_8,4915.0,542037.5,8672075.64,474.066,436.235,0.0,436.235,0.0,0.0,0.802,uncertain_cold
dronbreen-20220329-DAT_0238_A1_8,4920.0,542034.48,8672079.31,473.462,435.631,0.0,435.631,0.0,0.0,0.802,certain_cold
dronbreen-20220329-DAT_0238_A1_8,4925.0,542035.79,8672084.07,473.062,435.648,0.0,435.648,0.0,0.0,0.794,certain_cold
dronbreen-20220329-DAT_0238_A1_8,4930.0,542038.6,8672088.44,472.793,436.109,0.0,436.109,0.0,0.0,0.78,certain_cold
dronbreen-20220329-DAT_0238_A1_8,4935.0,542042.25,8672092.41,472.527,436.364,0.0,436.364,0.0,0.0,0.765,uncertain_cold
dronbreen-20220329-DAT_0238_A1_8,4940.0,542045.17,8672095.53,472.295,436.549,0.0,436.549,0.0,0.0,0.755,uncertain_temperate
dronbreen-20220329-DAT_0238_A1_8,4945.0,542048.44,8672099.41,471.978,436.648,0.0,436.648,0.0,0.0,0.751,uncertain_cold
dronbreen-20220329-DAT_0238_A1_8,4950.0,542052.06,8672103.47,471.78,436.867,0.0,436.867,0.0,0.0,0.743,uncertain_cold
dronbreen-20220329-DAT_0238_A1_8,4955.0,542055.71,8672107.4,471.762,437.162,0.0,437.162,0.0,0.0,0.739,certain_cold
dronbreen-20220329-DAT_0238_A1_8,4960.0,542058.9,8672110.66,471.836,437.444,0.0,437.444,0.0,0.0,0.737,certain_cold
dronbreen-20220329-DAT_0238_A1_8,4965.0,542062.68,8672114.41,471.944,437.657,0.0,437.657,0.0,0.0,0.735,certain_cold
dronbreen-20220329-DAT_0238_A1_8,4970.0,542066.23,8672118.27,471.961,437.673,0.0,437.673,0.0,0.0,0.733,certain_cold
dronbreen-20220329-DAT_0238_A1_8,4975.0,542069.49,8672121.97,471.938,437.442,0.0,437.442,0.0,0.0,0.733,certain_cold
dronbreen-20220329-DAT_0238_A1_8,4980.0,542072.86,8672125.73,471.899,437.299,0.0,437.299,0.0,0.0,0.737,certain_cold
dronbreen-20220329-DAT_0238_A1_8,4985.0,542075.79,8672128.87,471.917,437.213,0.0,437.213,0.0,0.0,0.739,certain_cold
dronbreen-20220329-DAT_0238_A1_8,4990.0,542079.6,8672133.08,471.983,437.175,0.0,437.175,0.0,0.0,0.745,certain_cold
dronbreen-20220329-DAT_0238_A1_8,4995.0,542082.78,8672136.48,471.996,436.979,0.0,436.979,0.0,0.0,0.747,certain_cold
dronbreen-20220329-DAT_0238_A1_8,5000.0,542086.08,8672139.98,471.984,436.863,0.0,436.863,0.0,0.0,0.749,certain_cold
dronbreen-20220329-DAT_0238_A1_8,5005.0,542089.67,8672143.82,471.888,436.663,0.0,436.663,0.0,0.0,0.751,certain_cold
dronbreen-20220329-DAT_0238_A1_8,5010.0,542093.02,8672147.64,471.794,436.569,0.0,436.569,0.0,0.0,0.753,certain_cold
dronbreen-20220329-DAT_0238_A1_8,5015.0,542096.45,8672151.66,471.79,436.46,0.0,436.46,0.0,0.0,0.755,certain_cold
dronbreen-20220329-DAT_0238_A1_8,5020.0,542099.08,8672154.53,471.879,436.445,0.0,436.445,0.0,0.0,0.757,certain_cold
dronbreen-20220329-DAT_0238_A1_8,5025.0,542102.67,8672158.32,472.053,436.515,0.0,436.515,0.0,0.0,0.759,certain_cold
dronbreen-20220329-DAT_0238_A1_8,5030.0,542106.44,8672162.27,472.218,436.368,0.0,436.368,0.0,0.0,0.765,certain_cold
dronbreen-20220329-DAT_0238_A1_8,5035.0,542109.61,8672165.59,472.356,436.297,0.0,436.297,0.0,0.0,0.767,certain_cold
dronbreen-20220329-DAT_0238_A1_8,5040.0,542113.62,8672169.36,472.577,436.309,0.0,436.309,0.0,0.0,0.772,certain_cold
dronbreen-20220329-DAT_0238_A1_8,5045.0,542116.94,8672172.77,472.788,436.208,0.0,436.208,0.0,0.0,0.778,certain_cold
dronbreen-20220329-DAT_0238_A1_8,5050.0,542120.12,8672175.85,472.999,436.106,0.0,436.106,0.0,0.0,0.784,certain_cold
dronbreen-20220329-DAT_0238_A1_8,5055.0,542124.02,8672179.69,473.316,436.11,0.0,436.11,0.0,0.0,0.79,certain_cold
dronbreen-20220329-DAT_0238_A1_8,5060.0,542127.96,8672183.72,473.55,436.136,0.0,436.136,0.0,0.0,0.794,certain_cold
dronbreen-20220329-DAT_0238_A1_8,5065.0,542130.87,8672186.69,473.63,435.695,0.0,435.695,0.0,0.0,0.804,certain_cold
dronbreen-20220329-DAT_0238_A1_8,5070.0,542134.68,8672190.69,473.726,435.374,0.0,435.374,0.0,0.0,0.812,uncertain_cold
dronbreen-20220329-DAT_0238_A1_8,5075.0,542137.97,8672194.46,473.715,434.842,0.0,434.842,0.0,0.0,0.82,uncertain_cold
dronbreen-20220329-DAT_0238_A1_8,5080.0,542141.02,8672198.15,473.834,434.231,0.0,434.231,0.0,0.0,0.828,uncertain_temperate
dronbreen-20220329-DAT_0238_A1_8,5085.0,542144.51,8672202.11,473.882,433.55,0.0,433.55,0.0,0.0,0.845,uncertain_cold
dronbreen-20220329-DAT_0238_A1_8,5090.0,542147.85,8672205.89,473.875,432.71,0.0,432.71,0.0,0.0,0.863,certain_cold
dronbreen-20220329-DAT_0238_A1_8,5095.0,542150.56,8672209.0,473.9,431.796,0.0,431.796,0.0,0.0,0.883,certain_cold
dronbreen-20220329-DAT_0238_A1_8,5100.0,542153.84,8672212.82,473.891,430.85,0.0,430.85,0.0,0.0,0.899,certain_cold
dronbreen-20220329-DAT_0238_A1_8,5105.0,542157.89,8672217.35,473.869,429.89,0.0,429.89,0.0,0.0,0.919,certain_cold
dronbreen-20220329-DAT_0238_A1_8,5110.0,542161.08,8672220.93,473.935,429.017,0.0,429.017,0.0,0.0,0.937,certain_cold
dronbreen-20220329-DAT_0238_A1_8,5115.0,542164.13,8672224.49,473.964,428.004,0.0,428.004,0.0,0.0,0.957,certain_cold
dronbreen-20220329-DAT_0238_A1_8,5120.0,542167.37,8672228.57,473.893,426.579,0.0,426.579,0.0,0.0,0.983,certain_cold
dronbreen-20220329-DAT_0238_A1_8,5125.0,542170.92,8672232.65,473.804,425.343,0.0,425.343,0.0,0.0,1.005,uncertain_cold
dronbreen-20220329-DAT_0238_A1_8,5130.0,542173.62,8672235.46,473.748,424.557,0.0,424.557,0.0,0.0,1.019,uncertain_cold
dronbreen-20220329-DAT_0238_A1_8,5135.0,542177.16,8672239.05,473.659,423.322,0.0,423.322,0.0,0.0,1.041,certain_cold
dronbreen-20220329-DAT_0238_A1_8,5140.0,542180.67,8672242.57,473.535,422.365,0.0,422.365,0.0,0.0,1.057,certain_cold
dronbreen-20220329-DAT_0238_A1_8,5145.0,542184.52,8672246.12,473.405,421.088,0.0,421.088,0.0,0.0,1.08,certain_cold
dronbreen-20220329-DAT_0238_A1_8,5150.0,542188.03,8672249.44,473.238,419.983,0.0,419.983,0.0,0.0,1.096,certain_cold
dronbreen-20220329-DAT_0238_A1_8,5155.0,542191.75,8672252.93,473.079,418.99,0.0,418.99,0.0,0.0,1.112,certain_cold
dronbreen-20220329-DAT_0238_A1_8,5160.0,542195.81,8672256.91,472.895,417.868,0.0,417.868,0.0,0.0,1.128,certain_cold
dronbreen-20220329-DAT_0238_A1_8,5165.0,542198.86,8672259.73,472.796,417.353,0.0,417.353,0.0,0.0,1.136,certain_cold
dronbreen-20220329-DAT_0238_A1_8,5170.0,542202.43,8672263.29,472.667,417.432,0.0,417.432,0.0,0.0,1.13,certain_cold
dronbreen-20220329-DAT_0238_A1_8,5175.0,542206.04,8672267.12,472.496,417.677,0.0,417.677,0.0,0.0,1.122,uncertain_cold
dronbreen-20220329-DAT_0238_A1_8,5180.0,542209.82,8672270.92,472.276,418.083,0.0,418.083,0.0,0.0,1.112,uncertain_cold
dronbreen-20220329-DAT_0238_A1_8,5185.0,542213.13,8672274.05,472.077,418.51,0.0,418.51,0.0,0.0,1.1,uncertain_cold
dronbreen-20220329-DAT_0238_A1_8,5190.0,542216.64,8672277.2,471.846,418.696,0.0,418.696,0.0,0.0,1.088,uncertain_cold
dronbreen-20220329-DAT_0238_A1_8,5195.0,542220.68,8672281.35,471.546,419.333,0.0,419.333,0.0,0.0,1.065,uncertain_temperate
dronbreen-20220329-DAT_0238_A1_8,5200.0,542224.08,8672284.53,471.358,420.187,0.0,420.187,0.0,0.0,1.051,uncertain_cold
dronbreen-20220329-DAT_0238_A1_8,5205.0,542227.73,8672288.0,471.181,420.844,0.0,420.844,0.0,0.0,1.037,uncertain_cold
dronbreen-20220329-DAT_0238_A1_8,5210.0,542231.43,8672291.74,470.988,421.589,0.0,421.589,0.0,0.0,1.021,uncertain_cold
dronbreen-20220329-DAT_0238_A1_8,5215.0,542235.1,8672295.64,470.745,422.388,0.0,422.388,0.0,0.0,1.003,uncertain_cold
dronbreen-20220329-DAT_0238_A1_8,5220.0,542237.85,8672298.7,470.517,422.889,0.0,422.889,0.0,0.0,0.985,uncertain_cold
dronbreen-20220329-DAT_0238_A1_8,5225.0,542241.48,8672302.9,470.144,423.767,0.0,423.767,0.0,0.0,0.961,certain_cold
dronbreen-20220329-DAT_0238_A1_8,5230.0,542244.34,8672306.48,469.791,423.935,0.0,423.935,0.0,0.0,0.955,uncertain_cold
dronbreen-20220329-DAT_0238_A1_8,5235.0,542247.23,8672311.13,469.268,423.933,0.0,423.933,0.0,0.0,0.945,certain_cold
dronbreen-20220329-DAT_0238_A1_8,5240.0,542249.19,8672315.42,468.727,423.393,0.0,423.393,0.0,0.0,0.945,certain_cold
dronbreen-20220329-DAT_0238_A1_8,5245.0,542249.92,8672319.93,468.139,422.7,0.0,422.7,0.0,0.0,0.947,uncertain_cold
dronbreen-20220329-DAT_0238_A1_8,5250.0,542248.62,8672324.66,467.559,421.599,0.0,421.599,0.0,0.0,0.955,certain_cold
dronbreen-20220329-DAT_0238_A1_8,5255.0,542245.22,8672328.6,467.116,419.28,0.0,419.28,0.0,0.0,0.991,uncertain_cold
dronbreen-20220329-DAT_0238_A1_8,5260.0,542240.31,8672329.8,467.019,417.411,0.0,417.411,0.0,0.0,1.021,uncertain_cold
dronbreen-20220329-DAT_0238_A1_8,5265.0,542235.73,8672328.67,467.143,416.389,0.0,416.389,0.0,0.0,1.039,uncertain_temperate
dronbreen-20220329-DAT_0238_A1_8,5270.0,542230.9,8672326.39,467.338,415.23,0.0,415.23,0.0,0.0,1.067,certain_cold
dronbreen-20220329-DAT_0238_A1_8,5275.0,542226.28,8672323.31,467.574,414.319,0.0,414.319,0.0,0.0,1.094,certain_cold
dronbreen-20220329-DAT_0238_A1_8,5280.0,542222.93,8672321.13,467.704,413.512,0.0,413.512,0.0,0.0,1.112,certain_cold
dronbreen-20220329-DAT_0238_A1_8,5285.0,542218.79,8672318.02,467.87,412.74,0.0,412.74,0.0,0.0,1.13,certain_cold
dronbreen-20220329-DAT_0238_A1_8,5290.0,542214.74,8672314.94,468.0,411.827,0.0,411.827,0.0,0.0,1.152,certain_cold
dronbreen-20220329-DAT_0238_A1_8,5295.0,542210.34,8672311.64,468.121,410.385,0.0,410.385,0.0,0.0,1.183,certain_cold
dronbreen-20220329-DAT_0238_A1_8,5300.0,542206.03,8672308.44,468.236,409.458,0.0,409.458,0.0,0.0,1.199,certain_cold
dronbreen-20220329-DAT_0238_A1_8,5305.0,542202.35,8672305.48,468.356,409.161,0.0,409.161,0.0,0.0,1.207,certain_cold
dronbreen-20220329-DAT_0238_A1_8,5310.0,542199.16,8672302.76,468.49,409.087,0.0,409.087,0.0,0.0,1.215,certain_cold
dronbreen-20220329-DAT_0238_A1_8,5315.0,542194.87,8672299.2,468.677,409.064,0.0,409.064,0.0,0.0,1.215,certain_cold
dronbreen-20220329-DAT_0238_A1_8,5320.0,542191.04,8672296.24,468.806,409.194,0.0,409.194,0.0,0.0,1.217,certain_cold
dronbreen-20220329-DAT_0238_A1_8,5325.0,542186.82,8672292.95,468.95,409.338,0.0,409.338,0.0,0.0,1.219,certain_cold
dronbreen-20220329-DAT_0238_A1_8,5330.0,542183.34,8672290.23,469.085,409.577,0.0,409.577,0.0,0.0,1.217,certain_cold
dronbreen-20220329-DAT_0238_A1_8,5335.0,542178.92,8672286.74,469.235,409.831,0.0,409.831,0.0,0.0,1.215,certain_cold
dronbreen-20220329-DAT_0238_A1_8,5340.0,542175.54,8672283.77,469.334,410.347,0.0,410.347,0.0,0.0,1.207,certain_cold
dronbreen-20220329-DAT_0238_A1_8,5345.0,542172.0,8672280.63,469.42,410.954,0.0,410.954,0.0,0.0,1.195,certain_cold
dronbreen-20220329-DAT_0238_A1_8,5350.0,542167.81,8672276.81,469.464,412.145,0.0,412.145,0.0,0.0,1.173,uncertain_cold
dronbreen-20220329-DAT_0238_A1_8,5355.0,542164.15,8672273.81,469.467,413.607,0.0,413.607,0.0,0.0,1.146,certain_cold
dronbreen-20220329-DAT_0238_A1_8,5360.0,542160.52,8672270.77,469.509,414.482,0.0,414.482,0.0,0.0,1.126,uncertain_cold
dronbreen-20220329-DAT_0238_A1_8,5365.0,542156.43,8672267.57,469.53,416.171,0.0,416.171,0.0,0.0,1.092,uncertain_cold
dronbreen-20220329-DAT_0238_A1_8,5370.0,542152.9,8672264.71,469.532,417.319,0.0,417.319,0.0,0.0,1.069,uncertain_cold
dronbreen-20220329-DAT_0238_A1_8,5375.0,542148.95,8672261.55,469.449,418.487,0.0,418.487,0.0,0.0,1.045,uncertain_cold
dronbreen-20220329-DAT_0238_A1_8,5380.0,542144.38,8672257.98,469.326,420.031,0.0,420.031,0.0,0.0,1.019,certain_cold
dronbreen-20220329-DAT_0238_A1_8,5385.0,542140.93,8672255.55,469.186,420.934,0.0,420.934,0.0,0.0,1.001,certain_cold
dronbreen-20220329-DAT_0238_A1_8,5390.0,542136.19,8672252.32,468.985,421.983,0.0,421.983,0.0,0.0,0.975,certain_cold
dronbreen-20220329-DAT_0238_A1_8,5395.0,542132.16,8672249.55,468.831,423.184,0.0,423.184,0.0,0.0,0.949,certain_cold
dronbreen-20220329-DAT_0238_A1_8,5400.0,542128.36,8672246.82,468.662,424.162,0.0,424.162,0.0,0.0,0.927,certain_cold
dronbreen-20220329-DAT_0238_A1_8,5405.0,542123.97,8672243.89,468.412,424.954,0.0,424.954,0.0,0.0,0.909,certain_cold
dronbreen-20220329-DAT_0238_A1_8,5410.0,542119.49,8672240.71,468.179,426.076,0.0,426.076,0.0,0.0,0.883,certain_cold
dronbreen-20220329-DAT_0238_A1_8,5415.0,542116.14,8672238.19,468.054,426.784,0.0,426.784,0.0,0.0,0.867,certain_cold
dronbreen-20220329-DAT_0238_A1_8,5420.0,542111.51,8672234.82,467.86,427.424,0.0,427.424,0.0,0.0,0.851,certain_cold
dronbreen-20220329-DAT_0238_A1_8,5425.0,542107.75,8672232.08,467.641,427.726,0.0,427.726,0.0,0.0,0.841,certain_cold
dronbreen-20220329-DAT_0238_A1_8,5430.0,542103.5,8672229.11,467.365,427.971,0.0,427.971,0.0,0.0,0.831,certain_cold
dronbreen-20220329-DAT_0238_A1_8,5435.0,542100.2,8672226.77,467.252,428.275,0.0,428.275,0.0,0.0,0.822,certain_cold
dronbreen-20220329-DAT_0238_A1_8,5440.0,542095.6,8672223.65,466.895,428.439,0.0,428.439,0.0,0.0,0.812,certain_cold
dronbreen-20220329-DAT_0238_A1_8,5445.0,542091.48,8672220.82,466.534,428.495,0.0,428.495,0.0,0.0,0.804,certain_cold
dronbreen-20220329-DAT_0238_A1_8,5450.0,542087.29,8672217.87,466.032,428.201,0.0,428.201,0.0,0.0,0.798,certain_cold
dronbreen-20220329-DAT_0238_A1_8,5455.0,542083.78,8672215.22,465.407,427.784,0.0,427.784,0.0,0.0,0.796,certain_cold
dronbreen-20220329-DAT_0238_A1_8,5460.0,542079.13,8672211.78,464.297,426.883,0.0,426.883,0.0,0.0,0.792,certain_cold
dronbreen-20220329-DAT_0238_A1_8,5465.0,542075.3,8672208.9,463.401,426.092,0.0,426.092,0.0,0.0,0.788,certain_cold
dronbreen-20220329-DAT_0238_A1_8,5470.0,542071.33,8672205.96,462.63,425.321,0.0,425.321,0.0,0.0,0.79,certain_cold
dronbreen-20220329-DAT_0238_A1_8,5475.0,542066.93,8672202.72,462.422,425.009,0.0,425.009,0.0,0.0,0.792,certain_cold
dronbreen-20220329-DAT_0238_A1_8,5480.0,542063.56,8672200.32,462.577,425.163,0.0,425.163,0.0,0.0,0.794,certain_cold
dronbreen-20220329-DAT_0238_A1_8,5485.0,542058.97,8672197.01,462.977,425.355,0.0,425.355,0.0,0.0,0.796,certain_cold
dronbreen-20220329-DAT_0238_A1_8,5490.0,542055.43,8672194.39,463.117,425.286,0.0,425.286,0.0,0.0,0.798,certain_cold
dronbreen-20220329-DAT_0238_A1_8,5495.0,542051.03,8672191.13,463.26,425.117,0.0,425.117,0.0,0.0,0.802,uncertain_cold
dronbreen-20220329-DAT_0238_A1_8,5500.0,542047.31,8672188.46,463.246,424.79,0.0,424.79,0.0,0.0,0.804,uncertain_temperate
dronbreen-20220329-DAT_0238_A1_8,5505.0,542042.78,8672185.34,463.154,424.906,0.0,424.906,0.0,0.0,0.802,uncertain_temperate
dronbreen-20220329-DAT_0238_A1_8,5510.0,542038.31,8672182.41,463.002,425.171,0.0,425.171,0.0,0.0,0.802,certain_cold
dronbreen-20220329-DAT_0238_A1_8,5515.0,542035.01,8672180.07,462.907,425.076,0.0,425.076,0.0,0.0,0.782,uncertain_temperate
dronbreen-20220329-DAT_0238_A1_8,5520.0,542030.8,8672176.68,462.903,425.489,0.0,425.489,0.0,0.0,0.774,uncertain_temperate
dronbreen-20220329-DAT_0238_A1_8,5525.0,542027.07,8672173.68,462.902,426.009,0.0,426.009,0.0,0.0,0.765,uncertain_temperate
dronbreen-20220329-DAT_0238_A1_8,5530.0,542022.51,8672169.94,462.863,426.491,0.0,426.491,0.0,0.0,0.755,uncertain_temperate
dronbreen-20220329-DAT_0238_A1_8,5535.0,542019.33,8672167.3,462.775,426.924,0.0,426.924,0.0,0.0,0.751,uncertain_temperate
dronbreen-20220329-DAT_0238_A1_8,5540.0,542015.55,8672164.12,462.579,427.041,0.0,427.041,0.0,0.0,0.757,certain_cold
dronbreen-20220329-DAT_0238_A1_8,5545.0,542011.65,8672160.81,462.345,426.599,0.0,426.599,0.0,0.0,0.761,certain_cold
dronbreen-20220329-DAT_0238_A1_8,5550.0,542007.19,8672157.8,462.052,425.889,0.0,425.889,0.0,0.0,0.767,certain_cold
dronbreen-20220329-DAT_0238_A1_8,5555.0,542002.34,8672157.28,461.561,424.981,0.0,424.981,0.0,0.0,0.774,certain_cold
dronbreen-20220329-DAT_0238_A1_8,5560.0,541998.79,8672160.52,460.775,423.882,0.0,423.882,0.0,0.0,0.784,certain_cold
dronbreen-20220329-DAT_0238_A1_8,5565.0,541998.22,8672165.77,459.759,422.449,0.0,422.449,0.0,0.0,0.79,certain_cold
dronbreen-20220329-DAT_0238_A1_8,5570.0,541999.68,8672170.22,458.843,421.117,0.0,421.117,0.0,0.0,0.8,certain_cold
dronbreen-20220329-DAT_0238_A1_8,5575.0,542002.44,8672175.07,457.561,419.626,0.0,419.626,0.0,0.0,0.804,certain_cold
dronbreen-20220329-DAT_0238_A1_8,5580.0,542004.69,8672178.7,456.378,418.13,0.0,418.13,0.0,0.0,0.81,certain_cold
dronbreen-20220329-DAT_0238_A1_8,5585.0,542007.84,8672183.32,454.38,415.715,0.0,415.715,0.0,0.0,0.814,certain_cold
dronbreen-20220329-DAT_0238_A1_8,5590.0,542010.69,8672187.75,452.243,413.266,0.0,413.266,0.0,0.0,0.82,certain_cold
dronbreen-20220329-DAT_0238_A1_8,5595.0,542012.82,8672190.98,451.088,411.903,0.0,411.903,0.0,0.0,0.828,certain_cold
dronbreen-20220329-DAT_0238_A1_8,5600.0,542015.74,8672195.66,450.692,411.194,0.0,411.194,0.0,0.0,0.833,certain_cold
dronbreen-20220329-DAT_0238_A1_8,5605.0,542018.52,8672200.46,451.769,411.958,0.0,411.958,0.0,0.0,0.839,certain_cold
dronbreen-20220329-DAT_0238_A1_8,5610.0,542020.82,8672204.47,453.609,413.485,0.0,413.485,0.0,0.0,0.845,certain_cold
dronbreen-20220329-DAT_0238_A1_8,5615.0,542023.12,8672208.36,456.211,415.774,0.0,415.774,0.0,0.0,0.851,certain_cold
dronbreen-20220329-DAT_0238_A1_8,5620.0,542025.9,8672212.91,460.059,419.415,0.0,419.415,0.0,0.0,0.855,certain_cold
dronbreen-20220329-DAT_0238_A1_8,5625.0,542028.79,8672217.65,460.365,419.512,0.0,419.512,0.0,0.0,0.855,uncertain_cold
dronbreen-20220329-DAT_0238_A1_8,5630.0,542030.93,8672221.16,460.482,419.629,0.0,419.629,0.0,0.0,0.855,uncertain_cold
dronbreen-20220329-DAT_0238_A1_8,5635.0,542033.88,8672226.19,459.889,418.931,0.0,418.931,0.0,0.0,0.853,uncertain_temperate
dronbreen-20220329-DAT_0238_A1_8,5640.0,542036.43,8672230.67,459.779,418.926,0.0,418.926,0.0,0.0,0.853,uncertain_cold
dronbreen-20220329-DAT_0238_A1_8,5645.0,542038.46,8672234.38,459.576,418.723,0.0,418.723,0.0,0.0,0.851,uncertain_temperate
dronbreen-20220329-DAT_0238_A1_8,5650.0,542040.99,8672239.06,459.188,418.44,0.0,418.44,0.0,0.0,0.855,certain_cold
dronbreen-20220329-DAT_0238_A1_8,5655.0,542043.31,8672243.35,459.192,418.339,0.0,418.339,0.0,0.0,0.855,certain_cold
dronbreen-20220329-DAT_0238_A1_8,5660.0,542045.82,8672247.9,459.144,418.187,0.0,418.187,0.0,0.0,0.859,certain_cold
dronbreen-20220329-DAT_0238_A1_8,5665.0,542047.9,8672251.8,459.089,417.923,0.0,417.923,0.0,0.0,0.861,certain_cold
dronbreen-20220329-DAT_0238_A1_8,5670.0,542050.26,8672256.29,459.023,417.753,0.0,417.753,0.0,0.0,0.865,certain_cold
dronbreen-20220329-DAT_0238_A1_8,5675.0,542052.59,8672260.78,458.96,417.377,0.0,417.377,0.0,0.0,0.869,certain_cold
dronbreen-20220329-DAT_0238_A1_8,5680.0,542055.05,8672265.87,458.898,417.107,0.0,417.107,0.0,0.0,0.875,certain_cold
dronbreen-20220329-DAT_0238_A1_8,5685.0,542057.18,8672270.46,459.057,417.057,0.0,417.057,0.0,0.0,0.879,certain_cold
dronbreen-20220329-DAT_0238_A1_8,5690.0,542059.2,8672274.76,459.174,416.966,0.0,416.966,0.0,0.0,0.883,certain_cold
dronbreen-20220329-DAT_0238_A1_8,5695.0,542060.96,8672278.64,459.13,416.609,0.0,416.609,0.0,0.0,0.889,certain_cold
dronbreen-20220329-DAT_0238_A1_8,5700.0,542063.14,8672283.3,459.062,416.333,0.0,416.333,0.0,0.0,0.895,certain_cold
dronbreen-20220329-DAT_0238_A1_8,5705.0,542065.69,8672288.55,458.844,415.698,0.0,415.698,0.0,0.0,0.903,certain_cold
dronbreen-20220329-DAT_0238_A1_8,5710.0,542067.46,8672292.19,458.632,414.965,0.0,414.965,0.0,0.0,0.911,certain_cold
dronbreen-20220329-DAT_0238_A1_8,5715.0,542070.06,8672297.66,458.303,414.115,0.0,414.115,0.0,0.0,0.923,certain_cold
dronbreen-20220329-DAT_0238_A1_8,5720.0,542071.74,8672301.5,458.119,413.306,0.0,413.306,0.0,0.0,0.933,certain_cold
dronbreen-20220329-DAT_0238_A1_8,5725.0,542073.91,8672306.53,457.91,412.367,0.0,412.367,0.0,0.0,0.947,uncertain_cold
dronbreen-20220329-DAT_0238_A1_8,5730.0,542075.62,8672310.74,457.764,411.283,0.0,411.283,0.0,0.0,0.965,uncertain_cold
dronbreen-20220329-DAT_0238_A1_8,5735.0,542077.4,8672315.01,457.62,410.306,0.0,410.306,0.0,0.0,0.979,certain_cold
dronbreen-20220329-DAT_0238_A1_8,5740.0,542079.67,8672320.22,457.425,408.755,0.0,408.755,0.0,0.0,1.007,certain_cold
dronbreen-20220329-DAT_0238_A1_8,5745.0,542081.75,8672324.53,457.259,407.235,0.0,407.235,0.0,0.0,1.033,certain_cold
dronbreen-20220329-DAT_0238_A1_8,5750.0,542084.24,8672329.5,457.077,405.594,0.0,405.594,0.0,0.0,1.061,certain_cold
dronbreen-20220329-DAT_0238_A1_8,5755.0,542086.2,8672333.34,456.934,404.201,0.0,404.201,0.0,0.0,1.082,certain_cold
dronbreen-20220329-DAT_0238_A1_8,5760.0,542088.34,8672337.73,456.736,402.543,0.0,402.543,0.0,0.0,1.11,certain_cold
dronbreen-20220329-DAT_0238_A1_8,5765.0,542090.75,8672342.94,456.51,400.962,0.0,400.962,0.0,0.0,1.138,certain_cold
dronbreen-20220329-DAT_0238_A1_8,5770.0,542092.41,8672346.79,456.328,399.842,0.0,399.842,0.0,0.0,1.158,certain_cold
dronbreen-20220329-DAT_0238_A1_8,5775.0,542094.39,8672352.27,455.994,397.841,0.0,397.841,0.0,0.0,1.193,certain_cold
dronbreen-20220329-DAT_0238_A1_8,5780.0,542096.32,8672357.11,455.716,395.999,0.0,395.999,0.0,0.0,1.219,certain_cold
dronbreen-20220329-DAT_0238_A1_8,5785.0,542098.12,8672361.58,455.439,393.951,0.0,393.951,0.0,0.0,1.254,certain_cold
dronbreen-20220329-DAT_0238_A1_8,5790.0,542100.02,8672366.15,455.167,392.637,0.0,392.637,0.0,0.0,1.27,certain_cold
dronbreen-20220329-DAT_0238_A1_8,5795.0,542101.79,8672370.43,454.934,392.196,0.0,392.196,0.0,0.0,1.274,uncertain_cold
dronbreen-20220329-DAT_0238_A1_8,5800.0,542103.95,8672375.21,454.692,392.058,0.0,392.058,0.0,0.0,1.27,certain_cold
dronbreen-20220329-DAT_0238_A1_8,5805.0,542106.11,8672379.93,454.43,392.003,0.0,392.003,0.0,0.0,1.266,uncertain_cold
dronbreen-20220329-DAT_0238_A1_8,5810.0,542108.23,8672384.34,454.155,391.938,0.0,391.938,0.0,0.0,1.266,uncertain_cold
dronbreen-20220329-DAT_0238_A1_8,5815.0,542110.39,8672388.86,453.843,391.938,0.0,391.938,0.0,0.0,1.266,certain_cold
dronbreen-20220329-DAT_0238_A1_8,5820.0,542112.34,8672393.06,453.54,391.739,0.0,391.739,0.0,0.0,1.264,certain_cold
dronbreen-20220329-DAT_0238_A1_8,5825.0,542114.54,8672398.06,453.169,391.473,0.0,391.473,0.0,0.0,1.264,certain_cold
dronbreen-20220329-DAT_0238_A1_8,5830.0,542116.78,8672402.53,452.888,391.4,0.0,391.4,0.0,0.0,1.268,certain_cold
dronbreen-20220329-DAT_0238_A1_8,5835.0,542118.61,8672406.33,452.662,391.07,0.0,391.07,0.0,0.0,1.272,certain_cold
dronbreen-20220329-DAT_0238_A1_8,5840.0,542120.87,8672411.28,452.386,390.273,0.0,390.273,0.0,0.0,1.276,certain_cold
dronbreen-20220329-DAT_0238_A1_8,5845.0,542122.89,8672415.38,452.204,389.674,0.0,389.674,0.0,0.0,1.279,uncertain_cold
dronbreen-20220329-DAT_0238_A1_8,5850.0,542125.49,8672420.55,451.973,389.339,0.0,389.339,0.0,0.0,1.281,certain_cold
dronbreen-20220329-DAT_0238_A1_8,5855.0,542127.6,8672424.83,451.711,388.869,0.0,388.869,0.0,0.0,1.281,certain_cold
dronbreen-20220329-DAT_0238_A1_8,5860.0,542129.71,8672429.12,451.395,388.031,0.0,388.031,0.0,0.0,1.287,certain_cold
dronbreen-20220329-DAT_0238_A1_8,5865.0,542131.64,8672433.4,451.04,387.364,0.0,387.364,0.0,0.0,1.297,certain_cold
dronbreen-20220329-DAT_0238_A1_8,5870.0,542133.68,8672438.53,450.635,385.708,0.0,385.708,0.0,0.0,1.309,uncertain_temperate
dronbreen-20220329-DAT_0238_A1_8,5875.0,542134.54,8672442.93,450.251,384.386,0.0,384.386,0.0,0.0,1.315,uncertain_temperate
dronbreen-20220329-DAT_0238_A1_8,5880.0,542134.18,8672448.42,449.693,382.473,0.0,382.473,0.0,0.0,1.358,uncertain_cold
dronbreen-20220329-DAT_0238_A1_8,5885.0,542131.91,8672452.39,449.146,380.78,0.0,380.78,0.0,0.0,1.393,uncertain_cold
dronbreen-20220329-DAT_0238_A1_8,5890.0,542127.5,8672455.23,448.604,378.257,0.0,378.257,0.0,0.0,1.403,uncertain_temperate
dronbreen-20220329-DAT_0238_A1_8,5895.0,542123.04,8672457.5,448.101,376.399,0.0,376.399,0.0,0.0,1.409,uncertain_temperate
dronbreen-20220329-DAT_0238_A1_8,5900.0,542118.76,8672459.98,447.58,373.899,0.0,373.899,0.0,0.0,1.417,uncertain_temperate
dronbreen-20220329-DAT_0238_A1_8,5905.0,542114.51,8672462.63,447.06,372.024,0.0,372.024,0.0,0.0,1.424,uncertain_temperate
dronbreen-20220329-DAT_0238_A1_8,5910.0,542110.68,8672465.31,446.581,370.19,0.0,370.19,0.0,0.0,1.43,uncertain_temperate
dronbreen-20220329-DAT_0238_A1_8,5915.0,542106.41,8672468.15,446.026,368.488,0.0,368.488,0.0,0.0,1.456,uncertain_temperate
dronbreen-20220329-DAT_0238_A1_8,5920.0,542101.77,8672471.42,445.332,366.648,0.0,366.648,0.0,0.0,1.514,certain_temperate
dronbreen-20220329-DAT_0238_A1_8,5925.0,542098.3,8672473.66,444.863,365.658,0.0,365.658,0.0,0.0,1.553,certain_temperate
dronbreen-20220329-DAT_0238_A1_8,5930.0,542093.41,8672476.86,444.222,364.808,0.0,364.808,0.0,0.0,1.606,uncertain_cold
dronbreen-20220329-DAT_0238_A1_8,5935.0,542089.3,8672479.62,443.68,363.85,0.0,363.85,0.0,0.0,1.616,uncertain_cold
dronbreen-20220329-DAT_0238_A1_8,5940.0,542085.66,8672482.14,443.193,362.738,0.0,362.738,0.0,0.0,1.614,uncertain_temperate
dronbreen-20220329-DAT_0238_A1_8,5945.0,542081.57,8672485.11,442.621,362.478,0.0,362.478,0.0,0.0,1.608,uncertain_temperate
dronbreen-20220329-DAT_0238_A1_8,5950.0,542076.92,8672488.16,441.942,362.112,0.0,362.112,0.0,0.0,1.604,uncertain_cold
dronbreen-20220329-DAT_0238_A1_8,5955.0,542073.03,8672490.62,441.355,361.733,0.0,361.733,0.0,0.0,1.602,uncertain_cold
dronbreen-20220329-DAT_0238_A1_8,5960.0,542069.09,8672493.1,440.744,361.33,0.0,361.33,0.0,0.0,1.598,uncertain_cold
dronbreen-20220329-DAT_0238_A1_8,5965.0,542064.94,8672495.98,440.097,360.996,0.0,360.996,0.0,0.0,1.59,uncertain_cold
dronbreen-20220329-DAT_0238_A1_8,5970.0,542060.21,8672499.27,439.367,360.684,0.0,360.684,0.0,0.0,1.584,uncertain_cold
dronbreen-20220329-DAT_0238_A1_8,5975.0,542055.93,8672502.18,438.753,360.278,0.0,360.278,0.0,0.0,1.592,certain_cold
dronbreen-20220329-DAT_0238_A1_8,5980.0,542051.96,8672504.78,438.193,359.718,0.0,359.718,0.0,0.0,1.577,certain_cold
dronbreen-20220329-DAT_0238_A1_8,5985.0,542047.8,8672507.38,437.61,359.03,0.0,359.03,0.0,0.0,1.577,uncertain_temperate
dronbreen-20220329-DAT_0238_A1_8,5990.0,542043.56,8672509.89,437.03,358.45,0.0,358.45,0.0,0.0,1.579,certain_cold
dronbreen-20220329-DAT_0238_A1_8,5995.0,542039.5,8672512.21,436.485,357.696,0.0,357.696,0.0,0.0,1.579,uncertain_temperate
dronbreen-20220329-DAT_0238_A1_8,6000.0,542034.87,8672514.58,435.844,356.639,0.0,356.639,0.0,0.0,1.588,uncertain_temperate
dronbreen-20220329-DAT_0238_A1_8,6005.0,542030.5,8672516.95,435.165,355.439,0.0,355.439,0.0,0.0,1.631,uncertain_cold
dronbreen-20220329-DAT_0238_A1_8,6010.0,542026.54,8672519.19,434.535,354.497,0.0,354.497,0.0,0.0,1.645,uncertain_cold
dronbreen-20220329-DAT_0238_A1_8,6015.0,542021.95,8672521.58,433.89,353.33,0.0,353.33,0.0,0.0,1.666,uncertain_cold
dronbreen-20220329-DAT_0238_A1_8,6020.0,542017.79,8672523.81,433.327,351.308,0.0,351.308,0.0,0.0,1.684,uncertain_cold
dronbreen-20220329-DAT_0238_A1_8,6025.0,542012.66,8672526.75,432.575,349.097,0.0,349.097,0.0,0.0,1.705,uncertain_cold
dronbreen-20220329-DAT_0238_A1_8,6030.0,542008.63,8672528.92,431.956,347.019,0.0,347.019,0.0,0.0,1.726,uncertain_cold
dronbreen-20220329-DAT_0238_A1_8,6035.0,542003.9,8672531.16,431.241,345.158,0.0,345.158,0.0,0.0,1.742,uncertain_cold
dronbreen-20220329-DAT_0238_A1_8,6040.0,541999.37,8672533.47,430.574,343.449,0.0,343.449,0.0,0.0,1.763,uncertain_cold
dronbreen-20220329-DAT_0238_A1_8,6045.0,541994.62,8672535.81,429.879,341.712,0.0,341.712,0.0,0.0,1.783,uncertain_cold
dronbreen-20220329-DAT_0238_A1_8,6050.0,541991.02,8672537.55,429.318,340.317,0.0,340.317,0.0,0.0,1.8,uncertain_cold
dronbreen-20220329-DAT_0238_A1_8,6055.0,541986.32,8672539.89,428.545,338.71,0.0,338.71,0.0,0.0,1.82,uncertain_cold
dronbreen-20220329-DAT_0238_A1_8,6060.0,541981.55,8672542.22,427.776,336.795,0.0,336.795,0.0,0.0,1.849,certain_cold
dronbreen-20220329-DAT_0238_A1_8,6065.0,541977.77,8672544.15,427.203,335.388,0.0,335.388,0.0,0.0,1.866,certain_cold
dronbreen-20220329-DAT_0238_A1_8,6070.0,541972.31,8672546.68,426.45,333.28,0.0,333.28,0.0,0.0,1.882,certain_cold
dronbreen-20220329-DAT_0238_A1_8,6075.0,541968.4,8672548.51,425.876,332.393,0.0,332.393,0.0,0.0,1.888,certain_cold
dronbreen-20220329-DAT_0238_A1_8,6080.0,541963.38,8672550.83,425.146,331.247,0.0,331.247,0.0,0.0,1.897,certain_cold
dronbreen-20220329-DAT_0238_A1_8,6085.0,541959.22,8672552.69,424.575,330.258,0.0,330.258,0.0,0.0,1.905,certain_cold
dronbreen-20220329-DAT_0238_A1_8,6090.0,541954.11,8672554.9,423.939,329.414,0.0,329.414,0.0,0.0,1.909,certain_cold
dronbreen-20220329-DAT_0238_A1_8,6095.0,541949.67,8672556.86,423.333,328.6,0.0,328.6,0.0,0.0,1.913,certain_cold
dronbreen-20220329-DAT_0238_A1_8,6100.0,541945.15,8672558.84,422.715,327.877,0.0,327.877,0.0,0.0,1.917,uncertain_cold
dronbreen-20220329-DAT_0238_A1_8,6105.0,541941.2,8672560.53,422.196,327.358,0.0,327.358,0.0,0.0,1.921,certain_cold
dronbreen-20220329-DAT_0238_A1_8,6110.0,541935.92,8672562.76,421.529,326.066,0.0,326.066,0.0,0.0,1.93,certain_cold
dronbreen-20220329-DAT_0238_A1_8,6115.0,541931.63,8672564.42,421.009,325.338,0.0,325.338,0.0,0.0,1.932,certain_cold
dronbreen-20220329-DAT_0238_A1_8,6120.0,541927.31,8672566.15,420.455,324.575,0.0,324.575,0.0,0.0,1.936,certain_cold
dronbreen-20220329-DAT_0238_A1_8,6125.0,541922.5,8672567.92,419.828,323.74,0.0,323.74,0.0,0.0,1.94,certain_cold
dronbreen-20220329-DAT_0238_A1_8,6130.0,541917.41,8672569.87,419.187,322.369,0.0,322.369,0.0,0.0,1.952,certain_cold
dronbreen-20220329-DAT_0238_A1_8,6135.0,541912.81,8672571.53,418.707,321.16,0.0,321.16,0.0,0.0,1.969,certain_cold
dronbreen-20220329-DAT_0238_A1_8,6140.0,541908.53,8672573.13,418.301,319.92,0.0,319.92,0.0,0.0,1.985,certain_cold
dronbreen-20220329-DAT_0238_A1_8,6145.0,541903.42,8672575.14,417.802,318.067,0.0,318.067,0.0,0.0,2.012,certain_cold
dronbreen-20220329-DAT_0238_A1_8,6150.0,541898.39,8672577.34,417.273,315.974,0.0,315.974,0.0,0.0,2.006,uncertain_temperate
dronbreen-20220329-DAT_0238_A1_8,6155.0,541894.53,8672579.15,416.856,314.514,0.0,314.514,0.0,0.0,1.983,uncertain_temperate
dronbreen-20220329-DAT_0238_A1_8,6160.0,541890.02,8672581.05,416.393,312.697,0.0,312.697,0.0,0.0,1.973,uncertain_temperate
dronbreen-20220329-DAT_0238_A1_8,6165.0,541885.2,8672583.32,415.941,310.578,0.0,310.578,0.0,0.0,1.961,uncertain_temperate
dronbreen-20220329-DAT_0238_A1_8,6170.0,541880.82,8672585.17,415.548,309.038,0.0,309.038,0.0,0.0,1.952,uncertain_temperate
dronbreen-20220329-DAT_0238_A1_8,6175.0,541876.54,8672587.15,415.16,307.504,0.0,307.504,0.0,0.0,1.944,uncertain_temperate
dronbreen-20220329-DAT_0238_A1_8,6180.0,541871.67,8672589.41,414.747,305.424,0.0,305.424,0.0,0.0,1.932,uncertain_temperate
dronbreen-20220329-DAT_0238_A1_8,6185.0,541867.45,8672591.39,414.431,303.649,0.0,303.649,0.0,0.0,1.921,uncertain_temperate
dronbreen-20220329-DAT_0238_A1_8,6190.0,541862.65,8672593.55,414.12,301.67,0.0,301.67,0.0,0.0,1.915,uncertain_temperate
dronbreen-20220329-DAT_0238_A1_8,6195.0,541857.51,8672595.73,413.806,298.959,0.0,298.959,0.0,0.0,1.911,uncertain_temperate
dronbreen-20220329-DAT_0238_A1_8,6200.0,541852.99,8672597.76,413.536,296.709,0.0,296.709,0.0,0.0,1.907,uncertain_temperate
dronbreen-20220329-DAT_0238_A1_8,6205.0,541848.67,8672599.72,413.295,295.112,0.0,295.112,0.0,0.0,1.903,uncertain_temperate
dronbreen-20220329-DAT_0238_A1_8,6210.0,541843.51,8672601.87,413.068,293.427,0.0,293.427,0.0,0.0,1.919,uncertain_temperate
dronbreen-20220329-DAT_0238_A1_8,6215.0,541839.78,8672603.34,412.932,292.353,0.0,292.353,0.0,0.0,1.928,uncertain_temperate
dronbreen-20220329-DAT_0238_A1_8,6220.0,541835.05,8672605.39,412.784,290.954,0.0,290.954,0.0,0.0,1.942,uncertain_temperate
dronbreen-20220329-DAT_0238_A1_8,6225.0,541830.65,8672607.24,412.68,289.079,0.0,289.079,0.0,0.0,1.957,uncertain_temperate
dronbreen-20220329-DAT_0238_A1_8,6230.0,541825.18,8672609.55,412.611,287.238,0.0,287.238,0.0,0.0,1.977,uncertain_temperate
dronbreen-20220329-DAT_0238_A1_8,6235.0,541820.91,8672611.34,412.604,285.459,0.0,285.459,0.0,0.0,2.006,uncertain_temperate
dronbreen-20220329-DAT_0238_A1_8,6240.0,541816.49,8672613.19,412.608,283.796,0.0,283.796,0.0,0.0,2.041,uncertain_temperate
dronbreen-20220329-DAT_0238_A1_8,6245.0,541811.44,8672615.64,412.587,282.107,0.0,282.107,0.0,0.0,2.118,uncertain_temperate
dronbreen-20220329-DAT_0238_A1_8,6250.0,541807.62,8672617.57,412.571,280.633,0.0,280.633,0.0,0.0,2.178,uncertain_temperate
dronbreen-20220329-DAT_0238_A1_8,6355.0,541712.04,8672661.5,413.673,248.176,0.0,248.176,0.0,0.0,3.273,uncertain_temperate
dronbreen-20220329-DAT_0238_A1_8,6360.0,541707.2,8672663.45,413.662,247.123,0.0,247.123,0.0,0.0,3.31,certain_cold
dronbreen-20220329-DAT_0238_A1_8,6365.0,541702.57,8672665.3,413.649,247.11,0.0,247.11,0.0,0.0,3.321,certain_cold
dronbreen-20220329-DAT_0238_A1_8,6370.0,541697.98,8672667.07,413.608,246.965,0.0,246.965,0.0,0.0,3.323,certain_cold
dronbreen-20220329-DAT_0238_A1_8,6375.0,541693.13,8672668.97,413.56,246.917,0.0,246.917,0.0,0.0,3.327,certain_cold
dronbreen-20220329-DAT_0238_A1_8,6380.0,541688.57,8672670.82,413.498,246.855,0.0,246.855,0.0,0.0,3.331,certain_cold
dronbreen-20220329-DAT_0238_A1_8,6385.0,541684.46,8672672.27,413.46,246.817,0.0,246.817,0.0,0.0,3.331,certain_cold
dronbreen-20220329-DAT_0238_A1_8,6390.0,541679.68,8672673.64,413.427,246.784,0.0,246.784,0.0,0.0,3.327,certain_cold
