radar_key,distance,easting,northing,elevation,bed_elevation,temperate,temperate_elevation,temperate_lower,temperate_upper,temperate_gpr_uncertainty,bed_type
dronbreen-20220328-DAT_0230_A1_4,0.0,539504.25,8668592.86,751.976,659.431,89.939,749.37,90.221,87.991,0.271,certain_temperate
dronbreen-20220328-DAT_0230_A1_4,15.0,539519.45,8668592.62,750.388,651.486,96.088,747.574,97.204,94.243,0.272,certain_temperate
dronbreen-20220328-DAT_0230_A1_4,20.0,539523.61,8668591.43,749.99,651.088,96.088,747.176,97.193,94.253,0.272,certain_temperate
dronbreen-20220328-DAT_0230_A1_4,25.0,539529.02,8668589.68,749.489,650.587,96.088,746.675,97.193,94.253,0.272,certain_temperate
dronbreen-20220328-DAT_0230_A1_4,30.0,539533.05,8668588.74,749.1,650.198,96.088,746.287,97.216,94.231,0.272,certain_temperate
dronbreen-20220328-DAT_0230_A1_4,35.0,539538.53,8668587.54,748.574,649.672,95.984,745.656,97.216,94.23,0.272,certain_temperate
dronbreen-20220328-DAT_0230_A1_4,40.0,539543.63,8668587.02,748.134,643.709,101.507,745.216,102.717,99.776,0.272,certain_temperate
dronbreen-20220328-DAT_0230_A1_4,45.0,539548.67,8668586.49,747.708,643.283,101.507,744.79,102.717,99.776,0.272,certain_temperate
dronbreen-20220328-DAT_0230_A1_4,50.0,539553.72,8668585.94,747.271,642.95,101.403,744.353,102.613,99.672,0.272,certain_temperate
dronbreen-20220328-DAT_0230_A1_4,55.0,539558.54,8668585.61,746.823,642.502,101.403,743.905,102.613,99.672,0.272,certain_temperate
dronbreen-20220328-DAT_0230_A1_4,60.0,539563.93,8668585.37,746.34,642.123,101.299,743.422,102.509,99.568,0.272,certain_temperate
dronbreen-20220328-DAT_0230_A1_4,65.0,539567.82,8668585.29,746.005,641.788,101.299,743.087,102.509,99.568,0.272,certain_temperate
dronbreen-20220328-DAT_0230_A1_4,70.0,539573.1,8668585.39,745.566,641.453,101.195,742.648,102.405,99.464,0.272,certain_temperate
dronbreen-20220328-DAT_0230_A1_4,75.0,539578.4,8668585.29,745.086,641.077,101.091,742.168,102.323,99.337,0.272,certain_temperate
dronbreen-20220328-DAT_0230_A1_4,80.0,539583.5,8668585.2,744.587,640.578,100.986,741.565,102.323,99.337,0.272,certain_temperate
dronbreen-20220328-DAT_0230_A1_4,85.0,539588.67,8668585.29,744.056,640.152,100.882,741.034,101.676,98.108,0.272,certain_temperate
dronbreen-20220328-DAT_0230_A1_4,90.0,539592.81,8668585.41,743.627,639.723,100.882,740.605,101.676,98.004,0.272,certain_temperate
dronbreen-20220328-DAT_0230_A1_4,95.0,539598.3,8668586.13,743.017,639.217,100.778,739.994,101.571,97.9,0.272,certain_temperate
dronbreen-20220328-DAT_0230_A1_4,100.0,539602.92,8668586.82,742.507,638.707,100.778,739.485,101.571,97.9,0.272,certain_temperate
dronbreen-20220328-DAT_0230_A1_4,105.0,539608.63,8668587.36,741.904,638.208,100.674,738.882,101.467,97.796,0.272,certain_temperate
dronbreen-20220328-DAT_0230_A1_4,110.0,539612.99,8668587.7,741.521,637.929,100.569,738.499,101.363,97.692,0.272,certain_temperate
dronbreen-20220328-DAT_0230_A1_4,115.0,539618.79,8668588.16,741.028,637.436,100.569,738.005,101.385,97.669,0.272,certain_temperate
dronbreen-20220328-DAT_0230_A1_4,120.0,539622.87,8668588.48,740.693,637.206,100.361,737.567,101.282,97.564,0.273,certain_temperate
dronbreen-20220328-DAT_0230_A1_4,125.0,539628.6,8668588.88,740.206,636.719,100.361,737.08,101.259,97.587,0.273,certain_temperate
dronbreen-20220328-DAT_0230_A1_4,130.0,539632.73,8668589.06,739.836,636.452,100.257,736.709,101.155,97.483,0.273,certain_temperate
dronbreen-20220328-DAT_0230_A1_4,135.0,539637.74,8668589.46,739.366,636.087,100.153,736.239,101.051,97.274,0.273,certain_temperate
dronbreen-20220328-DAT_0230_A1_4,140.0,539642.79,8668589.85,738.848,635.569,100.153,735.721,101.051,97.274,0.273,certain_temperate
dronbreen-20220328-DAT_0230_A1_4,145.0,539648.19,8668590.2,738.252,635.077,100.048,735.125,100.947,97.17,0.273,certain_temperate
dronbreen-20220328-DAT_0230_A1_4,150.0,539653.07,8668590.43,737.729,634.554,100.048,734.602,100.947,97.17,0.273,certain_temperate
dronbreen-20220328-DAT_0230_A1_4,155.0,539657.61,8668590.78,737.274,634.203,99.944,734.147,100.842,97.066,0.273,certain_temperate
dronbreen-20220328-DAT_0230_A1_4,160.0,539662.54,8668591.18,736.798,633.727,99.944,733.671,100.865,97.043,0.273,certain_temperate
dronbreen-20220328-DAT_0230_A1_4,165.0,539667.76,8668591.42,736.326,633.359,99.736,733.095,100.761,96.939,0.273,certain_temperate
dronbreen-20220328-DAT_0230_A1_4,170.0,539673.36,8668591.68,735.838,632.976,99.632,732.607,100.634,96.857,0.273,certain_temperate
dronbreen-20220328-DAT_0230_A1_4,175.0,539678.62,8668592.08,735.426,632.564,99.632,732.195,100.634,96.857,0.273,certain_temperate
dronbreen-20220328-DAT_0230_A1_4,180.0,539683.14,8668592.44,735.09,632.332,99.527,731.86,100.53,96.648,0.273,certain_temperate
dronbreen-20220328-DAT_0230_A1_4,185.0,539687.57,8668592.66,734.76,632.002,99.527,731.53,100.53,96.648,0.273,certain_temperate
dronbreen-20220328-DAT_0230_A1_4,190.0,539692.46,8668592.99,734.38,631.727,99.423,731.15,100.426,96.544,0.273,certain_temperate
dronbreen-20220328-DAT_0230_A1_4,195.0,539698.33,8668593.41,733.933,631.383,99.319,730.702,100.322,96.44,0.273,certain_temperate
dronbreen-20220328-DAT_0230_A1_4,200.0,539702.88,8668594.04,733.614,631.064,99.319,730.383,100.344,96.418,0.273,certain_temperate
dronbreen-20220328-DAT_0230_A1_4,205.0,539707.88,8668594.85,733.309,630.863,99.11,729.974,100.24,96.313,0.274,certain_temperate
dronbreen-20220328-DAT_0230_A1_4,210.0,539712.38,8668595.5,733.054,630.609,99.11,729.719,100.218,96.335,0.274,certain_temperate
dronbreen-20220328-DAT_0230_A1_4,215.0,539717.46,8668596.33,732.789,632.22,97.235,729.454,98.342,94.459,0.274,certain_temperate
dronbreen-20220328-DAT_0230_A1_4,220.0,539722.4,8668597.22,732.542,631.868,97.339,729.207,98.446,94.564,0.274,certain_temperate
dronbreen-20220328-DAT_0230_A1_4,225.0,539727.94,8668598.23,732.228,631.554,97.339,728.893,98.446,94.459,0.274,certain_temperate
dronbreen-20220328-DAT_0230_A1_4,230.0,539732.13,8668598.99,731.976,631.198,97.443,728.641,98.655,94.564,0.274,certain_temperate
dronbreen-20220328-DAT_0230_A1_4,235.0,539737.41,8668599.99,731.612,630.73,97.547,728.277,98.759,94.668,0.274,certain_temperate
dronbreen-20220328-DAT_0230_A1_4,240.0,539742.38,8668600.79,731.29,630.408,97.547,727.955,98.781,94.646,0.274,certain_temperate
dronbreen-20220328-DAT_0230_A1_4,245.0,539746.89,8668601.63,731.033,630.046,97.547,727.594,98.886,94.749,0.274,certain_temperate
dronbreen-20220328-DAT_0230_A1_4,250.0,539752.66,8668602.58,730.707,629.617,97.651,727.268,98.968,94.876,0.274,certain_temperate
dronbreen-20220328-DAT_0230_A1_4,255.0,539757.3,8668603.41,730.442,629.247,97.756,727.002,99.072,94.98,0.274,certain_temperate
dronbreen-20220328-DAT_0230_A1_4,260.0,539762.55,8668604.36,730.141,628.634,98.068,726.702,99.385,95.293,0.274,certain_temperate
dronbreen-20220328-DAT_0230_A1_4,265.0,539766.53,8668605.22,729.928,628.212,98.277,726.489,99.593,95.501,0.274,certain_temperate
dronbreen-20220328-DAT_0230_A1_4,270.0,539772.15,8668606.38,729.659,627.839,98.381,726.22,99.697,95.501,0.274,certain_temperate
dronbreen-20220328-DAT_0230_A1_4,275.0,539776.95,8668607.57,729.438,627.514,98.485,725.999,99.802,95.605,0.274,certain_temperate
dronbreen-20220328-DAT_0230_A1_4,280.0,539781.15,8668608.63,729.262,627.234,98.589,725.823,99.928,95.687,0.274,certain_temperate
dronbreen-20220328-DAT_0230_A1_4,285.0,539786.55,8668609.9,729.078,626.945,98.589,725.535,100.033,95.791,0.275,certain_temperate
dronbreen-20220328-DAT_0230_A1_4,290.0,539791.45,8668610.98,728.92,626.788,98.589,725.377,100.011,95.813,0.275,certain_temperate
dronbreen-20220328-DAT_0230_A1_4,295.0,539796.03,8668612.04,728.776,626.852,98.381,725.233,99.802,95.605,0.275,certain_temperate
dronbreen-20220328-DAT_0230_A1_4,300.0,539800.65,8668612.8,728.648,626.203,98.902,725.105,100.323,96.126,0.275,certain_temperate
dronbreen-20220328-DAT_0230_A1_4,305.0,539806.49,8668613.78,728.469,626.44,98.485,724.925,99.906,95.709,0.275,certain_temperate
dronbreen-20220328-DAT_0230_A1_4,310.0,539810.93,8668614.42,728.317,626.497,98.277,724.773,99.698,95.396,0.275,certain_temperate
dronbreen-20220328-DAT_0230_A1_4,315.0,539816.04,8668615.24,728.133,626.729,97.86,724.589,99.281,94.979,0.275,certain_temperate
dronbreen-20220328-DAT_0230_A1_4,320.0,539820.45,8668616.02,727.96,626.765,97.651,724.417,99.095,94.749,0.275,certain_temperate
dronbreen-20220328-DAT_0230_A1_4,325.0,539825.25,8668616.69,727.799,626.812,97.339,724.151,98.887,94.54,0.275,certain_temperate
dronbreen-20220328-DAT_0230_A1_4,330.0,539830.61,8668617.38,727.663,626.781,97.235,724.016,98.761,94.458,0.275,certain_temperate
dronbreen-20220328-DAT_0230_A1_4,335.0,539835.98,8668617.69,727.574,626.796,97.13,723.927,98.656,94.354,0.275,certain_temperate
dronbreen-20220328-DAT_0230_A1_4,340.0,539840.62,8668618.11,727.515,626.737,97.13,723.868,98.656,94.354,0.275,certain_temperate
dronbreen-20220328-DAT_0230_A1_4,345.0,539846.02,8668618.67,727.427,626.857,96.922,723.779,98.448,94.145,0.275,certain_temperate
dronbreen-20220328-DAT_0230_A1_4,350.0,539850.81,8668619.24,727.327,627.07,96.609,723.679,98.158,93.706,0.275,certain_temperate
dronbreen-20220328-DAT_0230_A1_4,355.0,539855.51,8668620.36,727.235,627.082,96.401,723.483,98.054,93.601,0.276,certain_temperate
dronbreen-20220328-DAT_0230_A1_4,360.0,539860.15,8668622.92,727.119,627.175,96.192,723.367,97.823,93.415,0.276,certain_temperate
dronbreen-20220328-DAT_0230_A1_4,365.0,539863.33,8668626.31,726.998,627.158,96.088,723.246,97.719,93.311,0.276,certain_temperate
dronbreen-20220328-DAT_0230_A1_4,370.0,539864.99,8668631.26,726.801,626.753,96.297,723.049,97.927,93.519,0.276,certain_temperate
dronbreen-20220328-DAT_0230_A1_4,375.0,539865.36,8668635.76,726.573,626.316,96.505,722.821,98.136,93.728,0.276,certain_temperate
dronbreen-20220328-DAT_0230_A1_4,380.0,539865.28,8668640.7,726.295,625.726,96.818,722.543,98.471,93.914,0.276,certain_temperate
dronbreen-20220328-DAT_0230_A1_4,385.0,539864.18,8668645.81,726.021,624.617,97.547,722.165,99.305,94.747,0.277,certain_temperate
dronbreen-20220328-DAT_0230_A1_4,390.0,539862.76,8668651.23,725.788,623.759,98.172,721.932,99.908,95.395,0.277,certain_temperate
dronbreen-20220328-DAT_0230_A1_4,395.0,539860.98,8668656.02,725.619,622.965,98.798,721.763,100.533,96.02,0.277,certain_temperate
dronbreen-20220328-DAT_0230_A1_4,400.0,539859.55,8668660.32,725.456,622.281,99.319,721.6,101.054,96.541,0.277,certain_temperate
dronbreen-20220328-DAT_0230_A1_4,405.0,539858.4,8668665.43,725.249,621.032,100.361,721.393,102.097,97.583,0.277,certain_temperate
dronbreen-20220328-DAT_0230_A1_4,410.0,539858.06,8668670.26,725.014,620.067,101.091,721.158,102.826,98.313,0.277,certain_temperate
dronbreen-20220328-DAT_0230_A1_4,415.0,539857.51,8668675.45,724.726,619.154,101.716,720.87,103.451,98.938,0.277,certain_temperate
dronbreen-20220328-DAT_0230_A1_4,420.0,539857.13,8668680.4,724.463,618.162,102.445,720.607,104.181,99.668,0.277,certain_temperate
dronbreen-20220328-DAT_0230_A1_4,425.0,539856.93,8668685.3,724.25,617.115,103.279,720.394,105.037,100.375,0.277,certain_temperate
dronbreen-20220328-DAT_0230_A1_4,430.0,539856.52,8668690.5,724.091,616.33,103.8,720.13,105.663,101.0,0.277,certain_temperate
dronbreen-20220328-DAT_0230_A1_4,435.0,539856.04,8668695.43,723.949,615.563,104.426,719.989,106.266,101.647,0.277,certain_temperate
dronbreen-20220328-DAT_0230_A1_4,440.0,539855.67,8668700.1,723.786,614.775,105.051,719.825,106.891,102.272,0.277,certain_temperate
dronbreen-20220328-DAT_0230_A1_4,445.0,539855.11,8668705.16,723.571,613.83,105.78,719.611,107.621,103.002,0.277,certain_temperate
dronbreen-20220328-DAT_0230_A1_4,450.0,539854.65,8668709.92,723.345,612.979,106.406,719.385,108.246,103.627,0.277,certain_temperate
dronbreen-20220328-DAT_0230_A1_4,455.0,539854.25,8668714.9,723.136,612.04,107.135,719.176,108.976,104.357,0.277,certain_temperate
dronbreen-20220328-DAT_0230_A1_4,460.0,539854.12,8668720.23,722.948,610.914,108.073,718.987,109.914,105.295,0.277,certain_temperate
dronbreen-20220328-DAT_0230_A1_4,465.0,539853.92,8668725.01,722.804,609.937,108.907,718.844,110.769,106.106,0.277,certain_temperate
dronbreen-20220328-DAT_0230_A1_4,470.0,539853.78,8668729.49,722.685,609.089,109.532,718.621,111.499,106.731,0.278,certain_temperate
dronbreen-20220328-DAT_0230_A1_4,475.0,539853.86,8668734.46,722.553,608.123,110.366,718.488,112.311,107.587,0.278,certain_temperate
dronbreen-20220328-DAT_0230_A1_4,480.0,539854.22,8668739.56,722.368,607.313,110.991,718.304,112.936,108.212,0.278,certain_temperate
dronbreen-20220328-DAT_0230_A1_4,485.0,539854.5,8668745.12,722.141,606.356,111.721,718.076,113.666,108.942,0.278,certain_temperate
dronbreen-20220328-DAT_0230_A1_4,490.0,539854.72,8668750.18,721.929,605.415,112.45,717.865,114.395,109.671,0.278,certain_temperate
dronbreen-20220328-DAT_0230_A1_4,495.0,539854.91,8668754.4,721.77,604.734,112.971,717.706,114.917,110.192,0.278,certain_temperate
dronbreen-20220328-DAT_0230_A1_4,500.0,539855.32,8668760.49,721.595,604.038,113.492,717.53,115.438,110.713,0.278,certain_temperate
dronbreen-20220328-DAT_0230_A1_4,505.0,539855.6,8668765.28,721.494,603.624,113.805,717.429,115.772,111.004,0.278,certain_temperate
dronbreen-20220328-DAT_0230_A1_4,510.0,539855.84,8668770.12,721.401,603.011,114.222,717.233,116.294,111.524,0.278,certain_temperate
dronbreen-20220328-DAT_0230_A1_4,515.0,539855.87,8668774.9,721.299,602.387,114.743,717.13,116.793,111.963,0.278,certain_temperate
dronbreen-20220328-DAT_0230_A1_4,520.0,539855.74,8668780.17,721.165,601.94,115.056,716.996,117.106,112.276,0.278,certain_temperate
dronbreen-20220328-DAT_0230_A1_4,525.0,539855.53,8668784.63,721.062,601.526,115.368,716.894,117.418,112.589,0.278,certain_temperate
dronbreen-20220328-DAT_0230_A1_4,530.0,539855.58,8668789.93,720.948,601.099,115.681,716.78,117.731,112.901,0.278,certain_temperate
dronbreen-20220328-DAT_0230_A1_4,535.0,539855.77,8668794.25,720.841,600.783,115.889,716.672,117.939,113.11,0.278,certain_temperate
dronbreen-20220328-DAT_0230_A1_4,540.0,539856.05,8668799.34,720.705,600.543,115.994,716.536,118.044,113.214,0.278,certain_temperate
dronbreen-20220328-DAT_0230_A1_4,545.0,539856.21,8668805.02,720.526,600.052,116.306,716.358,118.461,113.527,0.278,certain_temperate
dronbreen-20220328-DAT_0230_A1_4,550.0,539856.39,8668809.59,720.378,599.694,116.515,716.209,118.669,113.735,0.278,certain_temperate
dronbreen-20220328-DAT_0230_A1_4,555.0,539856.77,8668814.25,720.223,599.539,116.515,716.054,118.669,113.735,0.278,certain_temperate
dronbreen-20220328-DAT_0230_A1_4,560.0,539857.25,8668819.6,720.055,599.372,116.515,715.886,118.669,113.631,0.278,certain_temperate
dronbreen-20220328-DAT_0230_A1_4,565.0,539857.6,8668824.33,719.926,599.243,116.515,715.758,118.669,113.631,0.278,certain_temperate
dronbreen-20220328-DAT_0230_A1_4,570.0,539858.1,8668830.11,719.786,599.102,116.515,715.617,118.669,113.631,0.278,certain_temperate
dronbreen-20220328-DAT_0230_A1_4,575.0,539858.29,8668835.02,719.66,598.768,116.723,715.492,118.877,113.839,0.278,certain_temperate
dronbreen-20220328-DAT_0230_A1_4,580.0,539858.17,8668839.54,719.525,598.529,116.827,715.356,118.982,113.943,0.278,certain_temperate
dronbreen-20220328-DAT_0230_A1_4,585.0,539857.94,8668844.99,719.34,598.135,117.036,715.171,119.19,114.152,0.278,certain_temperate
dronbreen-20220328-DAT_0230_A1_4,590.0,539857.72,8668849.59,719.194,597.781,117.244,715.025,119.399,114.36,0.278,certain_temperate
dronbreen-20220328-DAT_0230_A1_4,595.0,539856.98,8668854.45,719.083,597.358,117.557,714.914,119.711,114.673,0.278,certain_temperate
dronbreen-20220328-DAT_0230_A1_4,600.0,539856.57,8668860.02,718.939,597.213,117.557,714.77,119.711,114.569,0.278,certain_temperate
dronbreen-20220328-DAT_0230_A1_4,605.0,539856.28,8668865.13,718.803,597.077,117.557,714.634,119.711,114.569,0.278,certain_temperate
dronbreen-20220328-DAT_0230_A1_4,610.0,539856.11,8668869.25,718.701,596.872,117.661,714.533,119.815,114.673,0.278,certain_temperate
dronbreen-20220328-DAT_0230_A1_4,615.0,539856.05,8668874.74,718.613,596.679,117.765,714.444,119.92,114.777,0.278,certain_temperate
dronbreen-20220328-DAT_0230_A1_4,620.0,539856.1,8668879.52,718.566,596.528,117.869,714.397,120.024,114.881,0.278,certain_temperate
dronbreen-20220328-DAT_0230_A1_4,625.0,539856.05,8668884.94,718.499,596.461,117.869,714.33,120.024,114.881,0.278,certain_temperate
dronbreen-20220328-DAT_0230_A1_4,630.0,539855.96,8668889.53,718.374,596.232,117.974,714.205,120.128,114.986,0.278,certain_temperate
dronbreen-20220328-DAT_0230_A1_4,635.0,539855.89,8668894.43,718.183,595.936,118.078,714.014,120.232,115.09,0.278,certain_temperate
dronbreen-20220328-DAT_0230_A1_4,640.0,539855.55,8668899.42,717.968,595.825,117.974,713.799,120.128,114.986,0.278,certain_temperate
dronbreen-20220328-DAT_0230_A1_4,645.0,539855.2,8668904.86,717.756,595.822,117.765,713.587,119.92,114.673,0.278,certain_temperate
dronbreen-20220328-DAT_0230_A1_4,650.0,539854.75,8668909.66,717.626,595.692,117.765,713.457,119.92,114.673,0.278,certain_temperate
dronbreen-20220328-DAT_0230_A1_4,655.0,539854.11,8668915.03,717.547,595.404,117.974,713.378,120.128,114.881,0.278,certain_temperate
dronbreen-20220328-DAT_0230_A1_4,660.0,539853.52,8668919.36,717.483,595.028,118.286,713.314,120.441,115.194,0.278,certain_temperate
dronbreen-20220328-DAT_0230_A1_4,665.0,539852.91,8668924.49,717.374,594.607,118.599,713.206,120.753,115.507,0.278,certain_temperate
dronbreen-20220328-DAT_0230_A1_4,670.0,539852.39,8668929.36,717.263,594.183,118.912,713.095,121.066,115.819,0.278,certain_temperate
dronbreen-20220328-DAT_0230_A1_4,675.0,539851.98,8668935.01,717.136,594.055,118.912,712.967,121.066,115.819,0.278,certain_temperate
dronbreen-20220328-DAT_0230_A1_4,680.0,539851.79,8668938.97,717.06,594.292,118.599,712.891,120.753,115.507,0.278,certain_temperate
dronbreen-20220328-DAT_0230_A1_4,685.0,539851.55,8668943.99,716.976,593.896,118.912,712.808,121.066,115.819,0.278,certain_temperate
dronbreen-20220328-DAT_0230_A1_4,690.0,539851.08,8668949.06,716.904,593.407,119.329,712.735,121.483,116.132,0.278,certain_temperate
dronbreen-20220328-DAT_0230_A1_4,695.0,539850.36,8668954.33,716.817,593.111,119.537,712.648,121.691,116.34,0.278,certain_temperate
dronbreen-20220328-DAT_0230_A1_4,700.0,539849.76,8668959.94,716.698,593.097,119.433,712.53,121.587,116.236,0.278,certain_temperate
dronbreen-20220328-DAT_0230_A1_4,705.0,539849.5,8668964.24,716.572,593.387,119.016,712.403,121.17,115.819,0.278,certain_temperate
dronbreen-20220328-DAT_0230_A1_4,710.0,539849.45,8668969.42,716.406,593.638,118.599,712.237,120.753,115.403,0.278,certain_temperate
dronbreen-20220328-DAT_0230_A1_4,715.0,539849.39,8668974.5,716.309,594.063,118.078,712.141,120.232,114.881,0.278,certain_temperate
dronbreen-20220328-DAT_0230_A1_4,720.0,539849.27,8668979.59,716.285,594.455,117.661,712.116,119.815,114.465,0.278,certain_temperate
dronbreen-20220328-DAT_0230_A1_4,725.0,539848.93,8668984.36,716.309,595.209,116.932,712.141,119.086,113.735,0.278,certain_temperate
dronbreen-20220328-DAT_0230_A1_4,730.0,539848.86,8668989.44,716.304,596.454,115.681,712.135,117.835,112.38,0.278,certain_temperate
dronbreen-20220328-DAT_0230_A1_4,735.0,539850.37,8668994.38,716.166,596.629,115.368,711.997,117.523,112.068,0.278,certain_temperate
dronbreen-20220328-DAT_0230_A1_4,740.0,539853.62,8668997.92,715.93,597.018,114.743,711.761,116.897,111.442,0.278,certain_temperate
dronbreen-20220328-DAT_0230_A1_4,745.0,539858.19,8668999.45,715.651,596.844,114.639,711.483,116.793,111.338,0.278,certain_temperate
dronbreen-20220328-DAT_0230_A1_4,750.0,539862.98,8668999.1,715.371,596.772,114.43,711.202,116.585,111.13,0.278,certain_temperate
dronbreen-20220328-DAT_0230_A1_4,755.0,539867.83,8668997.56,715.09,596.283,114.639,710.922,116.793,111.338,0.278,certain_temperate
dronbreen-20220328-DAT_0230_A1_4,760.0,539872.27,8668995.59,714.873,595.648,115.056,710.704,117.21,111.651,0.278,certain_temperate
dronbreen-20220328-DAT_0230_A1_4,765.0,539876.72,8668993.39,714.698,595.266,115.264,710.53,117.418,111.859,0.278,certain_temperate
dronbreen-20220328-DAT_0230_A1_4,770.0,539881.46,8668990.88,714.533,594.475,115.889,710.365,118.044,112.484,0.278,certain_temperate
dronbreen-20220328-DAT_0230_A1_4,775.0,539886.45,8668988.38,714.324,593.432,116.723,710.155,118.877,113.318,0.278,certain_temperate
dronbreen-20220328-DAT_0230_A1_4,780.0,539890.44,8668986.26,714.143,592.834,117.14,709.974,119.294,113.735,0.278,certain_temperate
dronbreen-20220328-DAT_0230_A1_4,785.0,539894.89,8668984.04,713.916,591.878,117.869,709.748,120.024,114.465,0.278,certain_temperate
dronbreen-20220328-DAT_0230_A1_4,790.0,539899.56,8668981.88,713.678,590.911,118.599,709.51,120.753,115.194,0.278,certain_temperate
dronbreen-20220328-DAT_0230_A1_4,795.0,539903.73,8668980.27,713.441,590.256,119.016,709.272,121.17,115.611,0.278,certain_temperate
dronbreen-20220328-DAT_0230_A1_4,800.0,539908.41,8668978.56,713.139,589.434,119.537,708.971,121.691,116.028,0.278,certain_temperate
dronbreen-20220328-DAT_0230_A1_4,805.0,539913.85,8668976.35,712.721,588.702,119.85,708.552,122.026,116.318,0.278,certain_temperate
dronbreen-20220328-DAT_0230_A1_4,810.0,539917.83,8668974.51,712.421,588.403,119.954,708.357,122.025,116.319,0.278,certain_temperate
dronbreen-20220328-DAT_0230_A1_4,815.0,539922.88,8668972.24,712.111,588.093,119.954,708.047,122.003,116.341,0.278,certain_temperate
dronbreen-20220328-DAT_0230_A1_4,820.0,539927.36,8668970.3,711.866,587.847,119.954,707.801,122.003,116.341,0.278,certain_temperate
dronbreen-20220328-DAT_0230_A1_4,825.0,539932.06,8668968.47,711.636,587.617,119.954,707.571,122.003,116.341,0.278,certain_temperate
dronbreen-20220328-DAT_0230_A1_4,830.0,539936.46,8668966.78,711.371,587.248,120.058,707.306,122.108,116.445,0.278,certain_temperate
dronbreen-20220328-DAT_0230_A1_4,835.0,539941.15,8668965.43,711.028,587.01,119.954,706.963,122.003,116.341,0.278,certain_temperate
dronbreen-20220328-DAT_0230_A1_4,840.0,539946.18,8668964.14,710.668,586.65,119.954,706.604,122.003,116.341,0.278,certain_temperate
dronbreen-20220328-DAT_0230_A1_4,845.0,539950.71,8668963.3,710.353,586.543,119.745,706.289,121.795,116.028,0.278,certain_temperate
dronbreen-20220328-DAT_0230_A1_4,850.0,539956.16,8668962.09,710.023,586.63,119.329,705.959,121.482,115.612,0.278,certain_temperate
dronbreen-20220328-DAT_0230_A1_4,855.0,539960.41,8668961.16,709.801,586.721,119.016,705.736,121.17,115.299,0.278,certain_temperate
dronbreen-20220328-DAT_0230_A1_4,860.0,539965.27,8668960.25,709.557,586.789,118.703,705.492,120.857,114.986,0.278,certain_temperate
dronbreen-20220328-DAT_0230_A1_4,865.0,539970.84,8668959.24,709.233,586.778,118.391,705.169,120.544,114.674,0.278,certain_temperate
dronbreen-20220328-DAT_0230_A1_4,870.0,539975.74,8668958.52,708.885,586.847,117.974,704.82,120.127,114.257,0.278,certain_temperate
dronbreen-20220328-DAT_0230_A1_4,875.0,539980.2,8668957.75,708.538,586.813,117.661,704.474,119.815,113.944,0.278,certain_temperate
dronbreen-20220328-DAT_0230_A1_4,880.0,539985.73,8668957.26,708.094,586.577,117.453,704.029,119.606,113.736,0.278,certain_temperate
dronbreen-20220328-DAT_0230_A1_4,885.0,539990.34,8668956.98,707.735,586.427,117.244,703.671,119.398,113.423,0.278,certain_temperate
dronbreen-20220328-DAT_0230_A1_4,890.0,539995.66,8668956.88,707.339,586.343,116.932,703.275,119.085,113.11,0.278,certain_temperate
dronbreen-20220328-DAT_0230_A1_4,895.0,540000.14,8668956.95,706.971,586.184,116.723,702.907,118.877,112.902,0.278,certain_temperate
dronbreen-20220328-DAT_0230_A1_4,900.0,540005.87,8668956.87,706.476,586.523,115.889,702.412,118.043,112.068,0.278,certain_temperate
dronbreen-20220328-DAT_0230_A1_4,905.0,540010.63,8668956.89,706.066,586.529,115.472,702.002,117.626,111.651,0.278,certain_temperate
dronbreen-20220328-DAT_0230_A1_4,910.0,540015.36,8668956.84,705.69,586.674,114.951,701.626,117.105,111.13,0.278,certain_temperate
dronbreen-20220328-DAT_0230_A1_4,915.0,540021.01,8668957.01,705.244,586.854,114.326,701.18,116.48,110.505,0.278,certain_temperate
dronbreen-20220328-DAT_0230_A1_4,920.0,540024.85,8668957.12,704.938,586.964,113.909,700.873,116.063,110.088,0.278,certain_temperate
dronbreen-20220328-DAT_0230_A1_4,925.0,540029.87,8668957.27,704.549,587.097,113.388,700.485,115.542,109.567,0.278,certain_temperate
dronbreen-20220328-DAT_0230_A1_4,930.0,540035.57,8668957.9,704.13,587.303,112.763,700.066,114.917,108.837,0.278,certain_temperate
dronbreen-20220328-DAT_0230_A1_4,935.0,540040.04,8668958.13,703.836,587.53,112.242,699.771,114.395,108.316,0.278,certain_temperate
dronbreen-20220328-DAT_0230_A1_4,940.0,540045.01,8668958.28,703.502,587.717,111.721,699.437,113.874,107.795,0.278,certain_temperate
dronbreen-20220328-DAT_0230_A1_4,945.0,540050.33,8668958.25,703.15,587.99,111.095,699.086,113.249,107.17,0.278,certain_temperate
dronbreen-20220328-DAT_0230_A1_4,950.0,540055.1,8668958.31,702.843,588.204,110.574,698.778,112.728,106.649,0.278,certain_temperate
dronbreen-20220328-DAT_0230_A1_4,955.0,540060.52,8668958.37,702.494,588.273,110.157,698.43,112.311,106.232,0.278,certain_temperate
dronbreen-20220328-DAT_0230_A1_4,960.0,540065.92,8668958.53,702.146,588.236,109.845,698.081,111.998,105.919,0.278,certain_temperate
dronbreen-20220328-DAT_0230_A1_4,965.0,540070.28,8668958.66,701.867,588.375,109.428,697.803,111.582,105.503,0.278,certain_temperate
dronbreen-20220328-DAT_0230_A1_4,970.0,540075.11,8668958.8,701.582,588.507,109.011,697.518,111.165,105.086,0.278,certain_temperate
dronbreen-20220328-DAT_0230_A1_4,975.0,540080.24,8668958.95,701.303,588.749,108.49,697.239,110.644,104.46,0.278,certain_temperate
dronbreen-20220328-DAT_0230_A1_4,980.0,540085.86,8668959.12,700.969,588.936,107.969,696.905,110.123,103.939,0.278,certain_temperate
dronbreen-20220328-DAT_0230_A1_4,985.0,540090.93,8668959.27,700.587,589.179,107.344,696.523,109.497,103.314,0.278,certain_temperate
dronbreen-20220328-DAT_0230_A1_4,990.0,540094.89,8668959.39,700.267,589.171,107.031,696.202,109.185,103.001,0.278,certain_temperate
dronbreen-20220328-DAT_0230_A1_4,995.0,540100.44,8668959.68,699.902,589.224,106.614,695.838,108.768,102.584,0.278,certain_temperate
dronbreen-20220328-DAT_0230_A1_4,1000.0,540104.7,8668959.99,699.678,589.312,106.301,695.614,108.455,102.272,0.278,certain_temperate
dronbreen-20220328-DAT_0230_A1_4,1005.0,540110.14,8668960.4,699.475,589.526,105.885,695.411,108.038,101.855,0.278,certain_temperate
dronbreen-20220328-DAT_0230_A1_4,1010.0,540115.73,8668960.94,699.347,590.024,105.259,695.283,107.413,101.23,0.278,certain_temperate
dronbreen-20220328-DAT_0230_A1_4,1015.0,540119.86,8668961.37,699.25,590.447,104.738,695.185,106.892,100.709,0.278,certain_temperate
dronbreen-20220328-DAT_0230_A1_4,1020.0,540125.84,8668962.11,699.045,590.867,104.113,694.98,106.267,99.979,0.278,certain_temperate
dronbreen-20220328-DAT_0230_A1_4,1025.0,540130.11,8668962.67,698.832,591.28,103.488,694.767,105.641,99.354,0.278,certain_temperate
dronbreen-20220328-DAT_0230_A1_4,1030.0,540135.6,8668963.39,698.479,591.552,102.862,694.414,105.016,98.728,0.278,certain_temperate
dronbreen-20220328-DAT_0230_A1_4,1035.0,540140.17,8668963.76,698.149,591.744,102.341,694.085,104.495,98.207,0.278,certain_temperate
dronbreen-20220328-DAT_0230_A1_4,1040.0,540145.46,8668964.18,697.773,592.097,101.612,693.708,103.765,97.478,0.278,certain_temperate
dronbreen-20220328-DAT_0230_A1_4,1045.0,540149.85,8668964.61,697.495,592.653,100.778,693.431,102.932,96.644,0.278,certain_temperate
dronbreen-20220328-DAT_0230_A1_4,1050.0,540155.21,8668965.34,697.163,593.258,99.84,693.098,101.994,95.81,0.278,certain_temperate
dronbreen-20220328-DAT_0230_A1_4,1055.0,540160.39,8668966.27,696.861,593.79,99.006,692.797,101.16,95.081,0.278,certain_temperate
dronbreen-20220328-DAT_0230_A1_4,1060.0,540165.23,8668966.88,696.612,593.854,98.694,692.548,100.847,94.872,0.278,certain_temperate
dronbreen-20220328-DAT_0230_A1_4,1065.0,540169.96,8668967.79,696.368,593.819,98.485,692.304,100.639,94.768,0.278,certain_temperate
dronbreen-20220328-DAT_0230_A1_4,1070.0,540174.21,8668968.77,696.131,593.998,98.068,692.067,100.222,94.351,0.278,certain_temperate
dronbreen-20220328-DAT_0230_A1_4,1075.0,540179.2,8668969.9,695.822,594.106,97.651,691.758,99.805,94.039,0.278,certain_temperate
dronbreen-20220328-DAT_0230_A1_4,1080.0,540184.77,8668971.18,695.428,594.025,97.339,691.364,99.492,93.934,0.278,certain_temperate
dronbreen-20220328-DAT_0230_A1_4,1085.0,540189.26,8668971.94,695.093,594.106,96.922,691.028,99.076,93.726,0.278,certain_temperate
dronbreen-20220328-DAT_0230_A1_4,1090.0,540194.45,8668972.85,694.688,594.432,96.192,690.624,98.346,93.205,0.278,certain_temperate
dronbreen-20220328-DAT_0230_A1_4,1095.0,540198.72,8668973.64,694.343,594.712,95.567,690.279,97.721,92.684,0.278,certain_temperate
dronbreen-20220328-DAT_0230_A1_4,1100.0,540203.66,8668974.66,693.915,594.909,94.942,689.85,97.095,92.267,0.278,certain_temperate
dronbreen-20220328-DAT_0230_A1_4,1105.0,540208.8,8668975.81,693.481,595.308,94.108,689.416,96.262,91.642,0.278,certain_temperate
dronbreen-20220328-DAT_0230_A1_4,1110.0,540214.2,8668977.15,693.03,595.483,93.483,688.966,95.636,91.121,0.278,certain_temperate
dronbreen-20220328-DAT_0230_A1_4,1115.0,540218.67,8668978.24,692.676,595.754,92.857,688.611,95.011,90.704,0.278,certain_temperate
dronbreen-20220328-DAT_0230_A1_4,1120.0,540224.04,8668979.98,692.232,596.04,92.128,688.168,94.282,90.183,0.278,certain_temperate
dronbreen-20220328-DAT_0230_A1_4,1125.0,540227.73,8668981.02,691.888,596.425,91.398,687.824,93.552,89.453,0.278,certain_temperate
dronbreen-20220328-DAT_0230_A1_4,1130.0,540232.48,8668982.78,691.556,596.822,90.669,687.491,92.823,88.619,0.278,certain_temperate
dronbreen-20220328-DAT_0230_A1_4,1135.0,540237.42,8668984.24,691.223,597.531,89.627,687.158,91.78,87.577,0.278,certain_temperate
dronbreen-20220328-DAT_0230_A1_4,1140.0,540243.01,8668985.88,690.895,598.141,88.689,686.83,91.618,85.759,0.278,certain_temperate
dronbreen-20220328-DAT_0230_A1_4,1145.0,540247.14,8668987.09,690.569,598.546,87.021,685.567,92.024,77.519,0.284,certain_temperate
dronbreen-20220328-DAT_0230_A1_4,1150.0,540252.66,8668988.84,689.739,598.445,83.374,681.819,91.294,63.837,0.309,certain_temperate
dronbreen-20220328-DAT_0230_A1_4,1155.0,540256.43,8668989.88,689.193,598.107,75.557,673.664,91.086,49.169,0.409,certain_temperate
dronbreen-20220328-DAT_0230_A1_4,1160.0,540260.2,8668991.3,688.664,597.995,63.781,661.776,78.446,36.297,0.6,certain_temperate
dronbreen-20220328-DAT_0230_A1_4,1175.0,540282.16,8668999.21,686.477,595.808,61.905,657.713,63.975,45.453,0.634,certain_temperate
dronbreen-20220328-DAT_0230_A1_4,1185.0,540285.6,8669000.43,686.116,595.447,59.925,655.372,66.147,40.154,0.67,certain_temperate
dronbreen-20220328-DAT_0230_A1_4,1190.0,540290.18,8669002.12,685.636,594.759,56.381,651.141,71.211,29.358,0.739,certain_temperate
dronbreen-20220328-DAT_0230_A1_4,1195.0,540294.15,8669003.75,685.241,594.155,48.982,643.137,73.259,16.784,0.883,certain_temperate
dronbreen-20220328-DAT_0230_A1_4,1200.0,540299.05,8669006.04,684.784,593.385,39.707,633.092,61.993,20.443,1.067,certain_temperate
dronbreen-20220328-DAT_0230_A1_4,1205.0,540303.24,8669007.84,684.43,592.823,37.727,630.55,48.166,27.912,1.11,certain_temperate
dronbreen-20220328-DAT_0230_A1_4,1210.0,540307.84,8669009.84,684.115,592.195,37.205,629.401,42.606,24.093,1.126,certain_temperate
dronbreen-20220328-DAT_0230_A1_4,1215.0,540312.91,8669011.48,683.861,591.629,33.871,625.5,41.29,23.22,1.197,certain_temperate
dronbreen-20220328-DAT_0230_A1_4,1220.0,540317.99,8669012.56,683.649,591.209,32.828,624.037,37.78,25.167,1.221,certain_temperate
dronbreen-20220328-DAT_0230_A1_4,1225.0,540322.17,8669013.68,683.425,590.776,31.682,622.458,36.643,24.428,1.248,certain_temperate
dronbreen-20220328-DAT_0230_A1_4,1230.0,540327.72,8669014.9,683.101,590.348,30.431,620.779,35.612,23.48,1.274,certain_temperate
dronbreen-20220328-DAT_0230_A1_4,1235.0,540332.83,8669016.08,682.862,589.796,29.181,618.977,32.499,23.153,1.305,certain_temperate
dronbreen-20220328-DAT_0230_A1_4,1240.0,540336.81,8669016.85,682.697,589.423,28.347,617.77,31.526,23.501,1.325,certain_temperate
dronbreen-20220328-DAT_0230_A1_4,1245.0,540342.52,8669017.95,682.498,589.12,27.826,616.946,30.45,22.388,1.338,certain_temperate
dronbreen-20220328-DAT_0230_A1_4,1250.0,540347.45,8669018.95,682.274,588.583,26.68,615.263,30.452,21.656,1.366,certain_temperate
dronbreen-20220328-DAT_0230_A1_4,1255.0,540352.32,8669019.92,682.019,587.911,26.263,614.174,28.732,21.604,1.383,certain_temperate
dronbreen-20220328-DAT_0230_A1_4,1260.0,540357.12,8669020.74,681.755,587.23,25.742,612.972,29.31,19.985,1.401,certain_temperate
dronbreen-20220328-DAT_0230_A1_4,1265.0,540361.94,8669021.51,681.475,587.054,23.97,611.024,27.536,20.3,1.434,certain_temperate
dronbreen-20220328-DAT_0230_A1_4,1270.0,540366.49,8669022.2,681.222,585.968,25.846,611.813,27.832,21.255,1.413,certain_temperate
dronbreen-20220328-DAT_0230_A1_4,1275.0,540371.57,8669023.44,680.921,585.354,26.263,611.617,28.005,22.124,1.411,certain_temperate
dronbreen-20220328-DAT_0230_A1_4,1280.0,540376.89,8669024.99,680.574,584.903,26.471,611.374,28.406,23.181,1.409,certain_temperate
dronbreen-20220328-DAT_0230_A1_4,1285.0,540381.46,8669026.98,680.237,584.253,27.201,611.453,29.244,24.011,1.401,certain_temperate
dronbreen-20220328-DAT_0230_A1_4,1290.0,540385.5,8669028.73,679.897,583.704,27.93,611.634,29.797,24.5,1.391,certain_temperate
dronbreen-20220328-DAT_0230_A1_4,1295.0,540390.5,8669031.05,679.45,583.049,28.451,611.5,30.051,25.393,1.385,certain_temperate
dronbreen-20220328-DAT_0230_A1_4,1300.0,540394.49,8669032.72,679.12,582.511,28.868,611.379,30.36,26.126,1.381,certain_temperate
dronbreen-20220328-DAT_0230_A1_4,1305.0,540399.71,8669035.17,678.741,582.028,29.285,611.313,30.979,26.236,1.374,certain_temperate
dronbreen-20220328-DAT_0230_A1_4,1310.0,540403.95,8669037.28,678.436,581.618,29.598,611.216,31.562,26.487,1.37,certain_temperate
dronbreen-20220328-DAT_0230_A1_4,1315.0,540408.4,8669039.6,678.073,581.151,29.91,611.061,32.759,26.436,1.366,certain_temperate
dronbreen-20220328-DAT_0230_A1_4,1320.0,540412.54,8669041.82,677.688,580.662,30.744,611.406,33.101,26.928,1.352,certain_temperate
dronbreen-20220328-DAT_0230_A1_4,1325.0,540416.63,8669044.11,677.25,580.12,31.265,611.385,32.874,27.78,1.344,certain_temperate
dronbreen-20220328-DAT_0230_A1_4,1330.0,540421.76,8669046.75,676.717,579.483,31.578,611.06,33.2,28.288,1.34,certain_temperate
dronbreen-20220328-DAT_0230_A1_4,1335.0,540425.66,8669049.02,676.328,578.885,31.995,610.88,33.558,28.66,1.336,certain_temperate
dronbreen-20220328-DAT_0230_A1_4,1340.0,540430.06,8669051.54,675.911,578.364,32.099,610.463,33.851,28.887,1.336,certain_temperate
dronbreen-20220328-DAT_0230_A1_4,1345.0,540434.07,8669054.0,675.532,577.776,32.307,610.083,33.856,29.195,1.336,certain_temperate
dronbreen-20220328-DAT_0230_A1_4,1350.0,540439.0,8669056.66,675.113,576.941,32.62,609.561,34.104,29.677,1.338,certain_temperate
dronbreen-20220328-DAT_0230_A1_4,1355.0,540442.98,8669058.86,674.811,576.118,32.933,609.05,34.661,30.266,1.342,certain_temperate
dronbreen-20220328-DAT_0230_A1_4,1360.0,540447.54,8669061.38,674.506,575.709,32.828,608.537,34.769,30.367,1.346,certain_temperate
dronbreen-20220328-DAT_0230_A1_4,1365.0,540451.77,8669063.74,674.24,575.234,32.828,608.063,34.913,30.744,1.35,certain_temperate
dronbreen-20220328-DAT_0230_A1_4,1370.0,540456.32,8669066.52,673.998,574.471,33.454,607.925,34.911,31.372,1.348,certain_temperate
dronbreen-20220328-DAT_0230_A1_4,1375.0,540460.5,8669069.12,673.782,573.942,33.558,607.5,35.241,31.77,1.352,certain_temperate
dronbreen-20220328-DAT_0230_A1_4,1380.0,540464.51,8669071.72,673.57,573.209,34.079,607.288,35.921,32.237,1.352,certain_temperate
dronbreen-20220328-DAT_0230_A1_4,1385.0,540468.56,8669074.33,673.316,572.434,35.017,607.451,36.626,32.366,1.344,certain_temperate
dronbreen-20220328-DAT_0230_A1_4,1390.0,540472.63,8669077.3,672.97,571.567,35.746,607.313,37.369,33.603,1.34,certain_temperate
dronbreen-20220328-DAT_0230_A1_4,1395.0,540476.66,8669080.34,672.568,570.748,36.372,607.119,38.094,34.024,1.336,certain_temperate
dronbreen-20220328-DAT_0230_A1_4,1400.0,540480.57,8669083.18,672.202,570.07,36.893,606.963,38.979,34.182,1.332,certain_temperate
dronbreen-20220328-DAT_0230_A1_4,1405.0,540485.21,8669086.64,671.836,569.286,38.456,607.742,41.49,34.276,1.309,certain_temperate
dronbreen-20220328-DAT_0230_A1_4,1410.0,540489.32,8669089.69,671.562,568.7,39.602,608.303,41.941,35.075,1.293,certain_temperate
dronbreen-20220328-DAT_0230_A1_4,1415.0,540493.03,8669092.62,671.334,568.159,40.645,608.804,42.591,35.78,1.279,certain_temperate
dronbreen-20220328-DAT_0230_A1_4,1420.0,540496.62,8669095.51,671.082,567.594,41.583,609.177,43.608,36.014,1.266,certain_temperate
dronbreen-20220328-DAT_0230_A1_4,1425.0,540500.63,8669098.8,670.762,567.066,42.625,609.691,45.682,37.483,1.25,certain_temperate
dronbreen-20220328-DAT_0230_A1_4,1430.0,540503.98,8669101.88,670.439,566.534,43.459,609.993,49.913,36.9,1.238,certain_temperate
dronbreen-20220328-DAT_0230_A1_4,1435.0,540508.08,8669105.97,670.021,565.908,47.21,613.118,53.275,38.957,1.169,certain_temperate
dronbreen-20220328-DAT_0230_A1_4,1440.0,540511.19,8669109.35,669.725,565.404,48.878,614.282,52.559,42.487,1.14,certain_temperate
dronbreen-20220328-DAT_0230_A1_4,1445.0,540515.11,8669113.38,669.401,564.767,50.962,615.73,55.831,44.634,1.106,certain_temperate
dronbreen-20220328-DAT_0230_A1_4,1450.0,540518.45,8669116.59,669.121,564.279,53.776,618.055,60.186,45.073,1.055,certain_temperate
dronbreen-20220328-DAT_0230_A1_4,1455.0,540522.13,8669120.15,668.798,563.851,57.111,620.962,65.275,47.071,0.993,certain_temperate
dronbreen-20220328-DAT_0230_A1_4,1460.0,540525.37,8669123.36,668.489,563.439,59.716,623.155,67.032,49.17,0.945,certain_temperate
dronbreen-20220328-DAT_0230_A1_4,1465.0,540528.98,8669127.1,668.097,562.837,63.051,625.889,68.758,52.238,0.885,certain_temperate
dronbreen-20220328-DAT_0230_A1_4,1470.0,540532.37,8669130.64,667.734,562.266,65.24,627.506,69.542,57.082,0.847,certain_temperate
dronbreen-20220328-DAT_0230_A1_4,1475.0,540535.36,8669133.96,667.424,561.748,66.074,627.822,68.587,60.747,0.835,certain_temperate
dronbreen-20220328-DAT_0230_A1_4,1480.0,540539.14,8669138.1,667.08,561.196,66.074,627.269,70.565,61.374,0.839,certain_temperate
dronbreen-20220328-DAT_0230_A1_4,1485.0,540542.86,8669142.06,666.767,561.404,67.637,629.041,70.872,59.921,0.8,certain_temperate
dronbreen-20220328-DAT_0230_A1_4,1490.0,540545.76,8669145.37,666.502,561.139,67.845,628.984,69.203,61.068,0.796,certain_temperate
dronbreen-20220328-DAT_0230_A1_4,1495.0,540549.21,8669149.73,666.099,560.631,67.116,627.747,69.101,60.024,0.812,certain_temperate
dronbreen-20220328-DAT_0230_A1_4,1500.0,540551.74,8669153.1,665.759,560.291,66.49,626.782,68.683,59.295,0.824,certain_temperate
dronbreen-20220328-DAT_0230_A1_4,1505.0,540555.13,8669157.52,665.268,559.697,65.448,625.145,68.495,58.129,0.845,certain_temperate
dronbreen-20220328-DAT_0230_A1_4,1510.0,540558.19,8669161.44,664.812,559.761,63.572,623.333,67.368,56.442,0.871,certain_temperate
dronbreen-20220328-DAT_0230_A1_4,1515.0,540560.99,8669165.19,664.399,559.869,61.592,621.461,65.597,55.191,0.899,certain_temperate
dronbreen-20220328-DAT_0230_A1_4,1520.0,540563.66,8669169.11,664.024,560.015,59.925,619.94,64.246,54.458,0.921,certain_temperate
dronbreen-20220328-DAT_0230_A1_4,1525.0,540566.49,8669173.21,663.665,560.177,58.049,618.226,62.165,54.037,0.947,certain_temperate
dronbreen-20220328-DAT_0230_A1_4,1530.0,540569.37,8669177.3,663.325,560.463,56.798,617.261,59.917,53.679,0.959,certain_temperate
dronbreen-20220328-DAT_0230_A1_4,1535.0,540572.05,8669181.34,662.945,560.708,55.548,616.256,58.35,52.537,0.971,certain_temperate
dronbreen-20220328-DAT_0230_A1_4,1540.0,540575.39,8669186.21,662.373,560.657,54.297,614.954,56.806,51.58,0.985,certain_temperate
dronbreen-20220328-DAT_0230_A1_4,1545.0,540578.06,8669190.08,661.96,560.765,53.255,614.02,55.281,50.916,0.995,certain_temperate
dronbreen-20220328-DAT_0230_A1_4,1550.0,540580.74,8669194.07,661.533,560.859,52.213,613.072,54.398,49.089,1.005,certain_temperate
dronbreen-20220328-DAT_0230_A1_4,1555.0,540583.69,8669198.81,661.1,560.635,51.066,611.701,53.351,47.114,1.023,certain_temperate
dronbreen-20220328-DAT_0230_A1_4,1560.0,540585.88,8669202.66,660.708,560.347,50.233,610.579,52.531,46.058,1.037,certain_temperate
dronbreen-20220328-DAT_0230_A1_4,1565.0,540588.07,8669207.13,660.164,559.907,49.295,609.202,51.896,44.609,1.053,certain_temperate
dronbreen-20220328-DAT_0230_A1_4,1570.0,540589.76,8669211.64,659.704,559.551,48.148,607.699,50.759,43.14,1.073,certain_temperate
dronbreen-20220328-DAT_0230_A1_4,1575.0,540590.94,8669216.33,659.127,559.078,47.21,606.289,50.55,40.848,1.09,certain_temperate
dronbreen-20220328-DAT_0230_A1_4,1580.0,540591.38,8669222.02,658.338,558.394,45.23,603.624,49.532,38.635,1.126,certain_temperate
dronbreen-20220328-DAT_0230_A1_4,1585.0,540591.24,8669226.79,657.709,557.869,43.771,601.64,47.654,37.804,1.152,certain_temperate
dronbreen-20220328-DAT_0230_A1_4,1590.0,540590.9,8669231.84,657.063,557.119,42.625,599.744,46.105,36.956,1.177,certain_temperate
dronbreen-20220328-DAT_0230_A1_4,1595.0,540590.34,8669236.41,656.674,556.105,42.312,598.417,45.697,36.947,1.195,certain_temperate
dronbreen-20220328-DAT_0230_A1_4,1600.0,540589.44,8669241.1,656.238,554.835,41.895,596.73,45.283,36.736,1.219,certain_temperate
dronbreen-20220328-DAT_0230_A1_4,1605.0,540588.06,8669246.29,655.717,553.585,41.27,594.855,44.357,36.933,1.246,certain_temperate
dronbreen-20220328-DAT_0230_A1_4,1610.0,540586.62,8669251.12,655.253,552.287,40.957,593.244,44.468,36.509,1.268,certain_temperate
dronbreen-20220328-DAT_0230_A1_4,1615.0,540585.24,8669256.36,654.744,550.84,40.332,591.172,43.869,35.023,1.299,certain_temperate
dronbreen-20220328-DAT_0230_A1_4,1620.0,540583.95,8669260.66,654.287,549.757,40.332,590.089,42.972,35.712,1.311,certain_temperate
dronbreen-20220328-DAT_0230_A1_4,1625.0,540582.57,8669265.33,653.791,548.531,40.54,589.072,43.083,35.601,1.321,certain_temperate
dronbreen-20220328-DAT_0230_A1_4,1630.0,540581.01,8669270.84,653.234,547.246,40.645,587.89,43.171,35.721,1.334,certain_temperate
dronbreen-20220328-DAT_0230_A1_4,1635.0,540579.8,8669275.55,652.805,545.982,40.853,586.835,43.284,36.338,1.346,certain_temperate
dronbreen-20220328-DAT_0230_A1_4,1640.0,540578.73,8669279.98,652.415,544.759,41.062,585.821,43.319,36.928,1.358,certain_temperate
dronbreen-20220328-DAT_0230_A1_4,1645.0,540577.71,8669284.66,652.015,543.733,41.166,584.899,43.252,37.412,1.368,certain_temperate
dronbreen-20220328-DAT_0230_A1_4,1650.0,540576.62,8669290.34,651.574,542.563,41.374,583.937,42.929,38.256,1.379,certain_temperate
dronbreen-20220328-DAT_0230_A1_4,1655.0,540575.93,8669294.78,651.259,541.414,42.312,583.727,43.707,38.833,1.377,certain_temperate
dronbreen-20220328-DAT_0230_A1_4,1660.0,540575.13,8669300.34,650.876,540.198,42.833,583.031,44.569,39.43,1.383,certain_temperate
dronbreen-20220328-DAT_0230_A1_4,1665.0,540574.73,8669304.7,650.516,539.212,43.459,582.671,45.05,39.887,1.383,certain_temperate
dronbreen-20220328-DAT_0230_A1_4,1670.0,540574.4,8669310.15,649.967,537.726,44.396,582.122,45.988,40.513,1.383,certain_temperate
dronbreen-20220328-DAT_0230_A1_4,1675.0,540574.15,8669315.2,649.439,536.468,45.126,581.594,46.613,41.242,1.383,certain_temperate
dronbreen-20220328-DAT_0230_A1_4,1680.0,540573.91,8669319.78,648.98,536.008,45.126,581.134,46.613,41.138,1.383,certain_temperate
dronbreen-20220328-DAT_0230_A1_4,1685.0,540573.71,8669325.17,648.519,535.34,45.334,580.674,46.717,40.721,1.383,certain_temperate
dronbreen-20220328-DAT_0230_A1_4,1690.0,540573.45,8669330.22,648.215,534.514,45.856,580.37,47.243,41.133,1.383,certain_temperate
dronbreen-20220328-DAT_0230_A1_4,1695.0,540573.15,8669335.33,647.969,533.747,46.272,580.019,47.766,41.652,1.385,certain_temperate
dronbreen-20220328-DAT_0230_A1_4,1700.0,540572.85,8669339.44,647.799,533.16,46.689,579.85,48.178,41.97,1.385,certain_temperate
dronbreen-20220328-DAT_0230_A1_4,1705.0,540572.36,8669344.92,647.54,532.38,47.21,579.591,48.704,42.486,1.385,certain_temperate
dronbreen-20220328-DAT_0230_A1_4,1710.0,540572.02,8669349.53,647.268,531.692,47.523,579.215,49.123,42.901,1.387,certain_temperate
dronbreen-20220328-DAT_0230_A1_4,1715.0,540571.8,8669354.98,646.903,530.806,48.044,578.85,49.644,43.318,1.387,certain_temperate
dronbreen-20220328-DAT_0230_A1_4,1720.0,540571.68,8669359.97,646.562,530.047,48.357,578.404,50.063,43.733,1.389,certain_temperate
dronbreen-20220328-DAT_0230_A1_4,1725.0,540571.59,8669364.53,646.245,529.418,48.669,578.088,50.371,43.946,1.389,certain_temperate
dronbreen-20220328-DAT_0230_A1_4,1730.0,540571.52,8669369.4,645.886,529.684,48.044,577.728,49.75,43.316,1.389,certain_temperate
dronbreen-20220328-DAT_0230_A1_4,1735.0,540571.43,8669374.99,645.467,529.891,47.315,577.205,49.163,42.548,1.391,certain_temperate
dronbreen-20220328-DAT_0230_A1_4,1740.0,540571.41,8669380.0,645.121,530.169,47.106,577.275,51.705,42.299,1.383,certain_temperate
dronbreen-20220328-DAT_0230_A1_4,1745.0,540571.51,8669384.72,644.814,530.488,47.106,577.594,54.467,42.455,1.37,certain_temperate
dronbreen-20220328-DAT_0230_A1_4,1750.0,540571.79,8669389.44,644.51,530.705,47.731,578.436,55.86,41.478,1.348,certain_temperate
dronbreen-20220328-DAT_0230_A1_4,1755.0,540572.07,8669394.6,644.194,531.119,49.19,580.309,56.176,41.788,1.305,certain_temperate
dronbreen-20220328-DAT_0230_A1_4,1760.0,540572.25,8669399.16,643.951,531.292,50.545,581.837,55.738,42.851,1.27,certain_temperate
dronbreen-20220328-DAT_0230_A1_4,1765.0,540572.49,8669404.47,643.684,531.546,51.9,583.446,57.222,42.931,1.234,certain_temperate
dronbreen-20220328-DAT_0230_A1_4,1770.0,540572.68,8669409.5,643.454,531.733,54.089,585.822,61.524,43.631,1.183,certain_temperate
dronbreen-20220328-DAT_0230_A1_4,1775.0,540572.87,8669415.21,643.182,532.087,56.069,588.156,69.698,46.087,1.132,certain_temperate
dronbreen-20220328-DAT_0230_A1_4,1780.0,540572.96,8669420.02,642.952,532.17,57.528,589.697,69.028,46.861,1.098,certain_temperate
dronbreen-20220328-DAT_0230_A1_4,1785.0,540573.01,8669424.54,642.737,531.85,59.508,591.358,70.209,47.243,1.061,certain_temperate
dronbreen-20220328-DAT_0230_A1_4,1790.0,540572.88,8669429.84,642.451,531.876,61.801,593.677,67.305,51.711,1.011,certain_temperate
dronbreen-20220328-DAT_0230_A1_4,1795.0,540572.78,8669434.26,642.184,531.922,60.654,592.576,66.302,52.089,1.027,certain_temperate
dronbreen-20220328-DAT_0230_A1_4,1800.0,540572.72,8669439.9,641.836,531.887,59.821,591.708,64.849,51.145,1.037,certain_temperate
dronbreen-20220328-DAT_0230_A1_4,1805.0,540572.63,8669444.49,641.57,532.038,58.57,590.608,64.29,49.306,1.053,certain_temperate
dronbreen-20220328-DAT_0230_A1_4,1810.0,540572.37,8669449.78,641.308,531.984,56.798,588.782,62.634,47.94,1.084,certain_temperate
dronbreen-20220328-DAT_0230_A1_4,1815.0,540572.06,8669454.14,641.101,531.985,55.756,587.741,60.776,47.192,1.1,certain_temperate
dronbreen-20220328-DAT_0230_A1_4,1820.0,540571.45,8669459.34,640.844,531.938,54.506,586.443,59.119,46.141,1.12,certain_temperate
dronbreen-20220328-DAT_0230_A1_4,1825.0,540570.75,8669464.09,640.602,531.904,53.463,585.367,57.668,45.612,1.136,certain_temperate
dronbreen-20220328-DAT_0230_A1_4,1830.0,540569.71,8669469.47,640.337,531.951,52.109,584.06,56.206,44.468,1.156,certain_temperate
dronbreen-20220328-DAT_0230_A1_4,1835.0,540568.62,8669474.33,640.08,531.695,50.962,582.657,56.87,42.24,1.179,certain_temperate
dronbreen-20220328-DAT_0230_A1_4,1840.0,540567.48,8669479.19,639.828,531.442,48.148,579.591,54.28,40.766,1.234,certain_temperate
dronbreen-20220328-DAT_0230_A1_4,1845.0,540566.47,8669484.03,639.605,531.219,47.002,578.221,50.661,41.258,1.256,certain_temperate
dronbreen-20220328-DAT_0230_A1_4,1850.0,540565.7,8669489.1,639.423,531.141,46.377,577.518,48.923,41.016,1.266,certain_temperate
dronbreen-20220328-DAT_0230_A1_4,1855.0,540564.91,8669494.62,639.234,531.16,45.23,576.391,48.147,39.916,1.285,certain_temperate
dronbreen-20220328-DAT_0230_A1_4,1860.0,540564.3,8669499.32,639.081,531.321,43.875,575.196,47.056,39.653,1.305,certain_temperate
dronbreen-20220328-DAT_0230_A1_4,1865.0,540563.88,8669503.77,638.938,531.49,43.042,574.531,45.671,38.745,1.315,certain_temperate
dronbreen-20220328-DAT_0230_A1_4,1870.0,540563.22,8669509.39,638.742,531.815,41.166,572.981,44.237,37.573,1.342,certain_temperate
dronbreen-20220328-DAT_0230_A1_4,1875.0,540562.41,8669513.65,638.596,531.878,40.54,572.419,42.855,36.558,1.35,certain_temperate
dronbreen-20220328-DAT_0230_A1_4,1880.0,540560.82,8669518.88,638.4,531.994,39.707,571.701,41.995,35.75,1.36,certain_temperate
dronbreen-20220328-DAT_0230_A1_4,1885.0,540558.42,8669522.67,638.21,531.387,39.602,570.99,41.869,35.877,1.37,certain_temperate
dronbreen-20220328-DAT_0230_A1_4,1890.0,540554.34,8669526.37,637.934,530.591,39.498,570.089,41.723,36.023,1.383,certain_temperate
dronbreen-20220328-DAT_0230_A1_4,1895.0,540550.52,8669528.8,637.687,529.093,40.019,569.112,42.486,37.135,1.397,certain_temperate
dronbreen-20220328-DAT_0230_A1_4,1900.0,540545.54,8669530.7,637.411,528.087,40.228,568.315,42.553,37.694,1.407,certain_temperate
dronbreen-20220328-DAT_0230_A1_4,1905.0,540541.02,8669532.3,637.159,527.001,40.54,567.542,43.159,38.234,1.417,certain_temperate
dronbreen-20220328-DAT_0230_A1_4,1910.0,540536.13,8669534.34,636.881,525.369,41.583,566.952,44.097,39.277,1.424,certain_temperate
dronbreen-20220328-DAT_0230_A1_4,1915.0,540531.53,8669535.9,636.651,523.993,42.416,566.409,44.891,40.15,1.43,certain_temperate
dronbreen-20220328-DAT_0230_A1_4,1920.0,540526.85,8669537.58,636.441,523.678,42.312,565.99,44.828,40.005,1.434,certain_temperate
dronbreen-20220328-DAT_0230_A1_4,1925.0,540522.15,8669539.55,636.268,523.296,42.416,565.713,44.79,39.73,1.436,certain_temperate
dronbreen-20220328-DAT_0230_A1_4,1930.0,540517.59,8669541.09,636.132,522.744,42.937,565.681,45.14,39.692,1.434,certain_temperate
dronbreen-20220328-DAT_0230_A1_4,1935.0,540512.38,8669542.85,635.987,522.077,43.667,565.744,45.583,39.979,1.43,certain_temperate
dronbreen-20220328-DAT_0230_A1_4,1940.0,540508.03,8669544.33,635.878,521.447,44.396,565.844,45.827,40.361,1.426,certain_temperate
dronbreen-20220328-DAT_0230_A1_4,1945.0,540503.18,8669545.86,635.787,520.94,44.709,565.649,46.363,40.658,1.428,certain_temperate
dronbreen-20220328-DAT_0230_A1_4,1950.0,540498.32,8669547.31,635.745,519.647,45.856,565.503,47.824,41.698,1.43,certain_temperate
dronbreen-20220328-DAT_0230_A1_4,1955.0,540493.95,8669548.64,635.715,513.468,51.9,565.368,54.079,47.741,1.432,certain_temperate
dronbreen-20220328-DAT_0230_A1_4,1960.0,540489.01,8669550.0,635.677,512.284,52.942,565.226,55.458,48.759,1.434,certain_temperate
dronbreen-20220328-DAT_0230_A1_4,1965.0,540483.69,8669551.79,635.565,510.817,54.089,564.906,56.4,49.902,1.438,certain_temperate
dronbreen-20220328-DAT_0230_A1_4,1970.0,540479.59,8669553.09,635.455,509.873,54.818,564.691,57.005,50.443,1.44,certain_temperate
dronbreen-20220328-DAT_0230_A1_4,1975.0,540474.24,8669554.67,635.296,508.36,56.069,564.429,57.945,51.9,1.442,certain_temperate
dronbreen-20220328-DAT_0230_A1_4,1980.0,540470.01,8669555.97,635.161,507.182,57.007,564.189,58.768,52.744,1.444,certain_temperate
dronbreen-20220328-DAT_0230_A1_4,1985.0,540464.86,8669557.37,635.007,505.882,58.153,564.035,59.597,53.791,1.444,certain_temperate
dronbreen-20220328-DAT_0230_A1_4,1990.0,540460.08,8669558.8,634.871,504.704,59.195,563.899,60.744,55.042,1.444,certain_temperate
dronbreen-20220328-DAT_0230_A1_4,1995.0,540455.68,8669559.93,634.789,503.476,60.342,563.817,62.311,56.6,1.444,certain_temperate
dronbreen-20220328-DAT_0230_A1_4,2000.0,540450.9,8669561.23,634.723,502.368,61.488,563.856,63.768,58.062,1.442,certain_temperate
dronbreen-20220328-DAT_0230_A1_4,2005.0,540445.19,8669562.92,634.713,501.94,61.905,563.845,64.615,58.882,1.442,certain_temperate
dronbreen-20220328-DAT_0230_A1_4,2010.0,540440.68,8669564.21,634.713,501.628,62.426,564.054,65.392,59.251,1.438,certain_temperate
dronbreen-20220328-DAT_0230_A1_4,2015.0,540436.3,8669565.32,634.699,501.301,62.947,564.248,66.666,59.228,1.434,certain_temperate
dronbreen-20220328-DAT_0230_A1_4,2020.0,540431.33,8669566.64,634.667,500.435,64.927,565.363,68.722,59.361,1.411,certain_temperate
dronbreen-20220328-DAT_0230_A1_4,2025.0,540426.17,8669568.3,634.57,499.401,67.012,566.412,69.264,61.528,1.389,certain_temperate
dronbreen-20220328-DAT_0230_A1_4,2030.0,540421.9,8669569.48,634.476,499.307,67.116,566.422,69.238,62.075,1.387,certain_temperate
dronbreen-20220328-DAT_0230_A1_4,2035.0,540416.43,8669571.08,634.373,499.099,67.637,566.736,69.91,62.237,1.379,certain_temperate
dronbreen-20220328-DAT_0230_A1_4,2040.0,540412.07,8669572.34,634.31,499.036,68.054,567.09,70.35,62.214,1.37,certain_temperate
dronbreen-20220328-DAT_0230_A1_4,2045.0,540407.46,8669573.93,634.249,499.184,68.471,567.654,70.867,61.905,1.358,certain_temperate
dronbreen-20220328-DAT_0230_A1_4,2050.0,540402.31,8669575.53,634.157,499.404,68.992,568.396,70.82,62.578,1.342,certain_temperate
dronbreen-20220328-DAT_0230_A1_4,2055.0,540397.9,8669576.76,634.068,499.419,69.2,568.62,70.906,63.43,1.336,certain_temperate
dronbreen-20220328-DAT_0230_A1_4,2060.0,540393.32,8669578.11,633.971,499.531,69.304,568.835,71.059,63.797,1.33,certain_temperate
dronbreen-20220328-DAT_0230_A1_4,2065.0,540388.65,8669579.27,633.908,500.615,68.575,569.19,70.28,63.327,1.321,certain_temperate
dronbreen-20220328-DAT_0230_A1_4,2070.0,540382.94,8669580.96,633.836,501.689,67.845,569.534,69.378,63.082,1.313,certain_temperate
dronbreen-20220328-DAT_0230_A1_4,2075.0,540378.53,8669582.01,633.795,502.898,66.907,569.806,68.484,62.621,1.307,certain_temperate
dronbreen-20220328-DAT_0230_A1_4,2080.0,540373.65,8669583.0,633.723,503.451,66.595,570.046,68.325,62.78,1.301,certain_temperate
dronbreen-20220328-DAT_0230_A1_4,2085.0,540368.99,8669583.89,633.635,504.51,65.865,570.375,67.276,62.266,1.293,certain_temperate
dronbreen-20220328-DAT_0230_A1_4,2090.0,540363.69,8669585.04,633.513,506.16,64.198,570.358,65.702,61.13,1.291,certain_temperate
dronbreen-20220328-DAT_0230_A1_4,2095.0,540358.38,8669586.24,633.443,506.715,63.364,570.079,65.506,60.805,1.295,certain_temperate
dronbreen-20220328-DAT_0230_A1_4,2100.0,540353.9,8669587.48,633.472,507.577,63.26,570.837,65.035,59.4,1.281,certain_temperate
dronbreen-20220328-DAT_0230_A1_4,2105.0,540348.96,8669588.83,633.544,508.587,62.426,571.013,63.814,58.329,1.279,certain_temperate
dronbreen-20220328-DAT_0230_A1_4,2110.0,540344.33,8669590.16,633.623,509.396,61.488,570.884,63.265,57.836,1.283,certain_temperate
dronbreen-20220328-DAT_0230_A1_4,2115.0,540339.62,8669591.87,633.636,510.348,60.342,570.689,62.477,57.164,1.287,certain_temperate
dronbreen-20220328-DAT_0230_A1_4,2120.0,540335.09,8669594.35,633.554,511.307,58.778,570.086,61.002,55.721,1.297,certain_temperate
dronbreen-20220328-DAT_0230_A1_4,2125.0,540332.2,8669598.11,633.361,511.739,57.007,568.746,59.606,54.512,1.319,certain_temperate
dronbreen-20220328-DAT_0230_A1_4,2130.0,540331.38,8669602.96,633.102,512.106,56.173,568.279,58.029,52.963,1.323,certain_temperate
dronbreen-20220328-DAT_0230_A1_4,2135.0,540332.53,8669608.11,632.757,511.657,55.965,567.622,57.722,51.602,1.33,certain_temperate
dronbreen-20220328-DAT_0230_A1_4,2140.0,540335.0,8669612.42,632.437,511.025,56.069,567.093,58.1,50.286,1.334,certain_temperate
dronbreen-20220328-DAT_0230_A1_4,2145.0,540338.01,8669615.81,632.163,510.333,55.548,565.881,58.292,49.573,1.352,certain_temperate
dronbreen-20220328-DAT_0230_A1_4,2150.0,540341.66,8669619.55,631.873,509.626,54.922,564.549,57.964,49.067,1.372,certain_temperate
dronbreen-20220328-DAT_0230_A1_4,2155.0,540345.29,8669622.91,631.629,508.862,54.089,562.95,57.242,48.538,1.399,certain_temperate
dronbreen-20220328-DAT_0230_A1_4,2160.0,540348.73,8669626.27,631.421,508.132,53.463,561.596,56.638,48.309,1.422,certain_temperate
dronbreen-20220328-DAT_0230_A1_4,2165.0,540352.13,8669630.1,631.178,506.951,53.255,560.206,57.562,47.384,1.444,certain_temperate
dronbreen-20220328-DAT_0230_A1_4,2170.0,540355.63,8669633.92,630.892,505.31,52.525,557.836,57.057,47.473,1.485,certain_temperate
dronbreen-20220328-DAT_0230_A1_4,2175.0,540359.01,8669637.79,630.57,503.946,52.317,556.263,55.857,47.213,1.51,certain_temperate
dronbreen-20220328-DAT_0230_A1_4,2180.0,540361.98,8669641.31,630.272,502.294,52.734,555.028,55.693,47.898,1.528,certain_temperate
dronbreen-20220328-DAT_0230_A1_4,2185.0,540365.45,8669645.51,629.932,500.807,52.942,553.749,55.795,47.275,1.547,certain_temperate
dronbreen-20220328-DAT_0230_A1_4,2190.0,540368.44,8669649.43,629.66,499.285,53.151,552.435,56.192,46.358,1.567,certain_temperate
dronbreen-20220328-DAT_0230_A1_4,2195.0,540371.66,8669653.76,629.414,497.893,53.046,550.939,56.413,46.657,1.592,certain_temperate
dronbreen-20220328-DAT_0230_A1_4,2200.0,540374.33,8669657.56,629.212,496.544,53.151,549.695,56.841,47.063,1.612,certain_temperate
dronbreen-20220328-DAT_0230_A1_4,2205.0,540377.11,8669661.36,629.012,494.572,53.672,548.243,57.595,48.081,1.637,certain_temperate
dronbreen-20220328-DAT_0230_A1_4,2210.0,540379.88,8669665.23,628.776,492.565,54.506,547.07,57.998,49.45,1.656,certain_temperate
dronbreen-20220328-DAT_0230_A1_4,2215.0,540382.72,8669669.29,628.494,490.927,55.131,546.058,58.551,50.147,1.67,certain_temperate
dronbreen-20220328-DAT_0230_A1_4,2220.0,540385.62,8669673.34,628.193,489.793,55.131,544.924,58.918,50.093,1.686,certain_temperate
dronbreen-20220328-DAT_0230_A1_4,2225.0,540388.99,8669678.19,627.796,487.832,55.652,543.484,59.099,50.85,1.707,certain_temperate
dronbreen-20220328-DAT_0230_A1_4,2230.0,540391.34,8669681.95,627.503,486.602,56.069,542.67,59.022,51.344,1.717,certain_temperate
dronbreen-20220328-DAT_0230_A1_4,2235.0,540393.92,8669686.06,627.201,485.466,56.277,541.743,59.204,51.475,1.73,certain_temperate
dronbreen-20220328-DAT_0230_A1_4,2240.0,540396.65,8669690.93,626.884,483.794,57.007,540.8,59.63,51.986,1.742,certain_temperate
dronbreen-20220328-DAT_0230_A1_4,2245.0,540399.04,8669695.14,626.626,482.702,57.215,539.917,59.677,52.043,1.754,certain_temperate
dronbreen-20220328-DAT_0230_A1_4,2250.0,540401.61,8669699.87,626.339,481.686,57.424,539.109,59.793,51.824,1.765,certain_temperate
dronbreen-20220328-DAT_0230_A1_4,2255.0,540403.94,8669704.18,626.068,480.581,57.319,537.901,60.066,51.655,1.783,certain_temperate
dronbreen-20220328-DAT_0230_A1_4,2260.0,540405.8,8669708.06,625.817,479.601,57.319,536.92,60.13,51.278,1.798,certain_temperate
dronbreen-20220328-DAT_0230_A1_4,2265.0,540407.76,8669712.84,625.497,478.551,57.319,535.87,60.349,51.371,1.812,certain_temperate
dronbreen-20220328-DAT_0230_A1_4,2270.0,540409.56,8669717.6,625.167,478.013,56.798,534.811,59.943,51.048,1.827,certain_temperate
dronbreen-20220328-DAT_0230_A1_4,2275.0,540411.06,8669722.3,624.61,477.351,56.173,533.524,59.69,50.363,1.841,certain_temperate
dronbreen-20220328-DAT_0230_A1_4,2280.0,540412.62,8669727.23,624.326,476.859,55.443,532.302,59.182,49.829,1.86,certain_temperate
dronbreen-20220328-DAT_0230_A1_4,2285.0,540414.02,8669731.51,624.052,476.481,54.818,531.299,58.776,49.089,1.874,certain_temperate
dronbreen-20220328-DAT_0230_A1_4,2290.0,540415.51,8669736.27,623.61,475.935,53.984,529.919,58.243,48.058,1.893,certain_temperate
dronbreen-20220328-DAT_0230_A1_4,2295.0,540416.98,8669741.03,623.197,475.418,53.255,528.673,57.838,46.171,1.909,certain_temperate
dronbreen-20220328-DAT_0230_A1_4,2300.0,540418.39,8669745.97,622.824,474.94,52.421,527.362,57.147,44.673,1.928,certain_temperate
dronbreen-20220328-DAT_0230_A1_4,2305.0,540419.73,8669750.72,622.493,474.609,51.692,526.301,56.488,43.977,1.942,certain_temperate
dronbreen-20220328-DAT_0230_A1_4,2310.0,540421.04,8669755.48,622.17,474.182,51.066,525.248,56.389,42.722,1.957,certain_temperate
dronbreen-20220328-DAT_0230_A1_4,2315.0,540422.56,8669761.0,621.831,473.843,49.92,523.763,55.632,40.456,1.979,certain_temperate
dronbreen-20220328-DAT_0230_A1_4,2320.0,540423.84,8669765.86,621.708,473.616,49.086,522.702,54.489,39.202,1.998,certain_temperate
dronbreen-20220328-DAT_0230_A1_4,2325.0,540424.9,8669770.73,621.507,473.31,48.461,521.771,53.521,38.086,2.012,certain_temperate
dronbreen-20220328-DAT_0230_A1_4,2330.0,540425.76,8669775.5,621.124,472.927,47.731,520.659,52.816,36.603,2.027,certain_temperate
dronbreen-20220328-DAT_0230_A1_4,2335.0,540426.39,8669780.54,620.721,472.316,46.898,519.214,51.971,34.946,2.047,certain_temperate
dronbreen-20220328-DAT_0230_A1_4,2340.0,540427.05,8669785.64,620.27,471.865,46.064,517.928,51.894,33.668,2.064,certain_temperate
dronbreen-20220328-DAT_0230_A1_4,2345.0,540427.69,8669790.35,619.834,471.429,45.439,516.867,51.526,32.369,2.076,certain_temperate
dronbreen-20220328-DAT_0230_A1_4,2350.0,540428.61,8669795.53,619.498,471.093,44.396,515.489,50.652,30.221,2.097,certain_temperate
dronbreen-20220328-DAT_0230_A1_4,2355.0,540429.51,8669800.64,619.174,470.665,43.667,514.332,48.995,28.334,2.114,certain_temperate
dronbreen-20220328-DAT_0230_A1_4,2360.0,540430.18,8669804.75,618.916,470.407,42.104,512.51,50.018,25.436,2.145,certain_temperate
dronbreen-20220328-DAT_0230_A1_4,2365.0,540430.95,8669809.62,618.6,470.09,39.29,509.38,51.317,22.573,2.2,certain_temperate
dronbreen-20220328-DAT_0230_A1_4,2370.0,540431.76,8669814.54,618.25,469.636,35.746,505.383,50.506,20.987,2.273,certain_temperate
dronbreen-20220328-DAT_0230_A1_4,2375.0,540432.51,8669819.4,617.889,469.276,32.933,502.208,49.689,19.615,2.329,certain_temperate
dronbreen-20220328-DAT_0230_A1_4,2380.0,540433.23,8669824.39,617.521,469.012,29.181,498.192,46.281,20.106,2.401,certain_temperate
dronbreen-20220328-DAT_0230_A1_4,2385.0,540433.9,8669829.37,617.16,468.65,28.66,497.31,42.907,21.29,2.412,certain_temperate
dronbreen-20220328-DAT_0230_A1_4,2390.0,540434.6,8669834.35,616.819,468.31,28.347,496.657,47.671,13.922,2.418,certain_temperate
dronbreen-20220328-DAT_0230_A1_4,2395.0,540435.36,8669839.34,616.522,468.221,36.059,504.28,39.163,18.157,2.26,certain_temperate
dronbreen-20220328-DAT_0230_A1_4,2400.0,540436.14,8669844.38,616.253,468.369,26.784,495.152,44.83,5.299,2.437,certain_temperate
dronbreen-20220328-DAT_0230_A1_4,2405.0,540436.91,8669849.56,615.946,468.687,25.846,494.533,35.708,10.772,2.443,certain_temperate
dronbreen-20220328-DAT_0230_A1_4,2410.0,540437.62,8669854.66,615.621,468.883,24.908,493.791,35.043,7.998,2.451,certain_temperate
dronbreen-20220328-DAT_0230_A1_4,2415.0,540438.05,8669859.14,615.325,469.421,26.471,495.892,32.337,8.411,2.403,certain_temperate
dronbreen-20220328-DAT_0230_A1_4,2420.0,540438.36,8669864.3,615.001,470.035,23.449,493.483,32.473,3.065,2.445,certain_temperate
dronbreen-20220328-DAT_0230_A1_4,2425.0,540438.54,8669869.02,614.734,470.289,21.364,491.653,29.747,2.248,2.476,certain_temperate
dronbreen-20220328-DAT_0230_A1_4,2430.0,540438.87,8669874.92,614.39,470.675,20.218,490.893,27.306,0.0,2.484,certain_temperate
dronbreen-20220328-DAT_0230_A1_4,2435.0,540439.17,8669879.83,614.105,471.327,18.968,490.295,25.577,12.671,2.49,certain_temperate
dronbreen-20220328-DAT_0230_A1_4,2440.0,540439.57,8669884.56,613.84,472.313,17.196,489.509,23.334,8.035,2.501,certain_temperate
dronbreen-20220328-DAT_0230_A1_4,2445.0,540440.1,8669889.58,613.567,473.187,15.633,488.82,21.045,3.55,2.509,certain_temperate
dronbreen-20220328-DAT_0230_A1_4,2450.0,540440.47,8669894.01,613.309,473.658,14.695,488.353,20.032,0.082,2.513,certain_temperate
dronbreen-20220328-DAT_0230_A1_4,2455.0,540440.79,8669899.33,612.978,474.265,13.757,488.022,18.771,0.0,2.513,uncertain_temperate
dronbreen-20220328-DAT_0230_A1_4,2460.0,540440.88,8669904.63,612.661,474.886,12.819,487.704,17.918,0.0,2.513,uncertain_temperate
dronbreen-20220328-DAT_0230_A1_4,2465.0,540440.94,8669909.54,612.404,475.358,13.444,488.802,15.93,0.0,2.486,uncertain_temperate
dronbreen-20220328-DAT_0230_A1_4,2470.0,540441.23,8669914.48,612.174,475.963,11.255,487.218,14.166,0.0,2.513,uncertain_temperate
dronbreen-20220328-DAT_0230_A1_4,2475.0,540441.53,8669918.8,611.974,476.701,10.317,487.018,12.831,0.0,2.513,uncertain_temperate
dronbreen-20220328-DAT_0230_A1_4,2480.0,540442.01,8669924.52,611.661,477.221,9.484,486.704,11.997,0.0,2.513,uncertain_temperate
dronbreen-20220328-DAT_0230_A1_4,2485.0,540442.33,8669929.24,611.392,477.889,8.546,486.435,11.895,0.0,2.513,uncertain_temperate
dronbreen-20220328-DAT_0230_A1_4,2490.0,540442.64,8669933.8,611.133,478.256,7.816,486.072,11.064,0.0,2.515,uncertain_temperate
dronbreen-20220328-DAT_0230_A1_4,2495.0,540442.98,8669938.86,610.844,478.801,6.983,485.784,9.915,0.0,2.515,uncertain_temperate
dronbreen-20220328-DAT_0230_A1_4,2500.0,540443.03,8669944.24,610.531,479.322,6.149,485.471,8.674,0.0,2.515,uncertain_temperate
dronbreen-20220328-DAT_0230_A1_4,2505.0,540442.72,8669949.1,610.26,479.572,5.419,484.991,7.979,0.0,2.519,uncertain_temperate
dronbreen-20220328-DAT_0230_A1_4,2510.0,540441.9,8669954.72,609.942,479.358,5.107,484.465,7.67,0.0,2.524,uncertain_temperate
dronbreen-20220328-DAT_0230_A1_4,2515.0,540441.07,8669959.16,609.679,479.199,4.794,483.993,7.384,0.0,2.528,uncertain_temperate
dronbreen-20220328-DAT_0230_A1_4,2520.0,540440.42,8669964.45,609.345,478.97,4.377,483.347,7.0,0.0,2.534,uncertain_temperate
dronbreen-20220328-DAT_0230_A1_4,2525.0,540440.09,8669969.06,609.032,478.864,3.856,482.72,6.485,0.0,2.54,uncertain_temperate
dronbreen-20220328-DAT_0230_A1_4,2530.0,540439.91,8669973.77,608.741,478.678,3.439,482.117,6.105,0.0,2.546,uncertain_temperate
dronbreen-20220328-DAT_0230_A1_4,2535.0,540438.99,8669978.78,608.454,478.391,3.022,481.413,5.772,0.0,2.555,uncertain_temperate
dronbreen-20220328-DAT_0230_A1_4,2540.0,540436.18,8669983.08,608.14,477.869,2.71,480.578,5.512,0.0,2.565,uncertain_temperate
dronbreen-20220328-DAT_0230_A1_4,2545.0,540431.88,8669986.16,607.806,475.554,4.169,479.723,6.898,0.0,2.575,uncertain_temperate
dronbreen-20220328-DAT_0230_A1_4,2550.0,540427.97,8669988.17,607.524,470.687,8.442,479.128,11.141,0.0,2.582,certain_temperate
dronbreen-20220328-DAT_0230_A1_4,2555.0,540422.57,8669989.87,607.19,466.184,12.193,478.377,14.87,1.596,2.59,certain_temperate
dronbreen-20220328-DAT_0230_A1_4,2560.0,540418.2,8669990.59,606.96,462.098,15.841,477.939,18.522,0.0,2.594,certain_temperate
dronbreen-20220328-DAT_0230_A1_4,2565.0,540412.99,8669991.45,606.68,460.151,17.092,477.242,19.811,0.0,2.602,uncertain_temperate
dronbreen-20220328-DAT_0230_A1_4,2570.0,540408.18,8669992.42,606.411,459.257,17.404,476.661,20.073,0.0,2.609,uncertain_temperate
dronbreen-20220328-DAT_0230_A1_4,2575.0,540402.67,8669993.37,606.124,457.511,18.655,476.166,26.122,0.0,2.613,uncertain_temperate
dronbreen-20220328-DAT_0230_A1_4,2580.0,540398.04,8669994.16,605.885,456.334,19.28,475.614,26.988,0.0,2.619,uncertain_temperate
dronbreen-20220328-DAT_0230_A1_4,2585.0,540393.06,8669995.13,605.615,455.021,20.01,475.031,28.01,0.0,2.625,uncertain_temperate
dronbreen-20220328-DAT_0230_A1_4,2590.0,540388.3,8669996.38,605.344,453.604,20.948,474.551,29.369,1.271,2.629,certain_temperate
dronbreen-20220328-DAT_0230_A1_4,2595.0,540383.12,8669997.81,605.034,452.252,21.677,473.929,30.708,3.892,2.636,certain_temperate
dronbreen-20220328-DAT_0230_A1_4,2600.0,540379.37,8669998.63,604.823,451.207,22.407,473.614,31.753,5.661,2.638,certain_temperate
dronbreen-20220328-DAT_0230_A1_4,2605.0,540373.84,8669999.95,604.512,449.854,23.136,472.99,33.189,8.289,2.644,certain_temperate
dronbreen-20220328-DAT_0230_A1_4,2610.0,540368.74,8670001.1,604.24,448.436,24.804,473.239,34.883,11.181,2.633,certain_temperate
dronbreen-20220328-DAT_0230_A1_4,2615.0,540364.29,8670002.21,603.982,447.448,25.846,473.293,42.007,7.079,2.627,certain_temperate
dronbreen-20220328-DAT_0230_A1_4,2620.0,540359.8,8670003.31,603.719,446.977,33.558,480.535,42.489,17.436,2.478,certain_temperate
dronbreen-20220328-DAT_0230_A1_4,2625.0,540354.86,8670004.54,603.432,446.481,34.183,480.664,41.606,19.465,2.47,certain_temperate
dronbreen-20220328-DAT_0230_A1_4,2630.0,540349.8,8670005.68,603.151,446.408,27.096,473.505,35.19,13.271,2.606,certain_temperate
dronbreen-20220328-DAT_0230_A1_4,2635.0,540344.34,8670006.94,602.852,446.631,27.096,473.727,31.304,19.241,2.596,certain_temperate
dronbreen-20220328-DAT_0230_A1_4,2640.0,540339.77,8670007.86,602.603,446.799,26.992,473.791,31.889,20.428,2.59,certain_temperate
dronbreen-20220328-DAT_0230_A1_4,2645.0,540334.62,8670009.01,602.313,446.821,27.096,473.917,32.75,21.652,2.582,certain_temperate
dronbreen-20220328-DAT_0230_A1_4,2650.0,540330.0,8670010.13,602.063,447.3,26.784,474.084,33.054,22.493,2.573,certain_temperate
dronbreen-20220328-DAT_0230_A1_4,2655.0,540325.28,8670011.38,601.817,447.888,26.367,474.255,33.777,22.813,2.565,certain_temperate
dronbreen-20220328-DAT_0230_A1_4,2660.0,540320.87,8670012.57,601.587,448.284,26.992,475.276,35.201,22.015,2.54,certain_temperate
dronbreen-20220328-DAT_0230_A1_4,2665.0,540315.66,8670013.71,601.337,448.659,28.139,476.798,36.152,21.167,2.505,certain_temperate
dronbreen-20220328-DAT_0230_A1_4,2670.0,540310.59,8670014.8,601.092,449.873,28.555,478.428,35.82,20.145,2.468,certain_temperate
dronbreen-20220328-DAT_0230_A1_4,2675.0,540305.91,8670015.59,600.863,450.478,29.493,479.971,35.81,20.572,2.432,certain_temperate
dronbreen-20220328-DAT_0230_A1_4,2680.0,540301.1,8670016.57,600.578,451.444,30.015,481.458,34.135,21.83,2.397,certain_temperate
dronbreen-20220328-DAT_0230_A1_4,2685.0,540295.78,8670017.77,600.211,452.431,29.493,481.925,32.283,23.369,2.381,certain_temperate
dronbreen-20220328-DAT_0230_A1_4,2690.0,540291.24,8670018.88,599.89,453.152,28.764,481.916,31.963,24.419,2.374,certain_temperate
dronbreen-20220328-DAT_0230_A1_4,2695.0,540286.57,8670020.04,599.562,453.554,28.347,481.901,31.54,24.946,2.368,certain_temperate
dronbreen-20220328-DAT_0230_A1_4,2700.0,540281.83,8670021.26,599.26,454.19,27.722,481.912,30.671,24.355,2.362,certain_temperate
dronbreen-20220328-DAT_0230_A1_4,2705.0,540277.04,8670022.55,598.97,455.046,26.784,481.83,29.583,23.568,2.358,certain_temperate
dronbreen-20220328-DAT_0230_A1_4,2710.0,540271.88,8670023.72,598.705,455.824,25.846,481.67,28.733,22.958,2.356,certain_temperate
dronbreen-20220328-DAT_0230_A1_4,2715.0,540266.26,8670025.01,598.417,456.681,24.804,481.485,27.689,22.127,2.354,certain_temperate
dronbreen-20220328-DAT_0230_A1_4,2720.0,540261.82,8670026.09,598.174,457.273,24.074,481.347,26.99,21.575,2.352,certain_temperate
dronbreen-20220328-DAT_0230_A1_4,2725.0,540256.89,8670027.4,597.896,458.141,23.24,481.381,26.099,20.591,2.345,certain_temperate
dronbreen-20220328-DAT_0230_A1_4,2730.0,540252.79,8670028.47,597.669,458.748,22.719,481.467,25.363,19.867,2.339,certain_temperate
dronbreen-20220328-DAT_0230_A1_4,2735.0,540247.65,8670029.85,597.377,459.498,21.99,481.488,24.453,19.527,2.333,certain_temperate
dronbreen-20220328-DAT_0230_A1_4,2740.0,540242.69,8670031.43,597.061,460.12,21.469,481.589,23.924,18.701,2.325,certain_temperate
dronbreen-20220328-DAT_0230_A1_4,2745.0,540238.47,8670032.74,596.791,460.996,20.635,481.631,23.021,17.728,2.318,certain_temperate
dronbreen-20220328-DAT_0230_A1_4,2750.0,540233.77,8670034.22,596.483,461.938,19.593,481.531,22.079,16.69,2.314,certain_temperate
dronbreen-20220328-DAT_0230_A1_4,2755.0,540227.71,8670035.59,596.151,463.066,18.446,481.512,20.956,15.311,2.308,certain_temperate
dronbreen-20220328-DAT_0230_A1_4,2760.0,540223.12,8670036.94,595.892,464.162,17.404,481.566,20.012,14.067,2.302,certain_temperate
dronbreen-20220328-DAT_0230_A1_4,2765.0,540218.96,8670038.12,595.673,464.985,16.675,481.66,18.981,13.222,2.296,certain_temperate
dronbreen-20220328-DAT_0230_A1_4,2770.0,540213.35,8670039.44,595.39,465.848,15.424,481.272,18.139,12.293,2.298,certain_temperate
dronbreen-20220328-DAT_0230_A1_4,2775.0,540208.49,8670040.35,595.151,466.652,14.486,481.138,17.328,11.332,2.296,certain_temperate
dronbreen-20220328-DAT_0230_A1_4,2780.0,540204.26,8670041.21,594.928,467.262,13.861,481.123,16.742,10.667,2.292,certain_temperate
dronbreen-20220328-DAT_0230_A1_4,2785.0,540198.79,8670042.54,594.635,467.386,13.757,481.142,16.661,10.643,2.285,certain_temperate
dronbreen-20220328-DAT_0230_A1_4,2790.0,540194.0,8670043.7,594.385,467.553,13.652,481.206,16.522,9.533,2.279,certain_temperate
dronbreen-20220328-DAT_0230_A1_4,2795.0,540189.85,8670044.88,594.163,467.644,13.548,481.192,16.443,9.611,2.275,certain_temperate
dronbreen-20220328-DAT_0230_A1_4,2800.0,540184.26,8670046.55,593.876,467.357,13.965,481.322,16.852,10.14,2.267,certain_temperate
dronbreen-20220328-DAT_0230_A1_4,2805.0,540180.24,8670047.75,593.675,467.155,14.174,481.329,17.091,10.526,2.263,certain_temperate
dronbreen-20220328-DAT_0230_A1_4,2810.0,540175.35,8670049.19,593.432,466.704,14.903,481.607,17.735,11.342,2.252,certain_temperate
dronbreen-20220328-DAT_0230_A1_4,2815.0,540169.66,8670050.85,593.157,466.22,15.633,481.853,18.198,12.754,2.242,certain_temperate
dronbreen-20220328-DAT_0230_A1_4,2820.0,540165.22,8670052.22,592.947,465.802,16.258,482.06,18.712,13.283,2.234,certain_temperate
dronbreen-20220328-DAT_0230_A1_4,2825.0,540160.38,8670053.68,592.724,465.371,16.987,482.358,20.057,13.813,2.223,certain_temperate
dronbreen-20220328-DAT_0230_A1_4,2830.0,540155.57,8670055.27,592.5,464.939,17.613,482.551,21.255,14.387,2.215,certain_temperate
dronbreen-20220328-DAT_0230_A1_4,2835.0,540150.79,8670056.86,592.279,464.509,18.238,482.747,22.394,15.02,2.207,certain_temperate
dronbreen-20220328-DAT_0230_A1_4,2840.0,540146.26,8670058.65,592.062,463.98,18.968,482.947,23.681,15.713,2.198,certain_temperate
dronbreen-20220328-DAT_0230_A1_4,2845.0,540142.35,8670060.24,591.856,463.357,20.114,483.471,24.92,16.767,2.184,certain_temperate
dronbreen-20220328-DAT_0230_A1_4,2850.0,540136.96,8670062.47,591.564,462.126,21.26,483.386,26.743,18.279,2.18,certain_temperate
dronbreen-20220328-DAT_0230_A1_4,2855.0,540133.32,8670064.03,591.359,461.505,21.99,483.495,28.141,18.757,2.174,certain_temperate
dronbreen-20220328-DAT_0230_A1_4,2860.0,540127.48,8670066.28,591.059,460.058,23.97,484.028,30.748,20.527,2.157,certain_temperate
dronbreen-20220328-DAT_0230_A1_4,2865.0,540123.89,8670067.79,590.882,459.464,24.908,484.372,31.885,21.265,2.147,certain_temperate
dronbreen-20220328-DAT_0230_A1_4,2870.0,540118.66,8670069.88,590.652,458.817,26.158,484.976,33.641,22.115,2.13,certain_temperate
dronbreen-20220328-DAT_0230_A1_4,2875.0,540114.2,8670071.84,590.483,458.44,27.201,485.641,35.693,21.73,2.114,certain_temperate
dronbreen-20220328-DAT_0230_A1_4,2880.0,540109.65,8670073.75,590.326,458.283,29.285,487.568,37.499,21.592,2.072,certain_temperate
dronbreen-20220328-DAT_0230_A1_4,2885.0,540105.17,8670075.73,590.184,458.036,30.952,488.989,37.562,23.196,2.041,certain_temperate
dronbreen-20220328-DAT_0230_A1_4,2890.0,540100.67,8670077.58,590.04,457.893,31.995,489.888,38.091,24.335,2.021,certain_temperate
dronbreen-20220328-DAT_0230_A1_4,2895.0,540096.11,8670079.55,589.854,457.603,32.933,490.535,39.638,24.456,2.004,certain_temperate
dronbreen-20220328-DAT_0230_A1_4,2900.0,540091.21,8670081.58,589.643,457.392,34.6,491.992,41.946,24.232,1.971,certain_temperate
dronbreen-20220328-DAT_0230_A1_4,2905.0,540086.83,8670083.49,589.44,457.189,36.268,493.457,43.587,25.405,1.938,certain_temperate
dronbreen-20220328-DAT_0230_A1_4,2910.0,540082.05,8670085.52,589.237,456.777,38.456,495.233,45.341,28.444,1.899,certain_temperate
dronbreen-20220328-DAT_0230_A1_4,2915.0,540077.28,8670087.36,589.07,456.401,40.332,496.733,46.789,30.957,1.866,certain_temperate
dronbreen-20220328-DAT_0230_A1_4,2920.0,540072.57,8670089.21,588.913,455.932,42.521,498.453,49.166,26.079,1.829,certain_temperate
dronbreen-20220328-DAT_0230_A1_4,2925.0,540068.26,8670090.71,588.784,455.595,45.23,500.825,52.179,35.259,1.779,certain_temperate
dronbreen-20220328-DAT_0230_A1_4,2930.0,540063.34,8670092.41,588.637,454.926,48.044,502.97,52.474,40.175,1.734,certain_temperate
dronbreen-20220328-DAT_0230_A1_4,2935.0,540058.69,8670094.01,588.488,454.673,48.982,503.655,52.524,44.189,1.717,certain_temperate
dronbreen-20220328-DAT_0230_A1_4,2940.0,540054.06,8670095.61,588.319,454.295,49.607,503.903,55.2,46.204,1.709,certain_temperate
dronbreen-20220328-DAT_0230_A1_4,2945.0,540049.4,8670097.08,588.139,454.011,51.066,505.078,58.082,45.093,1.682,certain_temperate
dronbreen-20220328-DAT_0230_A1_4,2950.0,540044.74,8670098.43,587.951,453.615,52.942,506.557,56.348,46.514,1.649,certain_temperate
dronbreen-20220328-DAT_0230_A1_4,2955.0,540039.54,8670099.76,587.74,453.092,53.151,506.243,57.444,47.086,1.651,certain_temperate
dronbreen-20220328-DAT_0230_A1_4,2960.0,540034.14,8670101.09,587.514,452.657,52.421,505.079,56.725,47.388,1.67,certain_temperate
dronbreen-20220328-DAT_0230_A1_4,2965.0,540029.4,8670102.11,587.299,452.13,53.046,505.176,57.24,47.602,1.664,certain_temperate
dronbreen-20220328-DAT_0230_A1_4,2970.0,540024.16,8670103.4,587.058,451.784,52.213,503.997,56.592,46.583,1.682,certain_temperate
dronbreen-20220328-DAT_0230_A1_4,2975.0,540019.72,8670104.76,586.873,451.287,51.379,502.666,57.603,46.406,1.705,certain_temperate
dronbreen-20220328-DAT_0230_A1_4,2980.0,540015.1,8670106.57,586.689,450.685,50.441,501.126,56.283,46.892,1.732,certain_temperate
dronbreen-20220328-DAT_0230_A1_4,2985.0,540010.71,8670108.29,586.533,450.113,49.92,500.033,55.318,46.085,1.75,certain_temperate
dronbreen-20220328-DAT_0230_A1_4,2990.0,540005.83,8670110.24,586.369,449.428,48.669,498.097,53.332,44.841,1.785,certain_temperate
dronbreen-20220328-DAT_0230_A1_4,2995.0,540001.37,8670111.97,586.217,448.859,47.731,496.59,52.412,43.781,1.812,certain_temperate
dronbreen-20220328-DAT_0230_A1_4,3000.0,539996.89,8670113.57,586.069,448.19,46.585,494.775,52.205,41.069,1.845,certain_temperate
dronbreen-20220328-DAT_0230_A1_4,3005.0,539991.64,8670115.46,585.881,447.273,45.647,492.92,52.112,40.12,1.878,certain_temperate
dronbreen-20220328-DAT_0230_A1_4,3010.0,539986.95,8670117.18,585.728,446.389,44.605,490.994,51.92,39.166,1.913,certain_temperate
dronbreen-20220328-DAT_0230_A1_4,3015.0,539982.6,8670118.54,585.603,445.64,43.563,489.202,50.915,38.607,1.946,certain_temperate
dronbreen-20220328-DAT_0230_A1_4,3020.0,539978.18,8670119.9,585.487,445.003,42.729,487.732,49.775,37.767,1.973,certain_temperate
dronbreen-20220328-DAT_0230_A1_4,3025.0,539972.57,8670121.57,585.357,444.247,41.583,485.829,47.605,37.332,2.008,certain_temperate
dronbreen-20220328-DAT_0230_A1_4,3030.0,539968.5,8670122.83,585.263,443.632,40.749,484.38,47.001,35.539,2.035,certain_temperate
dronbreen-20220328-DAT_0230_A1_4,3035.0,539962.9,8670124.47,585.119,442.862,39.707,482.569,46.185,31.978,2.068,certain_temperate
dronbreen-20220328-DAT_0230_A1_4,3040.0,539958.34,8670125.78,585.001,442.328,38.769,481.097,46.472,28.773,2.095,certain_temperate
dronbreen-20220328-DAT_0230_A1_4,3045.0,539954.34,8670127.01,584.892,441.697,36.997,478.694,47.513,25.543,2.14,certain_temperate
dronbreen-20220328-DAT_0230_A1_4,3050.0,539949.39,8670128.35,584.747,441.032,35.225,476.257,48.261,22.711,2.186,certain_temperate
dronbreen-20220328-DAT_0230_A1_4,3055.0,539944.52,8670129.51,584.605,440.056,33.245,473.301,42.437,16.863,2.242,certain_temperate
dronbreen-20220328-DAT_0230_A1_4,3060.0,539938.72,8670130.89,584.475,439.301,28.555,467.856,41.822,11.954,2.347,certain_temperate
dronbreen-20220328-DAT_0230_A1_4,3065.0,539934.04,8670131.99,584.395,438.699,24.595,463.295,33.445,15.432,2.437,certain_temperate
dronbreen-20220328-DAT_0230_A1_4,3070.0,539929.06,8670132.96,584.348,437.923,26.575,464.498,29.589,10.535,2.412,certain_temperate
dronbreen-20220328-DAT_0230_A1_4,3075.0,539923.97,8670133.92,584.343,437.188,24.387,461.575,30.548,6.449,2.47,certain_temperate
dronbreen-20220328-DAT_0230_A1_4,3080.0,539919.32,8670134.78,584.361,436.685,22.615,459.3,28.692,4.136,2.515,certain_temperate
dronbreen-20220328-DAT_0230_A1_4,3085.0,539914.4,8670135.83,584.442,436.141,20.427,456.567,35.661,0.0,2.571,certain_temperate
dronbreen-20220328-DAT_0230_A1_4,3090.0,539910.11,8670136.68,584.554,435.628,10.005,445.633,25.567,0.0,2.791,certain_temperate
dronbreen-20220328-DAT_0230_A1_4,3095.0,539904.39,8670137.81,584.765,435.213,15.945,451.158,20.538,0.0,2.685,uncertain_temperate
dronbreen-20220328-DAT_0230_A1_4,3100.0,539899.83,8670138.79,584.959,434.991,7.608,442.599,26.374,0.0,2.86,uncertain_temperate
dronbreen-20220328-DAT_0230_A1_4,3105.0,539894.98,8670139.7,585.175,434.581,5.94,440.522,17.251,0.0,2.905,uncertain_temperate
dronbreen-20220328-DAT_0230_A1_4,3110.0,539889.97,8670140.67,585.393,434.383,4.481,438.864,15.023,0.0,2.943,uncertain_temperate
dronbreen-20220328-DAT_0230_A1_4,3115.0,539885.21,8670141.52,585.594,434.167,3.022,437.189,13.53,0.0,2.98,uncertain_temperate
dronbreen-20220328-DAT_0230_A1_4,3120.0,539880.24,8670142.57,585.803,433.75,1.251,435.001,10.67,0.0,3.028,uncertain_cold
dronbreen-20220328-DAT_0230_A1_4,3125.0,539875.91,8670143.42,585.981,433.511,0.104,433.615,7.205,0.0,3.059,uncertain_cold
dronbreen-20220328-DAT_0230_A1_4,3130.0,539870.06,8670144.42,586.221,433.334,0.0,433.334,0.0,0.0,3.071,certain_cold
dronbreen-20220328-DAT_0230_A1_4,3135.0,539865.38,8670145.15,586.421,433.326,0.0,433.326,0.0,0.0,3.08,certain_cold
dronbreen-20220328-DAT_0230_A1_4,3140.0,539860.78,8670145.82,586.623,433.216,0.0,433.216,0.0,0.0,3.084,certain_cold
dronbreen-20220328-DAT_0230_A1_4,3145.0,539855.63,8670146.32,586.834,433.009,0.0,433.009,0.0,0.0,3.088,certain_cold
dronbreen-20220328-DAT_0230_A1_4,3150.0,539850.43,8670146.82,587.013,432.98,0.0,432.98,0.0,0.0,3.094,certain_cold
dronbreen-20220328-DAT_0230_A1_4,3155.0,539846.04,8670146.75,587.149,433.012,0.0,433.012,0.0,0.0,3.094,certain_cold
dronbreen-20220328-DAT_0230_A1_4,3160.0,539840.75,8670145.6,587.3,433.163,0.0,433.163,0.0,0.0,3.094,certain_cold
dronbreen-20220328-DAT_0230_A1_4,3165.0,539836.44,8670143.22,587.439,433.198,0.0,433.198,0.0,0.0,3.096,certain_cold
dronbreen-20220328-DAT_0230_A1_4,3170.0,539831.81,8670140.5,587.597,433.356,0.0,433.356,0.0,0.0,3.096,certain_cold
dronbreen-20220328-DAT_0230_A1_4,3175.0,539828.16,8670138.3,587.726,433.381,0.0,433.381,0.0,0.0,3.096,certain_cold
dronbreen-20220328-DAT_0230_A1_4,3180.0,539823.06,8670135.22,587.921,433.471,0.0,433.471,0.0,0.0,3.098,certain_cold
dronbreen-20220328-DAT_0230_A1_4,3185.0,539819.3,8670132.58,588.055,433.605,0.0,433.605,0.0,0.0,3.098,certain_cold
dronbreen-20220328-DAT_0230_A1_4,3190.0,539815.39,8670129.78,588.204,433.963,0.0,433.963,0.0,0.0,3.094,certain_cold
dronbreen-20220328-DAT_0230_A1_4,3195.0,539811.34,8670126.68,588.369,434.336,0.0,434.336,0.0,0.0,3.09,certain_cold
dronbreen-20220328-DAT_0230_A1_4,3200.0,539806.86,8670123.45,588.541,434.612,0.0,434.612,0.0,0.0,3.088,certain_cold
dronbreen-20220328-DAT_0230_A1_4,3205.0,539802.93,8670120.6,588.611,434.787,0.0,434.787,0.0,0.0,3.088,certain_cold
dronbreen-20220328-DAT_0230_A1_4,3210.0,539798.93,8670117.76,588.679,434.959,0.0,434.959,0.0,0.0,3.086,certain_cold
dronbreen-20220328-DAT_0230_A1_4,3215.0,539795.3,8670115.51,588.835,435.011,0.0,435.011,0.0,0.0,3.086,certain_cold
dronbreen-20220328-DAT_0230_A1_4,3220.0,539791.11,8670112.87,589.031,434.999,0.0,434.999,0.0,0.0,3.084,certain_cold
dronbreen-20220328-DAT_0230_A1_4,3225.0,539785.96,8670109.93,589.269,435.236,0.0,435.236,0.0,0.0,3.086,certain_cold
dronbreen-20220328-DAT_0230_A1_4,3230.0,539782.17,8670107.77,589.459,435.322,0.0,435.322,0.0,0.0,3.088,certain_cold
dronbreen-20220328-DAT_0230_A1_4,3235.0,539778.23,8670105.36,589.665,435.528,0.0,435.528,0.0,0.0,3.09,certain_cold
dronbreen-20220328-DAT_0230_A1_4,3240.0,539773.7,8670102.68,589.918,435.677,0.0,435.677,0.0,0.0,3.092,certain_cold
dronbreen-20220328-DAT_0230_A1_4,3245.0,539769.32,8670100.01,590.147,435.905,0.0,435.905,0.0,0.0,3.094,certain_cold
dronbreen-20220328-DAT_0230_A1_4,3250.0,539765.36,8670097.47,590.339,436.098,0.0,436.098,0.0,0.0,3.094,certain_cold
dronbreen-20220328-DAT_0230_A1_4,3255.0,539760.81,8670094.67,590.538,436.297,0.0,436.297,0.0,0.0,3.096,certain_cold
dronbreen-20220328-DAT_0230_A1_4,3260.0,539756.21,8670091.75,590.743,436.397,0.0,436.397,0.0,0.0,3.098,certain_cold
dronbreen-20220328-DAT_0230_A1_4,3265.0,539751.8,8670089.01,590.946,436.6,0.0,436.6,0.0,0.0,3.098,certain_cold
dronbreen-20220328-DAT_0230_A1_4,3270.0,539747.77,8670086.31,591.176,436.831,0.0,436.831,0.0,0.0,3.098,certain_cold
dronbreen-20220328-DAT_0230_A1_4,3275.0,539744.1,8670084.08,591.385,436.936,0.0,436.936,0.0,0.0,3.098,certain_cold
dronbreen-20220328-DAT_0230_A1_4,3280.0,539739.25,8670081.2,591.682,437.128,0.0,437.128,0.0,0.0,3.098,certain_cold
dronbreen-20220328-DAT_0230_A1_4,3285.0,539735.15,8670078.84,591.948,437.394,0.0,437.394,0.0,0.0,3.1,certain_cold
dronbreen-20220328-DAT_0230_A1_4,3290.0,539730.92,8670076.49,592.217,437.663,0.0,437.663,0.0,0.0,3.1,certain_cold
dronbreen-20220328-DAT_0230_A1_4,3295.0,539726.11,8670073.98,592.505,438.055,0.0,438.055,0.0,0.0,3.1,certain_cold
dronbreen-20220328-DAT_0230_A1_4,3300.0,539722.21,8670071.95,592.728,438.278,0.0,438.278,0.0,0.0,3.1,certain_cold
dronbreen-20220328-DAT_0230_A1_4,3305.0,539717.61,8670069.58,592.963,438.513,0.0,438.513,0.0,0.0,3.1,certain_cold
dronbreen-20220328-DAT_0230_A1_4,3310.0,539713.44,8670067.41,593.175,438.726,0.0,438.726,0.0,0.0,3.1,certain_cold
dronbreen-20220328-DAT_0230_A1_4,3315.0,539708.73,8670064.85,593.42,438.97,0.0,438.97,0.0,0.0,3.098,certain_cold
dronbreen-20220328-DAT_0230_A1_4,3320.0,539704.58,8670062.78,593.644,439.194,0.0,439.194,0.0,0.0,3.098,certain_cold
dronbreen-20220328-DAT_0230_A1_4,3325.0,539699.38,8670060.11,593.959,439.51,0.0,439.51,0.0,0.0,3.096,certain_cold
dronbreen-20220328-DAT_0230_A1_4,3330.0,539695.19,8670058.08,594.224,439.775,0.0,439.775,0.0,0.0,3.096,certain_cold
dronbreen-20220328-DAT_0230_A1_4,3335.0,539690.5,8670055.69,594.528,440.182,0.0,440.182,0.0,0.0,3.094,certain_cold
dronbreen-20220328-DAT_0230_A1_4,3340.0,539686.1,8670053.58,594.826,440.689,0.0,440.689,0.0,0.0,3.094,certain_cold
dronbreen-20220328-DAT_0230_A1_4,3345.0,539681.63,8670051.46,595.085,441.052,0.0,441.052,0.0,0.0,3.092,certain_cold
dronbreen-20220328-DAT_0230_A1_4,3350.0,539677.13,8670049.34,595.32,441.391,0.0,441.391,0.0,0.0,3.09,certain_cold
dronbreen-20220328-DAT_0230_A1_4,3355.0,539672.47,8670047.22,595.503,441.678,0.0,441.678,0.0,0.0,3.088,certain_cold
dronbreen-20220328-DAT_0230_A1_4,3360.0,539667.74,8670044.91,595.667,441.946,0.0,441.946,0.0,0.0,3.086,certain_cold
dronbreen-20220328-DAT_0230_A1_4,3365.0,539663.26,8670042.88,595.845,442.229,0.0,442.229,0.0,0.0,3.084,certain_cold
dronbreen-20220328-DAT_0230_A1_4,3370.0,539659.15,8670040.96,596.03,442.518,0.0,442.518,0.0,0.0,3.082,certain_cold
dronbreen-20220328-DAT_0230_A1_4,3375.0,539654.59,8670039.07,596.3,442.788,0.0,442.788,0.0,0.0,3.082,certain_cold
dronbreen-20220328-DAT_0230_A1_4,3380.0,539650.22,8670037.08,596.596,443.084,0.0,443.084,0.0,0.0,3.082,certain_cold
dronbreen-20220328-DAT_0230_A1_4,3385.0,539645.34,8670034.82,596.927,443.415,0.0,443.415,0.0,0.0,3.082,certain_cold
dronbreen-20220328-DAT_0230_A1_4,3390.0,539640.67,8670032.8,597.28,443.872,0.0,443.872,0.0,0.0,3.08,certain_cold
dronbreen-20220328-DAT_0230_A1_4,3395.0,539636.0,8670030.77,597.655,444.247,0.0,444.247,0.0,0.0,3.08,certain_cold
dronbreen-20220328-DAT_0230_A1_4,3400.0,539631.97,8670028.91,598.005,444.702,0.0,444.702,0.0,0.0,3.078,certain_cold
dronbreen-20220328-DAT_0230_A1_4,3405.0,539626.82,8670026.71,598.428,445.333,0.0,445.333,0.0,0.0,3.073,certain_cold
dronbreen-20220328-DAT_0230_A1_4,3410.0,539622.52,8670024.77,598.745,445.65,0.0,445.65,0.0,0.0,3.073,certain_cold
dronbreen-20220328-DAT_0230_A1_4,3415.0,539617.74,8670022.66,599.049,445.954,0.0,445.954,0.0,0.0,3.073,certain_cold
dronbreen-20220328-DAT_0230_A1_4,3420.0,539613.26,8670020.54,599.29,446.299,0.0,446.299,0.0,0.0,3.069,certain_cold
dronbreen-20220328-DAT_0230_A1_4,3425.0,539608.8,8670018.49,599.515,446.525,0.0,446.525,0.0,0.0,3.069,certain_cold
dronbreen-20220328-DAT_0230_A1_4,3430.0,539603.94,8670016.36,599.743,446.752,0.0,446.752,0.0,0.0,3.069,certain_cold
dronbreen-20220328-DAT_0230_A1_4,3435.0,539599.51,8670014.19,599.998,447.008,0.0,447.008,0.0,0.0,3.069,certain_cold
dronbreen-20220328-DAT_0230_A1_4,3440.0,539595.57,8670012.37,600.277,447.391,0.0,447.391,0.0,0.0,3.069,certain_cold
dronbreen-20220328-DAT_0230_A1_4,3445.0,539590.4,8670009.95,600.657,447.77,0.0,447.77,0.0,0.0,3.069,certain_cold
dronbreen-20220328-DAT_0230_A1_4,3450.0,539585.99,8670007.83,600.987,448.205,0.0,448.205,0.0,0.0,3.067,certain_cold
dronbreen-20220328-DAT_0230_A1_4,3455.0,539581.51,8670005.66,601.296,448.514,0.0,448.514,0.0,0.0,3.067,certain_cold
dronbreen-20220328-DAT_0230_A1_4,3460.0,539577.24,8670003.51,601.586,448.803,0.0,448.803,0.0,0.0,3.067,certain_cold
dronbreen-20220328-DAT_0230_A1_4,3465.0,539573.28,8670001.59,601.857,449.075,0.0,449.075,0.0,0.0,3.067,certain_cold
dronbreen-20220328-DAT_0230_A1_4,3470.0,539567.83,8669998.93,602.284,449.398,0.0,449.398,0.0,0.0,3.067,certain_cold
dronbreen-20220328-DAT_0230_A1_4,3475.0,539563.47,8669996.69,602.688,449.801,0.0,449.801,0.0,0.0,3.067,certain_cold
dronbreen-20220328-DAT_0230_A1_4,3480.0,539559.13,8669994.39,603.114,450.332,0.0,450.332,0.0,0.0,3.067,certain_cold
dronbreen-20220328-DAT_0230_A1_4,3485.0,539554.72,8669992.03,603.542,450.656,0.0,450.656,0.0,0.0,3.069,certain_cold
dronbreen-20220328-DAT_0230_A1_4,3490.0,539550.84,8669989.87,603.924,451.038,0.0,451.038,0.0,0.0,3.069,certain_cold
dronbreen-20220328-DAT_0230_A1_4,3495.0,539546.73,8669987.42,604.321,451.434,0.0,451.434,0.0,0.0,3.069,certain_cold
dronbreen-20220328-DAT_0230_A1_4,3500.0,539541.65,8669984.51,604.771,451.885,0.0,451.885,0.0,0.0,3.069,certain_cold
dronbreen-20220328-DAT_0230_A1_4,3505.0,539537.4,8669982.03,605.13,452.14,0.0,452.14,0.0,0.0,3.071,certain_cold
dronbreen-20220328-DAT_0230_A1_4,3510.0,539533.12,8669979.67,605.484,452.494,0.0,452.494,0.0,0.0,3.071,certain_cold
dronbreen-20220328-DAT_0230_A1_4,3515.0,539528.91,8669977.81,605.829,452.838,0.0,452.838,0.0,0.0,3.071,certain_cold
dronbreen-20220328-DAT_0230_A1_4,3520.0,539523.68,8669975.67,606.274,453.283,0.0,453.283,0.0,0.0,3.071,certain_cold
dronbreen-20220328-DAT_0230_A1_4,3525.0,539519.07,8669974.05,606.647,453.552,0.0,453.552,0.0,0.0,3.073,certain_cold
dronbreen-20220328-DAT_0230_A1_4,3530.0,539514.55,8669972.59,606.993,453.898,0.0,453.898,0.0,0.0,3.073,certain_cold
dronbreen-20220328-DAT_0230_A1_4,3535.0,539510.29,8669971.29,607.316,454.221,0.0,454.221,0.0,0.0,3.073,certain_cold
dronbreen-20220328-DAT_0230_A1_4,3540.0,539505.43,8669969.74,607.708,454.509,0.0,454.509,0.0,0.0,3.078,certain_cold
dronbreen-20220328-DAT_0230_A1_4,3545.0,539500.58,8669968.17,608.203,454.796,0.0,454.796,0.0,0.0,3.08,certain_cold
dronbreen-20220328-DAT_0230_A1_4,3550.0,539495.89,8669966.79,608.714,455.202,0.0,455.202,0.0,0.0,3.084,certain_cold
dronbreen-20220328-DAT_0230_A1_4,3555.0,539490.71,8669965.38,609.116,455.5,0.0,455.5,0.0,0.0,3.086,certain_cold
dronbreen-20220328-DAT_0230_A1_4,3560.0,539485.84,8669964.05,609.493,455.668,0.0,455.668,0.0,0.0,3.09,certain_cold
dronbreen-20220328-DAT_0230_A1_4,3565.0,539481.5,8669962.96,609.851,455.818,0.0,455.818,0.0,0.0,3.092,certain_cold
dronbreen-20220328-DAT_0230_A1_4,3570.0,539476.45,8669961.82,610.269,456.027,0.0,456.027,0.0,0.0,3.094,certain_cold
dronbreen-20220328-DAT_0230_A1_4,3575.0,539471.33,8669960.93,610.685,456.339,0.0,456.339,0.0,0.0,3.096,certain_cold
dronbreen-20220328-DAT_0230_A1_4,3580.0,539466.17,8669960.03,611.099,456.545,0.0,456.545,0.0,0.0,3.098,certain_cold
dronbreen-20220328-DAT_0230_A1_4,3585.0,539460.94,8669959.13,611.506,456.848,0.0,456.848,0.0,0.0,3.102,certain_cold
dronbreen-20220328-DAT_0230_A1_4,3590.0,539456.97,8669958.46,611.815,457.053,0.0,457.053,0.0,0.0,3.107,certain_cold
dronbreen-20220328-DAT_0230_A1_4,3595.0,539451.75,8669957.56,612.236,457.265,0.0,457.265,0.0,0.0,3.111,certain_cold
dronbreen-20220328-DAT_0230_A1_4,3600.0,539446.61,8669956.54,612.642,457.359,0.0,457.359,0.0,0.0,3.115,certain_cold
dronbreen-20220328-DAT_0230_A1_4,3605.0,539441.54,8669955.59,613.05,457.35,0.0,457.35,0.0,0.0,3.121,certain_cold
dronbreen-20220328-DAT_0230_A1_4,3610.0,539436.86,8669954.75,613.436,457.423,0.0,457.423,0.0,0.0,3.125,certain_cold
dronbreen-20220328-DAT_0230_A1_4,3615.0,539431.51,8669953.81,613.883,457.349,0.0,457.349,0.0,0.0,3.132,certain_cold
dronbreen-20220328-DAT_0230_A1_4,3620.0,539427.35,8669953.08,614.248,457.505,0.0,457.505,0.0,0.0,3.136,certain_cold
dronbreen-20220328-DAT_0230_A1_4,3625.0,539422.53,8669952.05,614.676,457.725,0.0,457.725,0.0,0.0,3.134,certain_cold
dronbreen-20220328-DAT_0230_A1_4,3630.0,539417.42,8669950.91,615.127,457.968,0.73,458.697,6.004,0.0,3.14,uncertain_cold
dronbreen-20220328-DAT_0230_A1_4,3635.0,539411.98,8669949.56,615.603,457.923,1.042,458.965,7.852,0.0,3.144,uncertain_cold
dronbreen-20220328-DAT_0230_A1_4,3640.0,539407.24,8669948.44,616.008,458.328,4.377,462.705,9.657,0.0,3.078,uncertain_temperate
dronbreen-20220328-DAT_0230_A1_4,3645.0,539402.38,8669947.25,616.416,458.527,5.211,463.738,8.769,0.0,3.065,certain_temperate
dronbreen-20220328-DAT_0230_A1_4,3650.0,539397.95,8669946.02,616.802,458.601,6.566,465.166,10.495,0.0,3.044,certain_temperate
dronbreen-20220328-DAT_0230_A1_4,3655.0,539392.92,8669944.67,617.251,458.737,8.129,466.866,12.629,3.212,3.019,certain_temperate
dronbreen-20220328-DAT_0230_A1_4,3660.0,539388.12,8669943.36,617.702,458.875,9.275,468.15,12.966,2.25,3.003,certain_temperate
dronbreen-20220328-DAT_0230_A1_4,3665.0,539382.91,8669942.01,618.192,459.052,10.734,469.787,16.766,4.911,2.98,certain_temperate
dronbreen-20220328-DAT_0230_A1_4,3670.0,539378.29,8669940.71,618.606,459.258,11.881,471.139,18.328,5.434,2.961,certain_temperate
dronbreen-20220328-DAT_0230_A1_4,3675.0,539373.5,8669939.33,618.997,459.441,12.923,472.364,21.59,4.986,2.945,certain_temperate
dronbreen-20220328-DAT_0230_A1_4,3680.0,539369.29,8669938.22,619.334,459.778,15.841,475.619,27.378,2.324,2.887,certain_temperate
dronbreen-20220328-DAT_0230_A1_4,3685.0,539363.62,8669936.93,619.758,459.993,20.218,480.212,26.324,5.462,2.804,certain_temperate
dronbreen-20220328-DAT_0230_A1_4,3690.0,539358.64,8669936.0,620.131,460.158,21.156,481.314,25.196,9.3,2.789,certain_temperate
dronbreen-20220328-DAT_0230_A1_4,3695.0,539354.57,8669934.99,620.441,460.363,21.99,482.353,26.968,10.133,2.774,certain_temperate
dronbreen-20220328-DAT_0230_A1_4,3700.0,539349.16,8669933.91,620.856,460.674,23.032,483.706,28.411,11.295,2.756,certain_temperate
dronbreen-20220328-DAT_0230_A1_4,3705.0,539344.58,8669933.21,621.2,461.018,23.761,484.779,27.836,12.079,2.741,certain_temperate
dronbreen-20220328-DAT_0230_A1_4,3710.0,539339.59,8669932.39,621.58,461.294,23.761,485.056,27.734,12.39,2.743,certain_temperate
dronbreen-20220328-DAT_0230_A1_4,3715.0,539334.42,8669931.85,621.992,461.81,23.136,484.947,27.493,12.526,2.754,certain_temperate
dronbreen-20220328-DAT_0230_A1_4,3720.0,539329.94,8669931.11,622.351,462.17,22.824,484.993,26.978,12.729,2.76,certain_temperate
dronbreen-20220328-DAT_0230_A1_4,3725.0,539324.66,8669930.43,622.769,462.692,22.198,484.89,26.152,13.034,2.77,certain_temperate
dronbreen-20220328-DAT_0230_A1_4,3730.0,539320.14,8669929.71,623.119,463.146,22.198,485.344,25.46,12.996,2.768,certain_temperate
dronbreen-20220328-DAT_0230_A1_4,3735.0,539314.22,8669928.67,623.544,463.675,21.052,484.727,25.037,13.002,2.789,certain_temperate
dronbreen-20220328-DAT_0230_A1_4,3740.0,539309.43,8669927.91,623.874,464.109,20.635,484.744,24.165,13.353,2.795,certain_temperate
dronbreen-20220328-DAT_0230_A1_4,3745.0,539305.07,8669927.2,624.174,464.409,20.218,484.627,23.789,13.625,2.804,certain_temperate
dronbreen-20220328-DAT_0230_A1_4,3750.0,539299.89,8669926.42,624.527,464.763,19.801,484.564,23.416,13.893,2.812,certain_temperate
dronbreen-20220328-DAT_0230_A1_4,3755.0,539294.37,8669925.61,624.899,465.03,19.384,484.414,22.973,14.233,2.822,certain_temperate
dronbreen-20220328-DAT_0230_A1_4,3760.0,539290.46,8669925.06,625.167,465.298,19.072,484.37,22.77,14.227,2.828,certain_temperate
dronbreen-20220328-DAT_0230_A1_4,3765.0,539285.53,8669924.42,625.511,465.538,18.655,484.193,22.439,14.037,2.839,certain_temperate
dronbreen-20220328-DAT_0230_A1_4,3770.0,539279.66,8669923.63,625.932,465.751,18.342,484.093,22.133,14.656,2.849,certain_temperate
dronbreen-20220328-DAT_0230_A1_4,3775.0,539274.98,8669922.81,626.275,466.093,18.134,484.227,21.615,14.861,2.853,certain_temperate
dronbreen-20220328-DAT_0230_A1_4,3780.0,539270.24,8669922.11,626.617,466.331,18.342,484.673,21.828,14.336,2.851,certain_temperate
dronbreen-20220328-DAT_0230_A1_4,3785.0,539265.48,8669921.11,626.953,466.563,18.134,484.697,22.245,14.023,2.857,certain_temperate
dronbreen-20220328-DAT_0230_A1_4,3790.0,539260.74,8669920.16,627.283,466.789,17.821,484.61,22.479,14.31,2.866,certain_temperate
dronbreen-20220328-DAT_0230_A1_4,3795.0,539256.06,8669919.03,627.603,467.004,18.03,485.034,22.929,13.964,2.864,certain_temperate
dronbreen-20220328-DAT_0230_A1_4,3800.0,539250.25,8669917.62,627.993,467.29,18.551,485.841,23.421,14.097,2.855,certain_temperate
dronbreen-20220328-DAT_0230_A1_4,3805.0,539245.68,8669916.5,628.294,467.487,19.072,486.559,23.971,14.277,2.847,certain_temperate
dronbreen-20220328-DAT_0230_A1_4,3810.0,539240.85,8669915.16,628.628,467.717,19.697,487.414,24.446,14.636,2.837,certain_temperate
dronbreen-20220328-DAT_0230_A1_4,3815.0,539236.69,8669914.06,628.924,468.013,20.01,488.023,24.72,14.882,2.831,certain_temperate
dronbreen-20220328-DAT_0230_A1_4,3820.0,539231.74,8669912.8,629.281,468.266,20.531,488.797,25.302,15.238,2.822,certain_temperate
dronbreen-20220328-DAT_0230_A1_4,3825.0,539226.79,8669911.36,629.647,468.632,21.052,489.683,25.605,15.665,2.812,certain_temperate
dronbreen-20220328-DAT_0230_A1_4,3830.0,539221.7,8669910.09,630.019,469.108,21.365,490.473,25.873,16.335,2.804,certain_temperate
dronbreen-20220328-DAT_0230_A1_4,3835.0,539217.07,8669908.87,630.369,469.458,21.781,491.24,26.282,17.072,2.795,certain_temperate
dronbreen-20220328-DAT_0230_A1_4,3840.0,539212.0,8669907.45,630.763,469.956,22.094,492.05,26.587,17.81,2.787,certain_temperate
dronbreen-20220328-DAT_0230_A1_4,3845.0,539207.3,8669906.08,631.138,470.331,22.511,492.842,26.892,18.339,2.779,certain_temperate
dronbreen-20220328-DAT_0230_A1_4,3850.0,539202.37,8669904.68,631.522,470.715,22.928,493.643,27.961,18.52,2.77,certain_temperate
dronbreen-20220328-DAT_0230_A1_4,3855.0,539197.7,8669903.37,631.883,471.076,24.595,495.671,28.5,19.544,2.737,certain_temperate
dronbreen-20220328-DAT_0230_A1_4,3860.0,539193.03,8669902.05,632.244,471.437,24.595,496.032,30.258,20.913,2.737,certain_temperate
dronbreen-20220328-DAT_0230_A1_4,3865.0,539187.76,8669900.42,632.608,471.801,25.325,497.126,30.714,21.186,2.723,certain_temperate
dronbreen-20220328-DAT_0230_A1_4,3870.0,539183.02,8669898.83,632.929,472.226,25.637,497.864,31.591,21.664,2.714,certain_temperate
dronbreen-20220328-DAT_0230_A1_4,3875.0,539178.79,8669897.49,633.209,472.506,25.95,498.456,33.461,22.191,2.708,certain_temperate
dronbreen-20220328-DAT_0230_A1_4,3880.0,539174.23,8669896.12,633.511,472.912,26.263,499.175,34.112,22.791,2.7,certain_temperate
dronbreen-20220328-DAT_0230_A1_4,3885.0,539169.18,8669894.66,633.861,473.262,26.68,499.942,33.583,23.215,2.692,certain_temperate
dronbreen-20220328-DAT_0230_A1_4,3890.0,539164.7,8669893.36,634.178,473.684,26.992,500.676,33.281,22.996,2.683,certain_temperate
dronbreen-20220328-DAT_0230_A1_4,3895.0,539159.41,8669891.81,634.528,474.034,27.93,501.964,32.986,22.979,2.665,certain_temperate
dronbreen-20220328-DAT_0230_A1_4,3900.0,539154.24,8669890.27,634.849,474.459,28.66,503.119,31.933,23.927,2.648,certain_temperate
dronbreen-20220328-DAT_0230_A1_4,3905.0,539149.7,8669888.96,635.121,474.731,27.826,502.557,32.066,23.795,2.665,certain_temperate
dronbreen-20220328-DAT_0230_A1_4,3910.0,539144.82,8669887.62,635.393,475.003,27.409,502.412,31.391,23.635,2.673,certain_temperate
dronbreen-20220328-DAT_0230_A1_4,3915.0,539140.56,8669886.52,635.625,475.235,27.305,502.539,31.24,23.265,2.675,certain_temperate
dronbreen-20220328-DAT_0230_A1_4,3920.0,539135.3,8669885.2,635.914,475.315,26.888,502.203,31.203,23.198,2.687,certain_temperate
dronbreen-20220328-DAT_0230_A1_4,3925.0,539130.62,8669884.0,636.174,475.471,26.471,501.943,30.791,23.194,2.698,certain_temperate
dronbreen-20220328-DAT_0230_A1_4,3930.0,539125.13,8669882.72,636.521,475.61,26.68,502.29,30.561,23.006,2.698,certain_temperate
dronbreen-20220328-DAT_0230_A1_4,3935.0,539120.7,8669881.85,636.83,475.814,26.367,502.181,30.55,22.393,2.706,certain_temperate
dronbreen-20220328-DAT_0230_A1_4,3940.0,539115.35,8669880.76,637.209,476.089,25.846,501.935,30.342,21.662,2.718,certain_temperate
dronbreen-20220328-DAT_0230_A1_4,3945.0,539110.4,8669879.69,637.56,476.337,25.325,501.661,30.01,21.265,2.731,certain_temperate
dronbreen-20220328-DAT_0230_A1_4,3950.0,539105.91,8669879.0,637.874,476.546,25.116,501.662,29.841,20.913,2.737,certain_temperate
dronbreen-20220328-DAT_0230_A1_4,3955.0,539100.61,8669878.1,638.227,476.795,24.804,501.599,29.507,20.621,2.745,certain_temperate
dronbreen-20220328-DAT_0230_A1_4,3960.0,539096.42,8669877.52,638.466,476.929,24.699,501.629,29.278,19.912,2.75,certain_temperate
dronbreen-20220328-DAT_0230_A1_4,3965.0,539091.32,8669876.9,638.712,476.967,24.595,501.562,29.205,19.36,2.756,certain_temperate
dronbreen-20220328-DAT_0230_A1_4,3970.0,539086.48,8669876.27,638.916,477.067,24.387,501.454,29.031,18.7,2.762,certain_temperate
dronbreen-20220328-DAT_0230_A1_4,3975.0,539081.32,8669875.68,639.144,477.086,24.178,501.265,28.777,18.12,2.77,certain_temperate
dronbreen-20220328-DAT_0230_A1_4,3980.0,539076.03,8669875.03,639.4,477.134,25.325,502.459,28.53,20.765,2.752,certain_temperate
dronbreen-20220328-DAT_0230_A1_4,3985.0,539071.39,8669874.46,639.634,477.263,24.908,502.171,28.144,20.525,2.762,certain_temperate
