radar_key,distance,easting,northing,elevation,bed_elevation,temperate,temperate_elevation,temperate_lower,temperate_upper,temperate_gpr_uncertainty,bed_type
dronbreen-20220329-DAT_0234_A1_1,0.0,541331.73,8672509.62,429.736,290.398,0.0,290.398,0.0,0.0,2.799,certain_cold
dronbreen-20220329-DAT_0234_A1_1,5.0,541327.96,8672505.79,430.056,290.926,28.347,319.273,61.956,0.0,2.232,certain_temperate
dronbreen-20220329-DAT_0234_A1_1,10.0,541324.7,8672502.21,430.336,291.207,29.493,320.7,33.945,0.0,2.209,uncertain_temperate
dronbreen-20220329-DAT_0234_A1_1,15.0,541321.29,8672498.37,430.633,291.295,30.952,322.247,34.867,0.0,2.184,uncertain_temperate
dronbreen-20220329-DAT_0234_A1_1,20.0,541318.12,8672494.92,430.916,291.578,32.099,323.676,36.044,0.0,2.161,uncertain_temperate
dronbreen-20220329-DAT_0234_A1_1,25.0,541315.3,8672491.81,431.166,291.828,33.766,325.594,44.011,0.0,2.128,uncertain_temperate
dronbreen-20220329-DAT_0234_A1_1,30.0,541311.77,8672487.36,431.531,292.192,35.33,327.522,45.423,22.214,2.097,certain_temperate
dronbreen-20220329-DAT_0234_A1_1,35.0,541308.37,8672482.91,431.876,292.538,37.622,330.16,46.862,23.902,2.052,certain_temperate
dronbreen-20220329-DAT_0234_A1_1,40.0,541305.98,8672479.56,432.133,292.795,39.186,331.98,47.484,25.468,2.021,certain_temperate
dronbreen-20220329-DAT_0234_A1_1,45.0,541303.31,8672475.62,432.44,293.101,41.166,334.267,48.512,27.045,1.981,certain_temperate
dronbreen-20220329-DAT_0234_A1_1,50.0,541300.13,8672471.06,432.789,293.555,42.521,336.076,48.285,29.461,1.952,certain_temperate
dronbreen-20220329-DAT_0234_A1_1,55.0,541296.72,8672466.68,433.11,293.876,43.354,337.23,48.493,31.65,1.936,certain_temperate
dronbreen-20220329-DAT_0234_A1_1,60.0,541294.29,8672463.44,433.308,294.179,43.771,337.95,48.902,32.387,1.926,certain_temperate
dronbreen-20220329-DAT_0234_A1_1,65.0,541290.95,8672459.08,433.574,294.444,44.605,339.049,50.047,33.639,1.909,certain_temperate
dronbreen-20220329-DAT_0234_A1_1,70.0,541287.96,8672455.2,433.829,294.803,45.334,340.137,50.688,35.083,1.893,certain_temperate
dronbreen-20220329-DAT_0234_A1_1,75.0,541285.12,8672451.62,434.04,295.014,46.064,341.078,51.379,35.954,1.878,certain_temperate
dronbreen-20220329-DAT_0234_A1_1,80.0,541281.65,8672447.79,434.203,295.281,46.898,342.179,51.967,36.93,1.86,certain_temperate
dronbreen-20220329-DAT_0234_A1_1,85.0,541277.75,8672443.84,434.267,295.45,47.627,343.077,52.319,38.142,1.843,certain_temperate
dronbreen-20220329-DAT_0234_A1_1,90.0,541274.81,8672440.42,434.357,295.539,48.357,343.896,52.884,38.932,1.829,certain_temperate
dronbreen-20220329-DAT_0234_A1_1,95.0,541271.68,8672436.13,434.601,295.992,49.19,345.183,53.051,40.327,1.808,certain_temperate
dronbreen-20220329-DAT_0234_A1_1,100.0,541268.91,8672432.26,434.883,296.274,49.295,345.569,53.136,40.763,1.806,certain_temperate
dronbreen-20220329-DAT_0234_A1_1,105.0,541266.39,8672428.11,435.201,296.696,48.669,345.366,53.934,40.59,1.816,certain_temperate
dronbreen-20220329-DAT_0234_A1_1,110.0,541263.74,8672423.65,435.591,297.295,47.94,345.235,54.407,40.639,1.827,certain_temperate
dronbreen-20220329-DAT_0234_A1_1,115.0,541261.33,8672419.9,435.939,297.747,47.419,345.166,54.704,40.863,1.835,certain_temperate
dronbreen-20220329-DAT_0234_A1_1,120.0,541258.49,8672415.35,436.226,298.139,47.419,345.558,54.026,40.811,1.833,certain_temperate
dronbreen-20220329-DAT_0234_A1_1,125.0,541255.33,8672410.63,436.45,298.571,47.627,346.198,52.995,40.905,1.824,certain_temperate
dronbreen-20220329-DAT_0234_A1_1,130.0,541252.58,8672406.7,436.619,298.844,47.106,345.95,52.588,40.79,1.833,certain_temperate
dronbreen-20220329-DAT_0234_A1_1,135.0,541250.18,8672402.72,436.787,299.117,46.585,345.702,52.127,40.73,1.841,certain_temperate
dronbreen-20220329-DAT_0234_A1_1,140.0,541247.63,8672398.71,436.978,299.411,45.96,345.371,50.212,40.456,1.851,certain_temperate
dronbreen-20220329-DAT_0234_A1_1,145.0,541244.72,8672394.36,437.21,299.852,45.23,345.083,49.445,39.452,1.862,certain_temperate
dronbreen-20220329-DAT_0234_A1_1,150.0,541241.82,8672390.55,437.528,300.274,43.771,344.045,49.554,38.509,1.888,certain_temperate
dronbreen-20220329-DAT_0234_A1_1,155.0,541238.23,8672385.98,437.976,300.931,42.208,343.138,47.401,38.37,1.915,certain_temperate
dronbreen-20220329-DAT_0234_A1_1,160.0,541235.46,8672382.17,438.317,301.376,41.999,343.375,46.262,37.007,1.917,certain_temperate
dronbreen-20220329-DAT_0234_A1_1,165.0,541232.4,8672377.82,438.553,301.716,41.583,343.298,45.359,35.722,1.924,certain_temperate
dronbreen-20220329-DAT_0234_A1_1,170.0,541229.58,8672373.9,438.77,302.037,41.27,343.307,44.529,35.926,1.928,certain_temperate
dronbreen-20220329-DAT_0234_A1_1,175.0,541226.55,8672369.99,439.005,302.481,40.749,343.23,43.91,36.025,1.934,certain_temperate
dronbreen-20220329-DAT_0234_A1_1,180.0,541223.66,8672366.18,439.204,302.784,40.436,343.22,43.55,36.176,1.938,certain_temperate
dronbreen-20220329-DAT_0234_A1_1,185.0,541220.42,8672362.17,439.345,303.029,40.228,343.257,43.158,36.36,1.94,certain_temperate
dronbreen-20220329-DAT_0234_A1_1,190.0,541217.4,8672358.67,439.504,303.396,39.707,343.103,42.81,36.291,1.946,certain_temperate
dronbreen-20220329-DAT_0234_A1_1,195.0,541213.94,8672354.71,439.7,303.697,39.29,342.986,42.438,36.35,1.952,certain_temperate
dronbreen-20220329-DAT_0234_A1_1,200.0,541210.94,8672350.96,439.908,304.113,38.665,342.778,41.716,35.613,1.961,certain_temperate
dronbreen-20220329-DAT_0234_A1_1,205.0,541208.03,8672347.28,440.12,304.325,38.352,342.677,41.201,35.086,1.967,certain_temperate
dronbreen-20220329-DAT_0234_A1_1,210.0,541204.7,8672342.61,440.412,304.825,37.727,342.552,40.573,34.255,1.975,certain_temperate
dronbreen-20220329-DAT_0234_A1_1,215.0,541201.78,8672339.27,440.641,305.158,37.101,342.26,40.3,33.382,1.985,certain_temperate
dronbreen-20220329-DAT_0234_A1_1,220.0,541198.26,8672334.88,440.94,305.562,36.163,341.726,40.001,33.056,2.002,certain_temperate
dronbreen-20220329-DAT_0234_A1_1,225.0,541195.25,8672330.94,441.138,305.969,35.434,341.403,39.307,33.02,2.012,certain_temperate
dronbreen-20220329-DAT_0234_A1_1,230.0,541192.71,8672327.17,441.292,306.227,35.017,341.244,39.101,32.079,2.019,certain_temperate
dronbreen-20220329-DAT_0234_A1_1,235.0,541189.32,8672322.51,441.451,306.49,34.183,340.673,38.815,30.906,2.033,certain_temperate
dronbreen-20220329-DAT_0234_A1_1,240.0,541186.65,8672318.92,441.646,306.789,33.558,340.347,38.45,30.229,2.043,certain_temperate
dronbreen-20220329-DAT_0234_A1_1,245.0,541183.85,8672315.21,441.874,307.122,32.828,339.95,38.064,29.26,2.056,certain_temperate
dronbreen-20220329-DAT_0234_A1_1,250.0,541180.65,8672311.26,442.227,307.578,31.995,339.573,38.317,28.278,2.07,certain_temperate
dronbreen-20220329-DAT_0234_A1_1,255.0,541177.63,8672307.64,442.595,308.051,31.057,339.107,38.611,26.421,2.087,certain_temperate
dronbreen-20220329-DAT_0234_A1_1,260.0,541173.85,8672303.05,443.045,308.605,30.119,338.724,38.134,24.188,2.103,certain_temperate
dronbreen-20220329-DAT_0234_A1_1,265.0,541171.26,8672299.81,443.32,308.88,29.389,338.269,37.624,22.613,2.118,certain_temperate
dronbreen-20220329-DAT_0234_A1_1,270.0,541167.53,8672295.11,443.665,309.225,28.555,337.78,36.804,21.141,2.134,certain_temperate
dronbreen-20220329-DAT_0234_A1_1,275.0,541164.88,8672291.8,443.897,309.561,27.722,337.283,35.981,19.983,2.149,certain_temperate
dronbreen-20220329-DAT_0234_A1_1,280.0,541161.75,8672287.98,444.161,309.825,26.888,336.713,35.231,18.44,2.165,certain_temperate
dronbreen-20220329-DAT_0234_A1_1,285.0,541158.18,8672283.84,444.352,310.017,26.054,336.071,36.803,13.43,2.182,certain_temperate
dronbreen-20220329-DAT_0234_A1_1,290.0,541155.05,8672280.33,444.443,310.107,21.26,331.368,34.78,10.45,2.277,certain_temperate
dronbreen-20220329-DAT_0234_A1_1,295.0,541151.72,8672276.38,444.565,310.23,19.28,329.51,28.87,3.75,2.316,certain_temperate
dronbreen-20220329-DAT_0234_A1_1,300.0,541148.87,8672272.76,444.739,310.403,17.717,328.12,27.158,0.0,2.347,uncertain_temperate
dronbreen-20220329-DAT_0234_A1_1,305.0,541145.82,8672268.89,445.055,310.719,16.883,327.602,28.318,0.0,2.364,uncertain_temperate
dronbreen-20220329-DAT_0234_A1_1,310.0,541141.89,8672264.61,445.434,311.203,12.298,323.501,27.114,0.0,2.453,uncertain_temperate
dronbreen-20220329-DAT_0234_A1_1,315.0,541139.22,8672261.35,445.754,311.522,10.317,321.84,26.417,0.0,2.492,uncertain_temperate
dronbreen-20220329-DAT_0234_A1_1,320.0,541136.09,8672257.42,446.158,311.927,5.107,317.034,22.369,0.0,2.596,uncertain_temperate
dronbreen-20220329-DAT_0234_A1_1,325.0,541132.89,8672253.23,446.616,312.592,5.002,317.595,17.54,0.0,2.594,uncertain_temperate
dronbreen-20220329-DAT_0234_A1_1,330.0,541129.94,8672249.42,446.95,312.718,3.127,315.845,18.442,0.0,2.636,uncertain_temperate
dronbreen-20220329-DAT_0234_A1_1,335.0,541126.42,8672245.09,447.254,313.126,0.521,313.647,14.986,0.0,2.685,uncertain_cold
dronbreen-20220329-DAT_0234_A1_1,340.0,541123.23,8672241.21,447.496,313.264,0.208,313.473,12.111,0.0,2.694,uncertain_cold
dronbreen-20220329-DAT_0234_A1_1,345.0,541119.94,8672237.82,447.763,313.531,0.208,313.74,11.031,0.0,2.694,uncertain_cold
dronbreen-20220329-DAT_0234_A1_1,350.0,541116.87,8672234.32,448.053,313.821,0.208,314.03,10.131,0.0,2.694,uncertain_cold
dronbreen-20220329-DAT_0234_A1_1,355.0,541113.23,8672230.01,448.43,314.198,0.0,314.198,0.0,0.0,2.685,certain_cold
dronbreen-20220329-DAT_0234_A1_1,360.0,541110.46,8672226.73,448.725,314.493,0.0,314.493,0.0,0.0,2.687,certain_cold
dronbreen-20220329-DAT_0234_A1_1,365.0,541106.86,8672223.22,449.039,314.703,0.0,314.703,0.0,0.0,2.687,certain_cold
dronbreen-20220329-DAT_0234_A1_1,370.0,541103.38,8672219.39,449.399,315.167,0.0,315.167,0.0,0.0,2.687,certain_cold
dronbreen-20220329-DAT_0234_A1_1,375.0,541100.22,8672215.57,449.758,315.527,0.0,315.527,0.0,0.0,2.687,uncertain_cold
dronbreen-20220329-DAT_0234_A1_1,380.0,541096.85,8672211.06,450.131,315.9,0.0,315.9,0.0,0.0,2.687,uncertain_cold
dronbreen-20220329-DAT_0234_A1_1,385.0,541094.5,8672207.52,450.358,316.126,0.0,316.126,0.0,0.0,2.689,certain_cold
dronbreen-20220329-DAT_0234_A1_1,390.0,541091.97,8672203.27,450.573,316.342,0.0,316.342,0.0,0.0,2.689,certain_cold
dronbreen-20220329-DAT_0234_A1_1,395.0,541089.08,8672199.13,450.76,316.528,0.0,316.528,0.0,0.0,2.692,certain_cold
dronbreen-20220329-DAT_0234_A1_1,400.0,541085.36,8672194.83,451.027,316.795,0.0,316.795,0.0,0.0,2.692,certain_cold
dronbreen-20220329-DAT_0234_A1_1,405.0,541082.31,8672191.02,451.283,317.051,0.0,317.051,0.0,0.0,2.692,certain_cold
dronbreen-20220329-DAT_0234_A1_1,410.0,541079.11,8672187.01,451.569,317.338,0.0,317.338,0.0,0.0,2.694,certain_cold
dronbreen-20220329-DAT_0234_A1_1,415.0,541075.81,8672183.52,451.89,317.659,0.0,317.659,0.0,0.0,2.694,certain_cold
dronbreen-20220329-DAT_0234_A1_1,420.0,541072.62,8672179.43,452.428,318.197,0.0,318.197,0.0,0.0,2.696,certain_cold
dronbreen-20220329-DAT_0234_A1_1,425.0,541070.01,8672176.13,452.813,318.478,0.0,318.478,0.0,0.0,2.7,certain_cold
dronbreen-20220329-DAT_0234_A1_1,430.0,541066.99,8672171.69,453.198,318.758,0.0,318.758,0.0,0.0,2.702,certain_cold
dronbreen-20220329-DAT_0234_A1_1,435.0,541064.4,8672167.77,453.545,318.897,0.0,318.897,0.0,0.0,2.706,certain_cold
dronbreen-20220329-DAT_0234_A1_1,440.0,541061.14,8672163.48,453.934,319.078,0.0,319.078,0.0,0.0,2.71,certain_cold
dronbreen-20220329-DAT_0234_A1_1,445.0,541057.69,8672159.19,454.328,319.367,0.0,319.367,0.0,0.0,2.712,certain_cold
dronbreen-20220329-DAT_0234_A1_1,450.0,541054.74,8672155.46,454.652,319.482,0.0,319.482,0.0,0.0,2.716,certain_cold
dronbreen-20220329-DAT_0234_A1_1,455.0,541052.24,8672151.98,454.863,319.589,0.0,319.589,0.0,0.0,2.718,certain_cold
dronbreen-20220329-DAT_0234_A1_1,460.0,541048.89,8672147.38,455.145,319.767,0.0,319.767,0.0,0.0,2.721,certain_cold
dronbreen-20220329-DAT_0234_A1_1,465.0,541046.35,8672143.44,455.455,319.869,0.0,319.869,0.0,0.0,2.725,certain_cold
dronbreen-20220329-DAT_0234_A1_1,470.0,541043.52,8672139.87,455.775,319.876,0.0,319.876,0.0,0.0,2.727,certain_cold
dronbreen-20220329-DAT_0234_A1_1,475.0,541040.12,8672135.39,456.325,320.217,0.0,320.217,0.0,0.0,2.731,certain_cold
dronbreen-20220329-DAT_0234_A1_1,480.0,541037.03,8672131.33,456.841,320.629,0.0,320.629,0.0,0.0,2.733,certain_cold
dronbreen-20220329-DAT_0234_A1_1,485.0,541033.93,8672127.39,457.206,320.785,0.0,320.785,0.0,0.0,2.735,certain_cold
dronbreen-20220329-DAT_0234_A1_1,490.0,541031.14,8672123.58,457.551,321.027,0.0,321.027,0.0,0.0,2.739,certain_cold
dronbreen-20220329-DAT_0234_A1_1,495.0,541028.01,8672119.58,457.936,321.307,0.0,321.307,0.0,0.0,2.743,certain_cold
dronbreen-20220329-DAT_0234_A1_1,500.0,541024.79,8672115.57,458.312,321.475,0.0,321.475,0.0,0.0,2.75,certain_cold
dronbreen-20220329-DAT_0234_A1_1,505.0,541021.88,8672112.01,458.644,321.599,0.0,321.599,0.0,0.0,2.754,certain_cold
dronbreen-20220329-DAT_0234_A1_1,510.0,541018.7,8672108.36,458.982,321.728,0.0,321.728,0.0,0.0,2.756,certain_cold
dronbreen-20220329-DAT_0234_A1_1,515.0,541015.09,8672104.39,459.357,321.895,0.0,321.895,0.0,0.0,2.76,certain_cold
dronbreen-20220329-DAT_0234_A1_1,520.0,541011.76,8672100.6,459.704,322.033,0.0,322.033,0.0,0.0,2.764,certain_cold
dronbreen-20220329-DAT_0234_A1_1,525.0,541008.25,8672096.54,460.084,322.309,0.0,322.309,0.0,0.0,2.768,certain_cold
dronbreen-20220329-DAT_0234_A1_1,530.0,541005.38,8672093.21,460.399,322.52,0.0,322.52,0.0,0.0,2.77,certain_cold
dronbreen-20220329-DAT_0234_A1_1,535.0,541002.12,8672089.51,460.754,322.666,0.0,322.666,0.0,0.0,2.774,certain_cold
dronbreen-20220329-DAT_0234_A1_1,540.0,540998.91,8672085.75,461.111,322.815,0.0,322.815,0.0,0.0,2.779,certain_cold
dronbreen-20220329-DAT_0234_A1_1,545.0,540995.72,8672081.99,461.46,322.955,0.0,322.955,0.0,0.0,2.783,certain_cold
dronbreen-20220329-DAT_0234_A1_1,550.0,540991.8,8672077.53,461.882,323.169,0.0,323.169,0.0,0.0,2.785,certain_cold
dronbreen-20220329-DAT_0234_A1_1,555.0,540988.89,8672074.03,462.228,323.306,0.0,323.306,0.0,0.0,2.789,certain_cold
dronbreen-20220329-DAT_0234_A1_1,560.0,540986.06,8672070.72,462.559,323.533,0.0,323.533,0.0,0.0,2.793,certain_cold
dronbreen-20220329-DAT_0234_A1_1,565.0,540982.35,8672066.27,462.998,323.66,0.0,323.66,0.0,0.0,2.799,certain_cold
dronbreen-20220329-DAT_0234_A1_1,570.0,540979.26,8672062.64,463.356,323.81,0.0,323.81,0.0,0.0,2.804,certain_cold
dronbreen-20220329-DAT_0234_A1_1,575.0,540975.76,8672058.81,463.745,323.99,0.0,323.99,0.0,0.0,2.808,certain_cold
dronbreen-20220329-DAT_0234_A1_1,580.0,540972.51,8672055.2,464.127,324.163,0.0,324.163,0.0,0.0,2.812,certain_cold
dronbreen-20220329-DAT_0234_A1_1,585.0,540969.1,8672051.41,464.53,324.358,0.0,324.358,0.0,0.0,2.816,certain_cold
dronbreen-20220329-DAT_0234_A1_1,590.0,540966.14,8672047.91,464.892,324.512,0.0,324.512,0.0,0.0,2.82,certain_cold
dronbreen-20220329-DAT_0234_A1_1,595.0,540963.19,8672044.28,465.249,324.66,0.0,324.66,0.0,0.0,2.824,certain_cold
dronbreen-20220329-DAT_0234_A1_1,600.0,540959.88,8672039.93,465.632,324.835,0.0,324.835,0.0,0.0,2.828,certain_cold
dronbreen-20220329-DAT_0234_A1_1,605.0,540956.73,8672035.77,465.99,324.88,0.0,324.88,0.0,0.0,2.835,certain_cold
dronbreen-20220329-DAT_0234_A1_1,610.0,540953.67,8672031.71,466.341,325.022,0.0,325.022,0.0,0.0,2.839,certain_cold
dronbreen-20220329-DAT_0234_A1_1,615.0,540950.87,8672028.27,466.651,325.229,0.0,325.229,0.0,0.0,2.841,certain_cold
dronbreen-20220329-DAT_0234_A1_1,620.0,540947.21,8672023.94,467.071,325.44,0.0,325.44,0.0,0.0,2.845,certain_cold
dronbreen-20220329-DAT_0234_A1_1,625.0,540943.8,8672020.24,467.441,325.601,0.0,325.601,0.0,0.0,2.849,certain_cold
dronbreen-20220329-DAT_0234_A1_1,630.0,540940.43,8672016.73,467.81,325.762,0.0,325.762,0.0,0.0,2.853,certain_cold
dronbreen-20220329-DAT_0234_A1_1,635.0,540937.05,8672013.4,468.17,325.913,0.0,325.913,0.0,0.0,2.857,certain_cold
dronbreen-20220329-DAT_0234_A1_1,640.0,540933.88,8672009.89,468.501,325.932,0.0,325.932,0.0,0.0,2.864,certain_cold
dronbreen-20220329-DAT_0234_A1_1,645.0,540930.7,8672006.38,468.819,326.146,0.0,326.146,0.0,0.0,2.866,certain_cold
dronbreen-20220329-DAT_0234_A1_1,650.0,540926.68,8672002.04,469.201,326.319,0.0,326.319,0.0,0.0,2.87,certain_cold
dronbreen-20220329-DAT_0234_A1_1,655.0,540923.64,8671998.69,469.516,326.425,0.0,326.425,0.0,0.0,2.874,certain_cold
dronbreen-20220329-DAT_0234_A1_1,660.0,540920.3,8671994.9,469.865,326.567,0.0,326.567,0.0,0.0,2.878,certain_cold
dronbreen-20220329-DAT_0234_A1_1,665.0,540916.82,8671990.84,470.244,326.738,0.0,326.738,0.0,0.0,2.882,certain_cold
dronbreen-20220329-DAT_0234_A1_1,670.0,540914.0,8671987.51,470.557,326.841,0.0,326.841,0.0,0.0,2.887,certain_cold
dronbreen-20220329-DAT_0234_A1_1,675.0,540910.7,8671983.6,470.925,327.001,0.0,327.001,0.0,0.0,2.893,certain_cold
dronbreen-20220329-DAT_0234_A1_1,680.0,540907.12,8671979.37,471.322,327.19,0.0,327.19,0.0,0.0,2.897,certain_cold
dronbreen-20220329-DAT_0234_A1_1,685.0,540904.32,8671976.0,471.634,327.398,0.0,327.398,0.0,0.0,2.901,certain_cold
dronbreen-20220329-DAT_0234_A1_1,690.0,540901.1,8671972.05,471.997,327.552,0.0,327.552,0.0,0.0,2.903,certain_cold
dronbreen-20220329-DAT_0234_A1_1,695.0,540897.55,8671968.03,472.386,327.732,0.0,327.732,0.0,0.0,2.907,certain_cold
dronbreen-20220329-DAT_0234_A1_1,700.0,540894.06,8671964.02,472.769,327.907,0.0,327.907,0.0,0.0,2.911,certain_cold
dronbreen-20220329-DAT_0234_A1_1,705.0,540890.89,8671960.13,473.153,328.083,0.0,328.083,0.0,0.0,2.914,certain_cold
dronbreen-20220329-DAT_0234_A1_1,710.0,540888.11,8671957.03,473.486,328.312,0.0,328.312,0.0,0.0,2.916,certain_cold
dronbreen-20220329-DAT_0234_A1_1,715.0,540884.81,8671953.32,473.881,328.498,0.0,328.498,0.0,0.0,2.92,certain_cold
dronbreen-20220329-DAT_0234_A1_1,720.0,540881.05,8671948.74,474.352,328.76,0.0,328.76,0.0,0.0,2.924,certain_cold
dronbreen-20220329-DAT_0234_A1_1,725.0,540878.08,8671945.11,474.732,328.932,0.0,328.932,0.0,0.0,2.928,certain_cold
dronbreen-20220329-DAT_0234_A1_1,730.0,540875.07,8671941.54,475.113,329.105,0.0,329.105,0.0,0.0,2.932,certain_cold
dronbreen-20220329-DAT_0234_A1_1,735.0,540872.03,8671938.1,475.491,329.379,0.0,329.379,0.0,0.0,2.934,certain_cold
dronbreen-20220329-DAT_0234_A1_1,740.0,540868.44,8671934.12,475.935,329.51,0.0,329.51,0.0,0.0,2.941,certain_cold
dronbreen-20220329-DAT_0234_A1_1,745.0,540865.11,8671930.45,476.338,329.705,0.0,329.705,0.0,0.0,2.945,certain_cold
dronbreen-20220329-DAT_0234_A1_1,750.0,540861.92,8671926.94,476.708,329.97,0.0,329.97,0.0,0.0,2.947,certain_cold
dronbreen-20220329-DAT_0234_A1_1,755.0,540858.57,8671922.85,477.114,330.168,0.0,330.168,0.0,0.0,2.951,certain_cold
dronbreen-20220329-DAT_0234_A1_1,760.0,540855.45,8671918.93,477.488,330.229,0.0,330.229,0.0,0.0,2.957,certain_cold
dronbreen-20220329-DAT_0234_A1_1,765.0,540852.46,8671915.12,477.843,330.48,0.0,330.48,0.0,0.0,2.959,certain_cold
dronbreen-20220329-DAT_0234_A1_1,770.0,540849.3,8671911.11,478.216,330.645,0.0,330.645,0.0,0.0,2.963,certain_cold
dronbreen-20220329-DAT_0234_A1_1,775.0,540845.84,8671907.05,478.609,330.83,0.0,330.83,0.0,0.0,2.968,certain_cold
dronbreen-20220329-DAT_0234_A1_1,780.0,540842.74,8671903.47,478.953,330.965,0.0,330.965,0.0,0.0,2.972,certain_cold
dronbreen-20220329-DAT_0234_A1_1,785.0,540839.31,8671899.83,479.318,331.122,0.0,331.122,0.0,0.0,2.976,certain_cold
dronbreen-20220329-DAT_0234_A1_1,790.0,540835.9,8671896.0,479.706,331.301,0.0,331.301,0.0,0.0,2.98,certain_cold
dronbreen-20220329-DAT_0234_A1_1,795.0,540832.5,8671892.18,480.112,331.394,0.0,331.394,0.0,0.0,2.986,certain_cold
dronbreen-20220329-DAT_0234_A1_1,800.0,540829.09,8671888.35,480.501,331.575,0.0,331.575,0.0,0.0,2.99,certain_cold
dronbreen-20220329-DAT_0234_A1_1,805.0,540826.07,8671885.0,480.839,332.225,0.0,332.225,0.0,0.0,2.984,certain_cold
dronbreen-20220329-DAT_0234_A1_1,810.0,540822.19,8671880.7,481.263,332.962,0.0,332.962,0.0,0.0,2.978,certain_cold
dronbreen-20220329-DAT_0234_A1_1,815.0,540818.94,8671877.19,481.607,333.515,0.0,333.515,0.0,0.0,2.974,certain_cold
dronbreen-20220329-DAT_0234_A1_1,820.0,540815.48,8671873.8,481.947,334.167,0.0,334.167,0.0,0.0,2.968,certain_cold
dronbreen-20220329-DAT_0234_A1_1,825.0,540811.77,8671870.09,482.335,334.764,0.0,334.764,0.0,0.0,2.963,certain_cold
dronbreen-20220329-DAT_0234_A1_1,830.0,540808.8,8671866.9,482.648,335.39,0.0,335.39,0.0,0.0,2.957,certain_cold
dronbreen-20220329-DAT_0234_A1_1,835.0,540805.03,8671862.81,483.022,336.076,0.0,336.076,0.0,0.0,2.951,certain_cold
dronbreen-20220329-DAT_0234_A1_1,840.0,540801.69,8671859.28,483.33,336.488,0.0,336.488,0.0,0.0,2.949,certain_cold
dronbreen-20220329-DAT_0234_A1_1,845.0,540798.28,8671855.81,483.629,336.995,0.0,336.995,0.0,0.0,2.945,certain_cold
dronbreen-20220329-DAT_0234_A1_1,850.0,540794.54,8671851.89,483.963,337.538,0.0,337.538,0.0,0.0,2.941,certain_cold
dronbreen-20220329-DAT_0234_A1_1,855.0,540791.24,8671848.31,484.279,337.959,0.0,337.959,0.0,0.0,2.938,certain_cold
dronbreen-20220329-DAT_0234_A1_1,860.0,540788.19,8671844.54,484.575,338.254,0.0,338.254,0.0,0.0,2.938,certain_cold
dronbreen-20220329-DAT_0234_A1_1,865.0,540784.99,8671840.65,484.885,338.669,0.0,338.669,0.0,0.0,2.936,certain_cold
dronbreen-20220329-DAT_0234_A1_1,870.0,540782.24,8671837.17,485.147,339.035,0.0,339.035,0.0,0.0,2.934,certain_cold
dronbreen-20220329-DAT_0234_A1_1,875.0,540779.12,8671833.43,485.433,339.32,0.0,339.32,0.0,0.0,2.934,certain_cold
dronbreen-20220329-DAT_0234_A1_1,880.0,540775.22,8671829.31,485.765,339.757,0.0,339.757,0.0,0.0,2.932,certain_cold
dronbreen-20220329-DAT_0234_A1_1,885.0,540772.14,8671826.08,486.034,340.026,0.0,340.026,0.0,0.0,2.932,certain_cold
dronbreen-20220329-DAT_0234_A1_1,890.0,540768.75,8671822.41,486.343,340.439,0.0,340.439,0.0,0.0,2.93,certain_cold
dronbreen-20220329-DAT_0234_A1_1,895.0,540764.95,8671818.3,486.694,340.79,0.0,340.79,0.0,0.0,2.93,certain_cold
dronbreen-20220329-DAT_0234_A1_1,900.0,540761.91,8671815.04,486.972,341.173,0.0,341.173,0.0,0.0,2.928,certain_cold
dronbreen-20220329-DAT_0234_A1_1,905.0,540758.47,8671811.22,487.28,341.48,0.0,341.48,0.0,0.0,2.928,certain_cold
dronbreen-20220329-DAT_0234_A1_1,910.0,540755.13,8671807.39,487.568,341.873,0.0,341.873,0.0,0.0,2.926,certain_cold
dronbreen-20220329-DAT_0234_A1_1,915.0,540751.58,8671803.33,487.877,342.181,0.0,342.181,0.0,0.0,2.926,certain_cold
dronbreen-20220329-DAT_0234_A1_1,920.0,540748.47,8671799.93,488.165,342.469,0.0,342.469,0.0,0.0,2.926,certain_cold
dronbreen-20220329-DAT_0234_A1_1,925.0,540744.87,8671795.92,488.494,342.799,0.0,342.799,0.0,0.0,2.926,certain_cold
dronbreen-20220329-DAT_0234_A1_1,930.0,540742.1,8671792.67,488.743,342.944,0.0,342.944,0.0,0.0,2.926,certain_cold
dronbreen-20220329-DAT_0234_A1_1,935.0,540738.35,8671788.44,489.074,343.274,0.0,343.274,0.0,0.0,2.926,certain_cold
dronbreen-20220329-DAT_0234_A1_1,940.0,540735.04,8671784.83,489.338,343.538,0.0,343.538,0.0,0.0,2.928,certain_cold
dronbreen-20220329-DAT_0234_A1_1,945.0,540730.13,8671785.14,489.631,343.936,0.0,343.936,0.0,0.0,2.926,certain_cold
dronbreen-20220329-DAT_0234_A1_1,950.0,540737.36,8671788.25,489.149,343.558,0.0,343.558,0.0,0.0,2.924,certain_cold
dronbreen-20220329-DAT_0234_A1_1,955.0,540730.85,8671783.96,489.599,344.008,0.0,344.008,0.0,0.0,2.924,certain_cold
dronbreen-20220329-DAT_0234_A1_1,960.0,540727.2,8671780.5,489.848,344.257,0.0,344.257,0.0,0.0,2.924,certain_cold
dronbreen-20220329-DAT_0234_A1_1,965.0,540724.06,8671776.68,490.072,344.376,0.0,344.376,0.0,0.0,2.926,certain_cold
dronbreen-20220329-DAT_0234_A1_1,970.0,540720.4,8671773.27,490.311,344.615,0.0,344.615,0.0,0.0,2.926,certain_cold
dronbreen-20220329-DAT_0234_A1_1,975.0,540716.48,8671769.94,490.638,344.838,0.0,344.838,0.0,0.0,2.928,certain_cold
dronbreen-20220329-DAT_0234_A1_1,980.0,540712.51,8671767.4,491.099,345.3,0.0,345.3,0.0,0.0,2.928,certain_cold
dronbreen-20220329-DAT_0234_A1_1,985.0,540709.03,8671763.2,491.365,345.565,0.0,345.565,0.0,0.0,2.928,certain_cold
dronbreen-20220329-DAT_0234_A1_1,990.0,540706.0,8671759.38,491.574,345.67,0.0,345.67,0.0,0.0,2.93,certain_cold
dronbreen-20220329-DAT_0234_A1_1,995.0,540702.9,8671756.31,491.774,345.87,0.0,345.87,0.0,0.0,2.93,certain_cold
dronbreen-20220329-DAT_0234_A1_1,1000.0,540698.93,8671751.85,492.022,346.118,0.0,346.118,0.0,0.0,2.93,certain_cold
dronbreen-20220329-DAT_0234_A1_1,1005.0,540695.85,8671748.47,492.204,346.196,0.0,346.196,0.0,0.0,2.932,certain_cold
dronbreen-20220329-DAT_0234_A1_1,1010.0,540692.71,8671745.12,492.377,346.369,0.0,346.369,0.0,0.0,2.932,certain_cold
dronbreen-20220329-DAT_0234_A1_1,1015.0,540689.36,8671741.39,492.545,346.432,0.0,346.432,0.0,0.0,2.934,certain_cold
dronbreen-20220329-DAT_0234_A1_1,1020.0,540685.56,8671737.74,492.716,346.5,0.0,346.5,0.0,0.0,2.936,certain_cold
dronbreen-20220329-DAT_0234_A1_1,1025.0,540681.61,8671734.22,492.884,346.667,0.0,346.667,0.0,0.0,2.936,certain_cold
dronbreen-20220329-DAT_0234_A1_1,1030.0,540678.13,8671730.5,493.037,346.717,0.0,346.717,0.0,0.0,2.938,certain_cold
dronbreen-20220329-DAT_0234_A1_1,1035.0,540675.01,8671726.86,493.189,346.659,0.0,346.659,0.0,0.0,2.943,certain_cold
dronbreen-20220329-DAT_0234_A1_1,1040.0,540672.03,8671723.4,493.347,346.714,0.0,346.714,0.0,0.0,2.945,certain_cold
dronbreen-20220329-DAT_0234_A1_1,1045.0,540668.74,8671719.61,493.533,347.004,0.0,347.004,0.0,0.0,2.943,certain_cold
dronbreen-20220329-DAT_0234_A1_1,1050.0,540664.96,8671715.99,493.743,347.318,0.0,347.318,0.0,0.0,2.941,certain_cold
dronbreen-20220329-DAT_0234_A1_1,1055.0,540661.27,8671712.19,493.933,347.3,0.0,347.3,0.0,0.0,2.945,certain_cold
dronbreen-20220329-DAT_0234_A1_1,1060.0,540657.95,8671708.8,494.08,347.446,0.0,347.446,0.0,0.0,2.945,certain_cold
dronbreen-20220329-DAT_0234_A1_1,1065.0,540654.32,8671705.16,494.237,347.395,0.0,347.395,0.0,0.0,2.949,certain_cold
dronbreen-20220329-DAT_0234_A1_1,1070.0,540650.85,8671701.33,494.379,347.433,0.0,347.433,0.0,0.0,2.951,certain_cold
dronbreen-20220329-DAT_0234_A1_1,1075.0,540648.09,8671697.84,494.48,347.534,0.0,347.534,0.0,0.0,2.951,certain_cold
dronbreen-20220329-DAT_0234_A1_1,1080.0,540644.71,8671693.7,494.614,347.564,0.0,347.564,0.0,0.0,2.953,certain_cold
dronbreen-20220329-DAT_0234_A1_1,1085.0,540641.93,8671690.14,494.709,347.554,0.0,347.554,0.0,0.0,2.955,certain_cold
dronbreen-20220329-DAT_0234_A1_1,1090.0,540638.27,8671686.06,494.842,347.583,0.0,347.583,0.0,0.0,2.959,certain_cold
dronbreen-20220329-DAT_0234_A1_1,1095.0,540634.94,8671682.33,494.979,347.512,0.0,347.512,0.0,0.0,2.961,certain_cold
dronbreen-20220329-DAT_0234_A1_1,1100.0,540631.49,8671679.16,495.166,347.595,0.0,347.595,0.0,0.0,2.965,certain_cold
dronbreen-20220329-DAT_0234_A1_1,1105.0,540627.47,8671675.64,495.41,347.63,0.0,347.63,0.0,0.0,2.97,certain_cold
dronbreen-20220329-DAT_0234_A1_1,1110.0,540623.96,8671672.48,495.654,347.561,0.0,347.561,0.0,0.0,2.974,certain_cold
dronbreen-20220329-DAT_0234_A1_1,1115.0,540620.2,8671668.96,495.92,347.619,0.0,347.619,0.0,0.0,2.978,certain_cold
dronbreen-20220329-DAT_0234_A1_1,1120.0,540616.55,8671665.52,496.161,347.651,0.0,347.651,0.0,0.0,2.982,certain_cold
dronbreen-20220329-DAT_0234_A1_1,1125.0,540613.33,8671662.36,496.37,347.756,0.0,347.756,0.0,0.0,2.986,certain_cold
dronbreen-20220329-DAT_0234_A1_1,1130.0,540609.81,8671658.78,496.595,347.773,0.0,347.773,0.0,0.0,2.99,certain_cold
dronbreen-20220329-DAT_0234_A1_1,1135.0,540606.55,8671655.21,496.795,347.661,0.0,347.661,0.0,0.0,2.994,certain_cold
dronbreen-20220329-DAT_0234_A1_1,1140.0,540602.49,8671650.84,497.059,347.716,0.0,347.716,0.0,0.0,3.001,certain_cold
dronbreen-20220329-DAT_0234_A1_1,1145.0,540599.44,8671647.58,497.26,347.708,0.0,347.708,0.0,0.0,3.005,certain_cold
dronbreen-20220329-DAT_0234_A1_1,1150.0,540596.09,8671643.91,497.474,347.714,0.0,347.714,0.0,0.0,3.007,certain_cold
dronbreen-20220329-DAT_0234_A1_1,1155.0,540592.95,8671640.41,497.676,347.708,0.0,347.708,0.0,0.0,3.011,certain_cold
dronbreen-20220329-DAT_0234_A1_1,1160.0,540589.41,8671636.39,497.873,347.8,0.0,347.8,0.0,0.0,3.015,certain_cold
dronbreen-20220329-DAT_0234_A1_1,1165.0,540585.68,8671632.56,498.077,347.692,0.0,347.692,0.0,0.0,3.021,certain_cold
dronbreen-20220329-DAT_0234_A1_1,1170.0,540582.27,8671628.79,498.267,347.673,0.0,347.673,0.0,0.0,3.028,certain_cold
dronbreen-20220329-DAT_0234_A1_1,1175.0,540578.93,8671625.34,498.466,347.56,0.0,347.56,0.0,0.0,3.032,certain_cold
dronbreen-20220329-DAT_0234_A1_1,1180.0,540575.64,8671622.21,498.641,347.422,0.0,347.422,0.0,0.0,3.036,certain_cold
dronbreen-20220329-DAT_0234_A1_1,1185.0,540571.57,8671618.23,498.836,347.409,0.0,347.409,0.0,0.0,3.04,certain_cold
dronbreen-20220329-DAT_0234_A1_1,1190.0,540568.51,8671615.26,498.969,347.646,0.0,347.646,0.0,0.0,3.038,certain_cold
dronbreen-20220329-DAT_0234_A1_1,1195.0,540565.02,8671611.84,499.12,347.797,0.0,347.797,0.0,0.0,3.038,certain_cold
dronbreen-20220329-DAT_0234_A1_1,1200.0,540561.45,8671607.7,499.304,348.085,0.0,348.085,0.0,0.0,3.036,certain_cold
dronbreen-20220329-DAT_0234_A1_1,1205.0,540558.03,8671604.12,499.524,348.409,0.0,348.409,0.0,0.0,3.034,certain_cold
dronbreen-20220329-DAT_0234_A1_1,1210.0,540554.85,8671600.84,499.748,348.737,0.0,348.737,0.0,0.0,3.032,certain_cold
dronbreen-20220329-DAT_0234_A1_1,1215.0,540551.06,8671596.95,500.024,349.118,0.0,349.118,0.0,0.0,3.03,certain_cold
dronbreen-20220329-DAT_0234_A1_1,1220.0,540547.35,8671592.88,500.301,349.499,0.0,349.499,0.0,0.0,3.028,certain_cold
dronbreen-20220329-DAT_0234_A1_1,1225.0,540543.78,8671589.05,500.566,349.66,0.0,349.66,0.0,0.0,3.03,certain_cold
dronbreen-20220329-DAT_0234_A1_1,1230.0,540541.13,8671586.37,500.755,349.849,0.0,349.849,0.0,0.0,3.03,certain_cold
dronbreen-20220329-DAT_0234_A1_1,1235.0,540537.25,8671581.75,501.056,350.254,0.0,350.254,0.0,0.0,3.028,certain_cold
dronbreen-20220329-DAT_0234_A1_1,1240.0,540534.17,8671578.16,501.303,350.605,0.0,350.605,0.0,0.0,3.026,certain_cold
dronbreen-20220329-DAT_0234_A1_1,1245.0,540531.31,8671574.41,501.537,350.943,0.0,350.943,0.0,0.0,3.024,certain_cold
dronbreen-20220329-DAT_0234_A1_1,1250.0,540527.7,8671570.14,501.841,351.352,0.0,351.352,0.0,0.0,3.021,certain_cold
dronbreen-20220329-DAT_0234_A1_1,1255.0,540524.82,8671567.03,502.082,351.593,0.0,351.593,0.0,0.0,3.021,certain_cold
dronbreen-20220329-DAT_0234_A1_1,1260.0,540521.21,8671563.5,502.386,352.105,0.0,352.105,0.0,0.0,3.017,certain_cold
dronbreen-20220329-DAT_0234_A1_1,1265.0,540517.93,8671559.99,502.675,352.603,0.0,352.603,0.0,0.0,3.013,certain_cold
dronbreen-20220329-DAT_0234_A1_1,1270.0,540514.7,8671556.35,502.963,353.204,0.0,353.204,0.0,0.0,3.007,certain_cold
dronbreen-20220329-DAT_0234_A1_1,1275.0,540511.27,8671552.3,503.274,353.722,0.0,353.722,0.0,0.0,3.003,certain_cold
dronbreen-20220329-DAT_0234_A1_1,1280.0,540508.24,8671548.72,503.566,354.223,0.0,354.223,0.0,0.0,2.999,certain_cold
dronbreen-20220329-DAT_0234_A1_1,1285.0,540504.57,8671544.42,503.931,354.796,0.0,354.796,0.0,0.0,2.994,certain_cold
dronbreen-20220329-DAT_0234_A1_1,1290.0,540501.67,8671541.2,504.215,355.393,0.0,355.393,0.0,0.0,2.988,certain_cold
dronbreen-20220329-DAT_0234_A1_1,1295.0,540497.67,8671536.74,504.591,356.082,0.0,356.082,0.0,0.0,2.982,certain_cold
dronbreen-20220329-DAT_0234_A1_1,1300.0,540494.72,8671533.1,504.865,356.565,0.0,356.565,0.0,0.0,2.978,certain_cold
dronbreen-20220329-DAT_0234_A1_1,1305.0,540491.56,8671529.11,505.167,357.283,0.0,357.283,0.0,0.0,2.97,certain_cold
dronbreen-20220329-DAT_0234_A1_1,1310.0,540488.77,8671524.68,505.486,358.019,0.0,358.019,0.0,0.0,2.961,certain_cold
dronbreen-20220329-DAT_0234_A1_1,1315.0,540486.15,8671521.3,505.786,358.527,0.0,358.527,0.0,0.0,2.957,certain_cold
dronbreen-20220329-DAT_0234_A1_1,1320.0,540482.91,8671517.37,506.173,359.331,0.0,359.331,0.0,0.0,2.949,certain_cold
dronbreen-20220329-DAT_0234_A1_1,1325.0,540479.75,8671513.8,506.552,360.023,0.0,360.023,0.0,0.0,2.943,certain_cold
dronbreen-20220329-DAT_0234_A1_1,1330.0,540476.36,8671509.79,506.963,360.747,0.0,360.747,0.0,0.0,2.936,certain_cold
dronbreen-20220329-DAT_0234_A1_1,1335.0,540472.97,8671505.78,507.396,361.493,0.0,361.493,0.0,0.0,2.93,certain_cold
dronbreen-20220329-DAT_0234_A1_1,1340.0,540470.18,8671502.21,507.78,362.293,0.0,362.293,0.0,0.0,2.922,certain_cold
dronbreen-20220329-DAT_0234_A1_1,1345.0,540467.19,8671498.04,508.204,363.029,0.0,363.029,0.0,0.0,2.916,certain_cold
dronbreen-20220329-DAT_0234_A1_1,1350.0,540464.04,8671494.16,508.614,363.752,0.0,363.752,0.0,0.0,2.909,certain_cold
dronbreen-20220329-DAT_0234_A1_1,1355.0,540460.56,8671490.03,509.034,364.485,0.0,364.485,0.0,0.0,2.903,certain_cold
dronbreen-20220329-DAT_0234_A1_1,1360.0,540457.43,8671486.34,509.408,365.38,0.0,365.38,0.0,0.0,2.893,certain_cold
dronbreen-20220329-DAT_0234_A1_1,1365.0,540454.22,8671482.89,509.788,366.177,0.0,366.177,0.0,0.0,2.884,certain_cold
dronbreen-20220329-DAT_0234_A1_1,1370.0,540450.5,8671478.87,510.281,367.086,0.0,367.086,0.0,0.0,2.876,certain_cold
dronbreen-20220329-DAT_0234_A1_1,1375.0,540447.09,8671475.09,510.754,367.769,0.0,367.769,0.0,0.0,2.872,certain_cold
dronbreen-20220329-DAT_0234_A1_1,1380.0,540443.97,8671471.6,511.201,368.632,0.0,368.632,0.0,0.0,2.864,certain_cold
dronbreen-20220329-DAT_0234_A1_1,1385.0,540440.41,8671467.77,511.697,369.545,0.0,369.545,0.0,0.0,2.855,certain_cold
dronbreen-20220329-DAT_0234_A1_1,1390.0,540437.19,8671464.04,512.181,370.341,0.0,370.341,0.0,0.0,2.849,certain_cold
dronbreen-20220329-DAT_0234_A1_1,1395.0,540433.66,8671460.13,512.689,371.266,0.0,371.266,0.0,0.0,2.841,certain_cold
dronbreen-20220329-DAT_0234_A1_1,1400.0,540430.43,8671456.5,513.149,372.144,0.0,372.144,0.0,0.0,2.833,certain_cold
dronbreen-20220329-DAT_0234_A1_1,1405.0,540426.91,8671452.73,513.633,372.836,0.0,372.836,0.0,0.0,2.828,certain_cold
dronbreen-20220329-DAT_0234_A1_1,1410.0,540423.8,8671449.22,514.07,373.481,0.0,373.481,0.0,0.0,2.824,certain_cold
dronbreen-20220329-DAT_0234_A1_1,1415.0,540420.74,8671445.88,514.496,374.116,0.0,374.116,0.0,0.0,2.82,certain_cold
dronbreen-20220329-DAT_0234_A1_1,1420.0,540416.97,8671442.07,515.019,374.951,0.0,374.951,0.0,0.0,2.814,certain_cold
dronbreen-20220329-DAT_0234_A1_1,1425.0,540413.61,8671438.31,515.522,375.663,0.0,375.663,0.0,0.0,2.81,certain_cold
dronbreen-20220329-DAT_0234_A1_1,1430.0,540410.44,8671434.49,516.001,376.559,0.0,376.559,0.0,0.0,2.801,certain_cold
dronbreen-20220329-DAT_0234_A1_1,1435.0,540407.4,8671430.45,516.467,377.337,0.0,377.337,0.0,0.0,2.795,certain_cold
dronbreen-20220329-DAT_0234_A1_1,1440.0,540403.85,8671426.11,516.971,378.363,0.0,378.363,0.0,0.0,2.785,certain_cold
dronbreen-20220329-DAT_0234_A1_1,1445.0,540401.43,8671423.18,517.299,378.899,0.0,378.899,0.0,0.0,2.781,certain_cold
dronbreen-20220329-DAT_0234_A1_1,1450.0,540398.05,8671418.68,517.796,379.813,0.0,379.813,0.0,0.0,2.772,certain_cold
dronbreen-20220329-DAT_0234_A1_1,1455.0,540394.75,8671415.36,518.264,380.593,0.0,380.593,0.0,0.0,2.766,certain_cold
dronbreen-20220329-DAT_0234_A1_1,1460.0,540391.32,8671411.27,518.798,381.544,0.0,381.544,0.0,0.0,2.758,certain_cold
dronbreen-20220329-DAT_0234_A1_1,1465.0,540388.41,8671407.78,519.255,382.209,0.0,382.209,0.0,0.0,2.754,certain_cold
dronbreen-20220329-DAT_0234_A1_1,1470.0,540384.98,8671403.03,519.853,383.225,0.0,383.225,0.0,0.0,2.745,certain_cold
dronbreen-20220329-DAT_0234_A1_1,1475.0,540382.37,8671399.41,520.312,383.996,0.0,383.996,0.0,0.0,2.739,certain_cold
dronbreen-20220329-DAT_0234_A1_1,1480.0,540379.66,8671394.86,520.839,385.044,0.0,385.044,0.0,0.0,2.729,certain_cold
dronbreen-20220329-DAT_0234_A1_1,1485.0,540377.27,8671390.33,521.336,385.958,0.0,385.958,0.0,0.0,2.721,certain_cold
dronbreen-20220329-DAT_0234_A1_1,1490.0,540374.98,8671386.72,521.751,386.789,0.0,386.789,0.0,0.0,2.712,certain_cold
dronbreen-20220329-DAT_0234_A1_1,1495.0,540371.93,8671382.82,522.223,387.575,0.0,387.575,0.0,0.0,2.706,certain_cold
dronbreen-20220329-DAT_0234_A1_1,1500.0,540368.27,8671378.21,522.764,388.428,0.0,388.428,0.0,0.0,2.7,certain_cold
dronbreen-20220329-DAT_0234_A1_1,1505.0,540365.15,8671374.46,523.206,389.183,0.0,389.183,0.0,0.0,2.694,certain_cold
dronbreen-20220329-DAT_0234_A1_1,1510.0,540361.95,8671370.7,523.65,389.939,0.0,389.939,0.0,0.0,2.687,certain_cold
dronbreen-20220329-DAT_0234_A1_1,1515.0,540359.14,8671367.33,524.05,390.652,0.0,390.652,0.0,0.0,2.681,certain_cold
dronbreen-20220329-DAT_0234_A1_1,1520.0,540355.93,8671363.08,524.522,391.541,0.0,391.541,0.0,0.0,2.673,certain_cold
dronbreen-20220329-DAT_0234_A1_1,1525.0,540352.67,8671358.82,524.985,392.421,0.0,392.421,0.0,0.0,2.665,certain_cold
dronbreen-20220329-DAT_0234_A1_1,1530.0,540349.38,8671355.02,525.445,393.297,0.0,393.297,0.0,0.0,2.656,certain_cold
dronbreen-20220329-DAT_0234_A1_1,1535.0,540346.69,8671351.51,525.838,394.108,0.0,394.108,0.0,0.0,2.648,certain_cold
dronbreen-20220329-DAT_0234_A1_1,1540.0,540342.98,8671347.27,526.344,395.031,0.0,395.031,0.0,0.0,2.64,certain_cold
dronbreen-20220329-DAT_0234_A1_1,1545.0,540339.56,8671343.57,526.812,395.915,0.0,395.915,0.0,0.0,2.631,certain_cold
dronbreen-20220329-DAT_0234_A1_1,1550.0,540336.73,8671340.36,527.203,396.619,0.0,396.619,0.0,0.0,2.625,certain_cold
dronbreen-20220329-DAT_0234_A1_1,1555.0,540333.39,8671336.91,527.651,397.275,0.0,397.275,0.0,0.0,2.621,certain_cold
dronbreen-20220329-DAT_0234_A1_1,1560.0,540329.62,8671332.98,528.145,398.29,0.0,398.29,0.0,0.0,2.611,certain_cold
dronbreen-20220329-DAT_0234_A1_1,1565.0,540326.33,8671329.68,528.55,399.112,0.0,399.112,0.0,0.0,2.602,certain_cold
dronbreen-20220329-DAT_0234_A1_1,1570.0,540322.84,8671326.17,528.963,399.942,0.0,399.942,0.0,0.0,2.594,certain_cold
dronbreen-20220329-DAT_0234_A1_1,1575.0,540318.99,8671322.33,529.402,400.798,0.0,400.798,0.0,0.0,2.586,certain_cold
dronbreen-20220329-DAT_0234_A1_1,1580.0,540315.93,8671318.98,529.772,401.585,0.0,401.585,0.0,0.0,2.577,certain_cold
dronbreen-20220329-DAT_0234_A1_1,1585.0,540312.23,8671315.06,530.212,402.546,0.0,402.546,0.0,0.0,2.567,certain_cold
dronbreen-20220329-DAT_0234_A1_1,1590.0,540308.74,8671311.23,530.63,403.381,0.0,403.381,0.0,0.0,2.559,certain_cold
dronbreen-20220329-DAT_0234_A1_1,1595.0,540305.28,8671307.47,531.041,404.209,0.0,404.209,0.0,0.0,2.551,certain_cold
dronbreen-20220329-DAT_0234_A1_1,1600.0,540301.94,8671303.89,531.404,404.989,0.0,404.989,0.0,0.0,2.542,certain_cold
dronbreen-20220329-DAT_0234_A1_1,1605.0,540298.63,8671300.51,531.744,405.745,0.0,405.745,0.0,0.0,2.534,certain_cold
dronbreen-20220329-DAT_0234_A1_1,1610.0,540295.33,8671296.93,532.075,406.493,0.0,406.493,0.0,0.0,2.526,certain_cold
dronbreen-20220329-DAT_0234_A1_1,1615.0,540291.7,8671293.14,532.411,407.351,0.0,407.351,0.0,0.0,2.515,certain_cold
dronbreen-20220329-DAT_0234_A1_1,1620.0,540288.48,8671289.78,532.709,408.065,0.0,408.065,0.0,0.0,2.507,certain_cold
dronbreen-20220329-DAT_0234_A1_1,1625.0,540284.63,8671285.67,533.054,408.931,0.0,408.931,0.0,0.0,2.497,certain_cold
dronbreen-20220329-DAT_0234_A1_1,1630.0,540281.62,8671282.44,533.328,409.518,0.0,409.518,0.0,0.0,2.49,certain_cold
dronbreen-20220329-DAT_0234_A1_1,1635.0,540277.8,8671278.38,533.695,410.302,0.0,410.302,0.0,0.0,2.482,certain_cold
dronbreen-20220329-DAT_0234_A1_1,1640.0,540274.73,8671275.1,533.997,411.021,0.0,411.021,0.0,0.0,2.474,certain_cold
dronbreen-20220329-DAT_0234_A1_1,1645.0,540271.18,8671271.45,534.352,411.793,0.0,411.793,0.0,0.0,2.466,certain_cold
dronbreen-20220329-DAT_0234_A1_1,1650.0,540267.62,8671267.76,534.692,412.654,0.0,412.654,0.0,0.0,2.455,certain_cold
dronbreen-20220329-DAT_0234_A1_1,1655.0,540264.01,8671264.09,535.012,413.286,0.0,413.286,0.0,0.0,2.449,certain_cold
dronbreen-20220329-DAT_0234_A1_1,1660.0,540260.55,8671260.61,535.311,413.898,0.0,413.898,0.0,0.0,2.443,certain_cold
dronbreen-20220329-DAT_0234_A1_1,1665.0,540257.01,8671257.08,535.618,414.622,0.0,414.622,0.0,0.0,2.434,certain_cold
dronbreen-20220329-DAT_0234_A1_1,1670.0,540253.24,8671253.37,535.945,415.157,0.0,415.157,0.0,0.0,2.43,certain_cold
dronbreen-20220329-DAT_0234_A1_1,1675.0,540249.71,8671249.73,536.265,415.582,0.0,415.582,0.0,0.0,2.428,certain_cold
dronbreen-20220329-DAT_0234_A1_1,1680.0,540246.35,8671246.19,536.576,416.101,0.0,416.101,0.0,0.0,2.424,certain_cold
dronbreen-20220329-DAT_0234_A1_1,1685.0,540242.78,8671242.27,536.893,416.522,0.0,416.522,0.0,0.0,2.422,certain_cold
dronbreen-20220329-DAT_0234_A1_1,1690.0,540239.96,8671239.3,537.113,416.951,0.0,416.951,0.0,0.0,2.418,certain_cold
dronbreen-20220329-DAT_0234_A1_1,1695.0,540236.03,8671234.93,537.405,417.452,0.0,417.452,0.0,0.0,2.414,certain_cold
dronbreen-20220329-DAT_0234_A1_1,1700.0,540232.69,8671231.4,537.641,417.791,0.0,417.791,0.0,0.0,2.412,certain_cold
dronbreen-20220329-DAT_0234_A1_1,1705.0,540229.73,8671228.1,537.855,418.11,0.0,418.11,0.0,0.0,2.41,certain_cold
dronbreen-20220329-DAT_0234_A1_1,1710.0,540226.39,8671224.7,538.108,418.571,0.0,418.571,0.0,0.0,2.405,certain_cold
dronbreen-20220329-DAT_0234_A1_1,1715.0,540222.41,8671220.63,538.425,419.097,0.0,419.097,0.0,0.0,2.401,certain_cold
dronbreen-20220329-DAT_0234_A1_1,1720.0,540218.67,8671216.98,538.695,419.47,0.0,419.47,0.0,0.0,2.399,certain_cold
dronbreen-20220329-DAT_0234_A1_1,1725.0,540215.69,8671213.91,538.873,419.649,0.0,419.649,0.0,0.0,2.399,certain_cold
dronbreen-20220329-DAT_0234_A1_1,1730.0,540212.22,8671210.28,539.066,420.05,0.0,420.05,0.0,0.0,2.395,certain_cold
dronbreen-20220329-DAT_0234_A1_1,1735.0,540208.52,8671206.44,539.217,420.41,0.0,420.41,0.0,0.0,2.391,certain_cold
dronbreen-20220329-DAT_0234_A1_1,1740.0,540205.12,8671202.87,539.364,420.66,0.0,420.66,0.0,0.0,2.389,certain_cold
dronbreen-20220329-DAT_0234_A1_1,1745.0,540201.45,8671199.0,539.56,420.961,0.0,420.961,0.0,0.0,2.387,certain_cold
dronbreen-20220329-DAT_0234_A1_1,1750.0,540198.22,8671195.53,539.749,421.254,0.0,421.254,0.0,0.0,2.385,certain_cold
dronbreen-20220329-DAT_0234_A1_1,1755.0,540194.99,8671191.96,539.96,421.569,0.0,421.569,0.0,0.0,2.383,certain_cold
dronbreen-20220329-DAT_0234_A1_1,1760.0,540191.77,8671188.39,540.177,421.89,0.0,421.89,0.0,0.0,2.381,certain_cold
dronbreen-20220329-DAT_0234_A1_1,1765.0,540188.6,8671185.01,540.364,422.078,0.0,422.078,0.0,0.0,2.381,certain_cold
dronbreen-20220329-DAT_0234_A1_1,1770.0,540184.74,8671180.39,540.602,422.42,0.0,422.42,0.0,0.0,2.379,certain_cold
dronbreen-20220329-DAT_0234_A1_1,1775.0,540181.63,8671176.8,540.783,422.601,0.0,422.601,0.0,0.0,2.379,certain_cold
dronbreen-20220329-DAT_0234_A1_1,1780.0,540178.47,8671173.41,540.933,422.855,0.0,422.855,0.0,0.0,2.376,certain_cold
dronbreen-20220329-DAT_0234_A1_1,1785.0,540175.28,8671169.85,541.063,422.985,0.0,422.985,0.0,0.0,2.376,certain_cold
dronbreen-20220329-DAT_0234_A1_1,1790.0,540171.98,8671166.27,541.163,423.294,0.0,423.294,0.0,0.0,2.372,certain_cold
dronbreen-20220329-DAT_0234_A1_1,1795.0,540167.85,8671161.93,541.256,423.387,0.0,423.387,0.0,0.0,2.372,certain_cold
dronbreen-20220329-DAT_0234_A1_1,1800.0,540164.54,8671158.42,541.322,423.556,0.0,423.556,0.0,0.0,2.37,certain_cold
dronbreen-20220329-DAT_0234_A1_1,1805.0,540161.38,8671155.02,541.394,423.837,0.0,423.837,0.0,0.0,2.366,certain_cold
dronbreen-20220329-DAT_0234_A1_1,1810.0,540157.81,8671150.96,541.472,424.02,0.0,424.02,0.0,0.0,2.364,certain_cold
dronbreen-20220329-DAT_0234_A1_1,1815.0,540154.59,8671147.42,541.532,424.184,0.0,424.184,0.0,0.0,2.362,certain_cold
dronbreen-20220329-DAT_0234_A1_1,1820.0,540151.15,8671143.6,541.586,424.446,0.0,424.446,0.0,0.0,2.358,certain_cold
dronbreen-20220329-DAT_0234_A1_1,1825.0,540147.99,8671139.88,541.628,424.592,0.0,424.592,0.0,0.0,2.356,certain_cold
dronbreen-20220329-DAT_0234_A1_1,1830.0,540145.03,8671136.5,541.641,424.709,0.0,424.709,0.0,0.0,2.354,certain_cold
dronbreen-20220329-DAT_0234_A1_1,1835.0,540141.42,8671132.34,541.653,424.825,0.0,424.825,0.0,0.0,2.352,certain_cold
dronbreen-20220329-DAT_0234_A1_1,1840.0,540137.84,8671128.22,541.662,425.043,0.0,425.043,0.0,0.0,2.35,certain_cold
dronbreen-20220329-DAT_0234_A1_1,1845.0,540135.38,8671125.36,541.663,425.044,0.0,425.044,0.0,0.0,2.35,certain_cold
dronbreen-20220329-DAT_0234_A1_1,1850.0,540131.75,8671121.16,541.651,425.24,0.0,425.24,0.0,0.0,2.347,certain_cold
dronbreen-20220329-DAT_0234_A1_1,1855.0,540128.63,8671117.53,541.619,425.313,0.0,425.313,0.0,0.0,2.343,certain_cold
dronbreen-20220329-DAT_0234_A1_1,1860.0,540124.84,8671113.1,541.548,425.346,0.0,425.346,0.0,0.0,2.341,certain_cold
dronbreen-20220329-DAT_0234_A1_1,1865.0,540121.58,8671109.5,541.479,425.485,0.0,425.485,0.0,0.0,2.337,certain_cold
dronbreen-20220329-DAT_0234_A1_1,1870.0,540118.47,8671105.94,541.409,425.52,0.0,425.52,0.0,0.0,2.335,certain_cold
dronbreen-20220329-DAT_0234_A1_1,1875.0,540115.07,8671102.28,541.354,425.673,0.0,425.673,0.0,0.0,2.333,certain_cold
dronbreen-20220329-DAT_0234_A1_1,1880.0,540112.0,8671098.98,541.313,425.841,0.0,425.841,0.0,0.0,2.331,certain_cold
dronbreen-20220329-DAT_0234_A1_1,1885.0,540108.65,8671095.47,541.259,425.995,0.0,425.995,0.0,0.0,2.327,certain_cold
dronbreen-20220329-DAT_0234_A1_1,1890.0,540104.64,8671091.13,541.2,426.144,0.0,426.144,0.0,0.0,2.325,certain_cold
dronbreen-20220329-DAT_0234_A1_1,1895.0,540101.67,8671087.82,541.144,426.297,0.0,426.297,0.0,0.0,2.316,certain_cold
dronbreen-20220329-DAT_0234_A1_1,1900.0,540098.23,8671083.68,541.065,426.426,0.0,426.426,0.0,0.0,2.31,certain_cold
dronbreen-20220329-DAT_0234_A1_1,1905.0,540094.89,8671079.76,540.987,426.661,0.0,426.661,0.0,0.0,2.304,certain_cold
dronbreen-20220329-DAT_0234_A1_1,1910.0,540091.46,8671075.92,540.907,426.894,0.0,426.894,0.0,0.0,2.296,certain_cold
dronbreen-20220329-DAT_0234_A1_1,1915.0,540088.17,8671072.22,540.834,426.925,0.0,426.925,0.0,0.0,2.294,certain_cold
dronbreen-20220329-DAT_0234_A1_1,1920.0,540085.54,8671069.23,540.799,426.994,0.0,426.994,0.0,0.0,2.292,certain_cold
dronbreen-20220329-DAT_0234_A1_1,1925.0,540081.99,8671065.34,540.792,427.195,0.0,427.195,0.0,0.0,2.287,certain_cold
dronbreen-20220329-DAT_0234_A1_1,1930.0,540078.52,8671061.57,540.805,427.417,0.0,427.417,0.0,0.0,2.283,certain_cold
dronbreen-20220329-DAT_0234_A1_1,1935.0,540075.32,8671058.13,540.856,427.677,0.0,427.677,0.0,0.0,2.279,certain_cold
dronbreen-20220329-DAT_0234_A1_1,1940.0,540071.56,8671054.19,540.951,427.98,0.0,427.98,0.0,0.0,2.275,certain_cold
dronbreen-20220329-DAT_0234_A1_1,1945.0,540068.19,8671050.72,541.081,428.423,0.0,428.423,0.0,0.0,2.269,certain_cold
dronbreen-20220329-DAT_0234_A1_1,1950.0,540064.22,8671046.69,541.24,428.79,0.0,428.79,0.0,0.0,2.265,certain_cold
dronbreen-20220329-DAT_0234_A1_1,1955.0,540060.93,8671043.17,541.399,429.157,0.0,429.157,0.0,0.0,2.26,certain_cold
dronbreen-20220329-DAT_0234_A1_1,1960.0,540057.47,8671039.67,541.563,429.53,0.0,429.53,0.0,0.0,2.256,certain_cold
dronbreen-20220329-DAT_0234_A1_1,1965.0,540054.12,8671035.85,541.747,429.714,0.0,429.714,0.0,0.0,2.256,certain_cold
dronbreen-20220329-DAT_0234_A1_1,1970.0,540050.59,8671031.96,541.975,429.941,0.0,429.941,0.0,0.0,2.256,certain_cold
dronbreen-20220329-DAT_0234_A1_1,1975.0,540047.4,8671028.39,542.207,430.278,0.0,430.278,0.0,0.0,2.254,certain_cold
dronbreen-20220329-DAT_0234_A1_1,1980.0,540044.14,8671024.88,542.456,430.735,0.0,430.735,0.0,0.0,2.25,certain_cold
dronbreen-20220329-DAT_0234_A1_1,1985.0,540040.87,8671021.56,542.701,431.085,0.0,431.085,0.0,0.0,2.248,certain_cold
dronbreen-20220329-DAT_0234_A1_1,1990.0,540037.17,8671017.67,542.989,431.581,0.0,431.581,0.0,0.0,2.248,certain_cold
dronbreen-20220329-DAT_0234_A1_1,1995.0,540033.73,8671014.03,543.256,431.952,0.0,431.952,0.0,0.0,2.242,certain_cold
dronbreen-20220329-DAT_0234_A1_1,2000.0,540030.74,8671010.78,543.483,432.388,0.0,432.388,0.0,0.0,2.238,certain_cold
dronbreen-20220329-DAT_0234_A1_1,2005.0,540027.29,8671006.95,543.756,432.869,0.0,432.869,0.0,0.0,2.234,certain_cold
dronbreen-20220329-DAT_0234_A1_1,2010.0,540023.39,8671002.8,544.096,433.522,0.0,433.522,0.0,0.0,2.227,certain_cold
dronbreen-20220329-DAT_0234_A1_1,2015.0,540019.96,8670999.1,544.416,433.946,0.0,433.946,0.0,0.0,2.225,certain_cold
dronbreen-20220329-DAT_0234_A1_1,2020.0,540016.54,8670996.03,544.715,434.245,0.0,434.245,0.0,0.0,2.225,certain_cold
dronbreen-20220329-DAT_0234_A1_1,2025.0,540013.0,8670992.62,545.02,434.758,0.0,434.758,0.0,0.0,2.221,certain_cold
dronbreen-20220329-DAT_0234_A1_1,2030.0,540009.94,8670989.32,545.325,435.168,0.0,435.168,0.0,0.0,2.219,certain_cold
dronbreen-20220329-DAT_0234_A1_1,2035.0,540005.97,8670985.01,545.741,435.896,0.0,435.896,0.0,0.0,2.213,certain_cold
dronbreen-20220329-DAT_0234_A1_1,2040.0,540002.91,8670981.66,546.081,436.653,0.0,436.653,0.0,0.0,2.205,certain_cold
dronbreen-20220329-DAT_0234_A1_1,2045.0,539999.8,8670978.35,546.461,437.45,0.0,437.45,0.0,0.0,2.196,certain_cold
dronbreen-20220329-DAT_0234_A1_1,2050.0,539995.66,8670974.19,546.972,438.274,0.0,438.274,0.0,0.0,2.19,certain_cold
dronbreen-20220329-DAT_0234_A1_1,2055.0,539992.15,8670970.8,547.416,438.822,0.0,438.822,0.0,0.0,2.188,certain_cold
dronbreen-20220329-DAT_0234_A1_1,2060.0,539988.52,8670967.34,547.896,439.719,0.0,439.719,0.0,0.0,2.18,certain_cold
dronbreen-20220329-DAT_0234_A1_1,2065.0,539984.72,8670963.82,548.436,440.259,0.0,440.259,0.0,0.0,2.18,certain_cold
dronbreen-20220329-DAT_0234_A1_1,2070.0,539981.21,8670960.5,548.968,440.895,0.0,440.895,0.0,0.0,2.178,certain_cold
dronbreen-20220329-DAT_0234_A1_1,2075.0,539977.37,8670956.84,549.574,441.501,0.0,441.501,0.0,0.0,2.178,certain_cold
dronbreen-20220329-DAT_0234_A1_1,2080.0,539974.33,8670953.65,550.078,442.005,0.0,442.005,0.0,0.0,2.178,certain_cold
dronbreen-20220329-DAT_0234_A1_1,2085.0,539970.67,8670949.69,550.692,442.723,0.0,442.723,0.0,0.0,2.176,certain_cold
dronbreen-20220329-DAT_0234_A1_1,2090.0,539967.22,8670945.9,551.266,443.505,0.0,443.505,0.0,0.0,2.172,certain_cold
dronbreen-20220329-DAT_0234_A1_1,2095.0,539964.15,8670942.36,551.781,444.229,0.0,444.229,0.0,0.0,2.169,certain_cold
dronbreen-20220329-DAT_0234_A1_1,2100.0,539961.21,8670938.95,552.251,444.908,0.0,444.908,0.0,0.0,2.169,certain_cold
dronbreen-20220329-DAT_0234_A1_1,2105.0,539957.4,8670934.53,552.882,445.747,0.0,445.747,0.0,0.0,2.163,certain_cold
dronbreen-20220329-DAT_0234_A1_1,2110.0,539954.23,8670930.72,553.412,446.694,0.0,446.694,0.0,0.0,2.157,certain_cold
dronbreen-20220329-DAT_0234_A1_1,2115.0,539951.4,8670927.38,553.645,447.135,0.0,447.135,0.0,0.0,2.149,certain_cold
dronbreen-20220329-DAT_0234_A1_1,2120.0,539947.76,8670923.27,553.371,447.799,0.0,447.799,0.0,0.0,2.116,certain_cold
dronbreen-20220329-DAT_0234_A1_1,2125.0,539944.35,8670919.2,554.042,449.303,0.0,449.303,0.0,0.0,2.097,certain_cold
dronbreen-20220329-DAT_0234_A1_1,2130.0,539941.76,8670916.14,554.568,450.663,0.0,450.663,0.0,0.0,2.083,certain_cold
dronbreen-20220329-DAT_0234_A1_1,2135.0,539938.27,8670912.07,555.292,452.534,0.0,452.534,0.0,0.0,2.064,certain_cold
dronbreen-20220329-DAT_0234_A1_1,2140.0,539935.13,8670908.01,556.201,454.485,0.0,454.485,0.0,0.0,2.047,certain_cold
dronbreen-20220329-DAT_0234_A1_1,2145.0,539932.35,8670904.39,556.958,456.389,0.0,456.389,0.0,0.0,2.025,certain_cold
dronbreen-20220329-DAT_0234_A1_1,2150.0,539928.97,8670900.07,557.285,457.549,0.0,457.549,0.0,0.0,2.002,certain_cold
dronbreen-20220329-DAT_0234_A1_1,2155.0,539926.0,8670896.39,557.62,458.509,0.0,458.509,0.0,0.0,2.0,certain_cold
dronbreen-20220329-DAT_0234_A1_1,2160.0,539923.13,8670892.39,558.009,459.732,0.0,459.732,0.0,0.0,1.983,certain_cold
dronbreen-20220329-DAT_0234_A1_1,2165.0,539920.22,8670888.4,558.546,461.103,0.0,461.103,0.0,0.0,1.967,certain_cold
dronbreen-20220329-DAT_0234_A1_1,2170.0,539916.97,8670884.45,559.248,462.534,0.0,462.534,0.0,0.0,1.95,certain_cold
dronbreen-20220329-DAT_0234_A1_1,2175.0,539913.48,8670880.1,560.061,464.077,0.0,464.077,0.0,0.0,1.934,certain_cold
dronbreen-20220329-DAT_0234_A1_1,2180.0,539910.44,8670876.2,560.779,465.316,0.0,465.316,0.0,0.0,1.928,certain_cold
dronbreen-20220329-DAT_0234_A1_1,2185.0,539907.65,8670872.39,561.423,466.169,0.0,466.169,0.0,0.0,1.924,certain_cold
dronbreen-20220329-DAT_0234_A1_1,2190.0,539904.73,8670868.07,562.013,467.384,0.0,467.384,0.0,0.0,1.917,certain_cold
dronbreen-20220329-DAT_0234_A1_1,2195.0,539902.04,8670864.39,562.505,468.188,0.0,468.188,0.0,0.0,1.911,certain_cold
dronbreen-20220329-DAT_0234_A1_1,2200.0,539899.17,8670860.79,562.982,468.874,0.0,468.874,0.0,0.0,1.901,certain_cold
dronbreen-20220329-DAT_0234_A1_1,2205.0,539895.59,8670855.85,563.586,469.791,0.0,469.791,0.0,0.0,1.897,certain_cold
dronbreen-20220329-DAT_0234_A1_1,2210.0,539892.6,8670852.04,564.042,471.498,0.0,471.498,0.0,0.0,1.872,certain_cold
dronbreen-20220329-DAT_0234_A1_1,2215.0,539889.23,8670848.22,564.714,473.212,0.0,473.212,0.0,0.0,1.855,certain_cold
dronbreen-20220329-DAT_0234_A1_1,2220.0,539886.4,8670844.88,565.188,474.727,0.0,474.727,0.0,0.0,1.837,certain_cold
dronbreen-20220329-DAT_0234_A1_1,2225.0,539883.0,8670840.77,565.689,476.584,0.0,476.584,0.0,0.0,1.812,certain_cold
dronbreen-20220329-DAT_0234_A1_1,2230.0,539880.17,8670837.22,566.078,478.015,0.0,478.015,0.0,0.0,1.794,certain_cold
dronbreen-20220329-DAT_0234_A1_1,2235.0,539877.09,8670832.97,566.533,480.137,0.0,480.137,0.0,0.0,1.75,certain_cold
dronbreen-20220329-DAT_0234_A1_1,2240.0,539873.84,8670828.53,567.188,482.043,0.0,482.043,0.0,0.0,1.726,certain_cold
dronbreen-20220329-DAT_0234_A1_1,2245.0,539871.23,8670824.98,567.707,483.708,0.0,483.708,0.0,0.0,1.701,certain_cold
dronbreen-20220329-DAT_0234_A1_1,2250.0,539868.63,8670821.24,568.13,485.069,0.0,485.069,0.0,0.0,1.682,certain_cold
dronbreen-20220329-DAT_0234_A1_1,2255.0,539865.11,8670816.61,568.892,486.977,0.0,486.977,0.0,0.0,1.662,certain_cold
dronbreen-20220329-DAT_0234_A1_1,2260.0,539862.44,8670813.34,569.166,487.46,0.0,487.46,0.0,0.0,1.656,uncertain_cold
dronbreen-20220329-DAT_0234_A1_1,2265.0,539858.86,8670809.11,569.606,488.421,0.0,488.421,0.0,0.0,1.645,uncertain_cold
dronbreen-20220329-DAT_0234_A1_1,2270.0,539855.69,8670805.54,570.08,488.895,0.0,488.895,0.0,0.0,1.645,uncertain_cold
dronbreen-20220329-DAT_0234_A1_1,2275.0,539852.3,8670801.53,570.595,489.305,0.0,489.305,0.0,0.0,1.647,uncertain_cold
dronbreen-20220329-DAT_0234_A1_1,2280.0,539849.16,8670797.98,571.081,489.896,0.0,489.896,0.0,0.0,1.645,certain_cold
dronbreen-20220329-DAT_0234_A1_1,2285.0,539845.67,8670794.14,571.622,490.332,0.0,490.332,0.0,0.0,1.647,certain_cold
dronbreen-20220329-DAT_0234_A1_1,2290.0,539842.47,8670790.69,572.127,490.733,0.0,490.733,0.0,0.0,1.649,certain_cold
dronbreen-20220329-DAT_0234_A1_1,2295.0,539838.71,8670786.49,572.72,491.223,0.0,491.223,0.0,0.0,1.651,certain_cold
dronbreen-20220329-DAT_0234_A1_1,2300.0,539835.72,8670782.87,573.15,491.34,0.0,491.34,0.0,0.0,1.66,certain_cold
dronbreen-20220329-DAT_0234_A1_1,2305.0,539832.61,8670779.18,573.566,491.443,0.0,491.443,0.0,0.0,1.664,certain_cold
dronbreen-20220329-DAT_0234_A1_1,2310.0,539829.47,8670775.3,574.193,491.445,0.0,491.445,0.0,0.0,1.676,certain_cold
dronbreen-20220329-DAT_0234_A1_1,2315.0,539826.7,8670771.37,574.703,491.225,0.0,491.225,0.0,0.0,1.691,certain_cold
dronbreen-20220329-DAT_0234_A1_1,2320.0,539823.02,8670766.8,575.252,490.836,0.0,490.836,0.0,0.0,1.709,certain_cold
dronbreen-20220329-DAT_0234_A1_1,2325.0,539819.87,8670762.86,575.664,490.831,0.0,490.831,0.0,0.0,1.717,certain_cold
dronbreen-20220329-DAT_0234_A1_1,2330.0,539817.38,8670759.68,575.983,490.733,0.0,490.733,0.0,0.0,1.726,certain_cold
dronbreen-20220329-DAT_0234_A1_1,2335.0,539813.93,8670755.55,576.403,489.902,0.0,489.902,0.0,0.0,1.75,certain_cold
dronbreen-20220329-DAT_0234_A1_1,2340.0,539810.69,8670751.3,576.515,489.181,0.0,489.181,0.0,0.0,1.767,certain_cold
dronbreen-20220329-DAT_0234_A1_1,2345.0,539807.54,8670747.36,576.669,488.71,0.0,488.71,0.0,0.0,1.779,certain_cold
dronbreen-20220329-DAT_0234_A1_1,2350.0,539804.92,8670744.04,576.956,488.163,0.0,488.163,0.0,0.0,1.796,certain_cold
dronbreen-20220329-DAT_0234_A1_1,2355.0,539801.81,8670740.16,577.299,487.36,0.0,487.36,0.0,0.0,1.818,certain_cold
dronbreen-20220329-DAT_0234_A1_1,2360.0,539798.25,8670736.1,577.665,486.683,0.0,486.683,0.0,0.0,1.839,certain_cold
dronbreen-20220329-DAT_0234_A1_1,2365.0,539795.17,8670732.11,577.986,486.066,0.0,486.066,0.0,0.0,1.857,certain_cold
dronbreen-20220329-DAT_0234_A1_1,2370.0,539792.11,8670728.37,578.288,485.951,0.0,485.951,0.0,0.0,1.874,certain_cold
dronbreen-20220329-DAT_0234_A1_1,2375.0,539788.65,8670724.02,578.644,485.161,0.0,485.161,0.0,0.0,1.888,certain_cold
dronbreen-20220329-DAT_0234_A1_1,2380.0,539785.66,8670720.29,578.963,485.064,0.0,485.064,0.0,0.0,1.897,certain_cold
dronbreen-20220329-DAT_0234_A1_1,2385.0,539782.57,8670716.47,579.303,484.882,0.0,484.882,0.0,0.0,1.907,certain_cold
dronbreen-20220329-DAT_0234_A1_1,2390.0,539779.2,8670712.56,579.685,484.43,0.0,484.43,0.0,0.0,1.924,certain_cold
dronbreen-20220329-DAT_0234_A1_1,2395.0,539776.21,8670709.12,579.998,484.327,0.0,484.327,0.0,0.0,1.932,certain_cold
dronbreen-20220329-DAT_0234_A1_1,2400.0,539773.02,8670705.4,580.344,484.047,0.0,484.047,0.0,0.0,1.944,certain_cold
dronbreen-20220329-DAT_0234_A1_1,2405.0,539769.83,8670701.71,580.697,483.879,0.0,483.879,0.0,0.0,1.952,certain_cold
dronbreen-20220329-DAT_0234_A1_1,2410.0,539766.13,8670697.43,580.956,483.513,0.0,483.513,0.0,0.0,1.963,certain_cold
dronbreen-20220329-DAT_0234_A1_1,2415.0,539763.17,8670693.85,581.312,483.348,0.0,483.348,0.0,0.0,1.975,certain_cold
dronbreen-20220329-DAT_0234_A1_1,2420.0,539760.29,8670690.38,581.449,482.964,0.0,482.964,0.0,0.0,1.988,certain_cold
dronbreen-20220329-DAT_0234_A1_1,2425.0,539756.97,8670686.5,581.451,482.549,0.0,482.549,0.0,0.0,1.996,certain_cold
dronbreen-20220329-DAT_0234_A1_1,2430.0,539753.39,8670682.21,581.648,482.225,0.0,482.225,0.0,0.0,2.006,certain_cold
dronbreen-20220329-DAT_0234_A1_1,2435.0,539750.51,8670678.99,581.828,482.092,0.0,482.092,0.0,0.0,2.012,certain_cold
dronbreen-20220329-DAT_0234_A1_1,2440.0,539746.43,8670674.57,582.145,482.096,0.0,482.096,0.0,0.0,2.019,certain_cold
dronbreen-20220329-DAT_0234_A1_1,2445.0,539743.48,8670671.19,582.39,482.029,0.0,482.029,0.0,0.0,2.025,certain_cold
dronbreen-20220329-DAT_0234_A1_1,2450.0,539740.08,8670667.35,582.665,481.887,0.0,481.887,0.0,0.0,2.035,certain_cold
dronbreen-20220329-DAT_0234_A1_1,2455.0,539736.81,8670663.58,582.927,481.94,0.0,481.94,0.0,0.0,2.041,certain_cold
dronbreen-20220329-DAT_0234_A1_1,2460.0,539733.36,8670659.66,583.164,481.761,0.0,481.761,0.0,0.0,2.05,certain_cold
dronbreen-20220329-DAT_0234_A1_1,2465.0,539730.45,8670656.21,583.351,481.531,0.0,481.531,0.0,0.0,2.058,certain_cold
dronbreen-20220329-DAT_0234_A1_1,2470.0,539727.32,8670652.44,583.551,481.314,0.0,481.314,0.0,0.0,2.062,certain_cold
dronbreen-20220329-DAT_0234_A1_1,2475.0,539724.25,8670648.88,583.76,481.315,0.0,481.315,0.0,0.0,2.068,certain_cold
dronbreen-20220329-DAT_0234_A1_1,2480.0,539720.33,8670644.54,584.044,481.077,0.0,481.077,0.0,0.0,2.076,certain_cold
dronbreen-20220329-DAT_0234_A1_1,2485.0,539717.31,8670640.86,584.264,481.193,0.0,481.193,0.0,0.0,2.081,certain_cold
dronbreen-20220329-DAT_0234_A1_1,2490.0,539714.23,8670637.04,584.479,481.095,0.0,481.095,0.0,0.0,2.085,certain_cold
dronbreen-20220329-DAT_0234_A1_1,2495.0,539710.96,8670633.16,584.678,480.982,0.0,480.982,0.0,0.0,2.091,certain_cold
dronbreen-20220329-DAT_0234_A1_1,2500.0,539707.73,8670629.22,584.858,480.849,0.0,480.849,0.0,0.0,2.097,certain_cold
dronbreen-20220329-DAT_0234_A1_1,2505.0,539704.59,8670625.6,585.036,480.819,0.0,480.819,0.0,0.0,2.101,certain_cold
dronbreen-20220329-DAT_0234_A1_1,2510.0,539701.44,8670621.78,585.222,480.901,0.0,480.901,0.0,0.0,2.103,certain_cold
dronbreen-20220329-DAT_0234_A1_1,2515.0,539698.15,8670617.96,585.413,480.883,0.0,480.883,0.0,0.0,2.107,certain_cold
dronbreen-20220329-DAT_0234_A1_1,2520.0,539694.69,8670613.95,585.592,480.75,0.0,480.75,0.0,0.0,2.114,certain_cold
dronbreen-20220329-DAT_0234_A1_1,2525.0,539691.1,8670610.06,585.754,480.703,0.0,480.703,0.0,0.0,2.118,certain_cold
dronbreen-20220329-DAT_0234_A1_1,2530.0,539688.0,8670606.5,585.897,480.637,0.0,480.637,0.0,0.0,2.122,certain_cold
dronbreen-20220329-DAT_0234_A1_1,2535.0,539685.24,8670603.23,586.038,480.674,0.0,480.674,0.0,0.0,2.124,certain_cold
dronbreen-20220329-DAT_0234_A1_1,2540.0,539681.59,8670598.87,586.232,480.66,0.0,480.66,0.0,0.0,2.128,certain_cold
dronbreen-20220329-DAT_0234_A1_1,2545.0,539678.5,8670595.05,586.426,480.646,0.0,480.646,0.0,0.0,2.132,certain_cold
dronbreen-20220329-DAT_0234_A1_1,2550.0,539675.47,8670591.12,586.611,480.727,0.0,480.727,0.0,0.0,2.134,certain_cold
dronbreen-20220329-DAT_0234_A1_1,2555.0,539672.3,8670587.24,586.797,480.704,0.0,480.704,0.0,0.0,2.138,certain_cold
dronbreen-20220329-DAT_0234_A1_1,2560.0,539669.44,8670583.86,586.965,480.664,0.0,480.664,0.0,0.0,2.143,certain_cold
dronbreen-20220329-DAT_0234_A1_1,2565.0,539665.69,8670579.29,587.184,480.675,0.0,480.675,0.0,0.0,2.147,certain_cold
dronbreen-20220329-DAT_0234_A1_1,2570.0,539662.47,8670575.6,587.567,480.953,0.0,480.953,0.0,0.0,2.149,certain_cold
dronbreen-20220329-DAT_0234_A1_1,2575.0,539659.4,8670572.28,587.761,480.939,0.0,480.939,0.0,0.0,2.153,certain_cold
dronbreen-20220329-DAT_0234_A1_1,2580.0,539655.93,8670568.58,587.968,481.041,0.0,481.041,0.0,0.0,2.155,certain_cold
dronbreen-20220329-DAT_0234_A1_1,2585.0,539652.63,8670565.07,588.061,481.03,0.0,481.03,0.0,0.0,2.157,certain_cold
dronbreen-20220329-DAT_0234_A1_1,2590.0,539649.01,8670561.25,588.062,480.823,0.0,480.823,0.0,0.0,2.161,certain_cold
dronbreen-20220329-DAT_0234_A1_1,2595.0,539645.74,8670557.61,588.266,480.923,0.0,480.923,0.0,0.0,2.163,certain_cold
dronbreen-20220329-DAT_0234_A1_1,2600.0,539642.24,8670553.98,588.776,481.433,0.0,481.433,0.0,0.0,2.163,certain_cold
dronbreen-20220329-DAT_0234_A1_1,2605.0,539638.5,8670550.42,588.954,481.402,0.0,481.402,0.0,0.0,2.167,certain_cold
dronbreen-20220329-DAT_0234_A1_1,2610.0,539634.97,8670546.69,589.129,481.473,0.0,481.473,0.0,0.0,2.169,certain_cold
dronbreen-20220329-DAT_0234_A1_1,2615.0,539631.78,8670543.19,589.481,481.616,0.0,481.616,0.0,0.0,2.174,certain_cold
dronbreen-20220329-DAT_0234_A1_1,2620.0,539628.56,8670539.87,589.758,481.789,0.0,481.789,0.0,0.0,2.176,certain_cold
dronbreen-20220329-DAT_0234_A1_1,2625.0,539625.12,8670536.19,589.791,481.51,0.0,481.51,0.0,0.0,2.182,certain_cold
dronbreen-20220329-DAT_0234_A1_1,2630.0,539621.38,8670532.2,589.83,481.34,0.0,481.34,0.0,0.0,2.186,certain_cold
dronbreen-20220329-DAT_0234_A1_1,2635.0,539618.34,8670529.08,590.257,481.663,0.0,481.663,0.0,0.0,2.188,certain_cold
dronbreen-20220329-DAT_0234_A1_1,2640.0,539614.77,8670525.07,590.616,481.918,0.0,481.918,0.0,0.0,2.19,certain_cold
dronbreen-20220329-DAT_0234_A1_1,2645.0,539611.27,8670521.34,590.67,481.763,0.0,481.763,0.0,0.0,2.194,certain_cold
dronbreen-20220329-DAT_0234_A1_1,2650.0,539607.75,8670517.88,590.72,481.501,0.0,481.501,0.0,0.0,2.2,certain_cold
dronbreen-20220329-DAT_0234_A1_1,2655.0,539604.3,8670514.53,590.932,481.504,0.0,481.504,0.0,0.0,2.205,certain_cold
dronbreen-20220329-DAT_0234_A1_1,2660.0,539600.24,8670510.56,591.381,481.64,0.0,481.64,0.0,0.0,2.211,certain_cold
dronbreen-20220329-DAT_0234_A1_1,2665.0,539596.47,8670507.22,591.743,481.794,0.0,481.794,0.0,0.0,2.215,certain_cold
dronbreen-20220329-DAT_0234_A1_1,2670.0,539592.59,8670503.89,592.045,481.992,0.0,481.992,0.0,0.0,2.217,certain_cold
dronbreen-20220329-DAT_0234_A1_1,2675.0,539588.9,8670500.68,592.277,482.015,0.0,482.015,0.0,0.0,2.221,certain_cold
dronbreen-20220329-DAT_0234_A1_1,2680.0,539585.69,8670498.02,592.489,482.019,0.0,482.019,0.0,0.0,2.225,certain_cold
dronbreen-20220329-DAT_0234_A1_1,2685.0,539581.74,8670494.7,592.76,482.081,0.0,482.081,0.0,0.0,2.229,certain_cold
dronbreen-20220329-DAT_0234_A1_1,2690.0,539577.93,8670491.11,593.044,482.157,0.0,482.157,0.0,0.0,2.234,certain_cold
dronbreen-20220329-DAT_0234_A1_1,2695.0,539574.23,8670487.53,593.312,482.217,0.0,482.217,0.0,0.0,2.238,certain_cold
dronbreen-20220329-DAT_0234_A1_1,2700.0,539570.89,8670483.96,593.564,482.26,0.0,482.26,0.0,0.0,2.242,certain_cold
dronbreen-20220329-DAT_0234_A1_1,2705.0,539567.53,8670480.32,593.815,482.303,0.0,482.303,0.0,0.0,2.246,certain_cold
dronbreen-20220329-DAT_0234_A1_1,2710.0,539563.91,8670476.62,594.082,482.361,0.0,482.361,0.0,0.0,2.25,certain_cold
dronbreen-20220329-DAT_0234_A1_1,2715.0,539560.05,8670473.03,594.367,482.438,0.0,482.438,0.0,0.0,2.254,certain_cold
dronbreen-20220329-DAT_0234_A1_1,2720.0,539556.31,8670469.45,594.65,482.512,0.0,482.512,0.0,0.0,2.258,certain_cold
dronbreen-20220329-DAT_0234_A1_1,2725.0,539552.82,8670465.75,594.921,482.575,0.0,482.575,0.0,0.0,2.263,certain_cold
dronbreen-20220329-DAT_0234_A1_1,2730.0,539550.17,8670462.75,595.117,482.563,0.0,482.563,0.0,0.0,2.267,certain_cold
dronbreen-20220329-DAT_0234_A1_1,2735.0,539547.18,8670458.88,595.349,482.481,0.0,482.481,0.0,0.0,2.273,certain_cold
dronbreen-20220329-DAT_0234_A1_1,2740.0,539543.87,8670454.93,595.603,482.423,0.0,482.423,0.0,0.0,2.279,certain_cold
dronbreen-20220329-DAT_0234_A1_1,2745.0,539540.1,8670450.67,595.895,482.298,0.0,482.298,0.0,0.0,2.287,certain_cold
dronbreen-20220329-DAT_0234_A1_1,2750.0,539537.42,8670447.34,596.118,482.313,0.0,482.313,0.0,0.0,2.292,certain_cold
dronbreen-20220329-DAT_0234_A1_1,2755.0,539534.06,8670443.55,596.397,482.175,0.0,482.175,0.0,0.0,2.3,certain_cold
dronbreen-20220329-DAT_0234_A1_1,2760.0,539530.17,8670439.38,596.741,482.102,0.0,482.102,0.0,0.0,2.308,certain_cold
dronbreen-20220329-DAT_0234_A1_1,2765.0,539527.02,8670435.9,597.022,482.175,0.0,482.175,0.0,0.0,2.312,certain_cold
dronbreen-20220329-DAT_0234_A1_1,2770.0,539523.61,8670431.95,597.342,482.182,0.0,482.182,0.0,0.0,2.318,certain_cold
dronbreen-20220329-DAT_0234_A1_1,2775.0,539520.79,8670429.08,597.612,482.139,0.0,482.139,0.0,0.0,2.325,certain_cold
dronbreen-20220329-DAT_0234_A1_1,2780.0,539516.78,8670425.24,597.998,482.109,0.0,482.109,0.0,0.0,2.333,certain_cold
dronbreen-20220329-DAT_0234_A1_1,2785.0,539513.05,8670421.66,598.386,482.184,0.0,482.184,0.0,0.0,2.339,certain_cold
dronbreen-20220329-DAT_0234_A1_1,2790.0,539509.07,8670417.94,598.806,482.396,0.0,482.396,0.0,0.0,2.343,certain_cold
dronbreen-20220329-DAT_0234_A1_1,2795.0,539505.71,8670414.82,599.157,482.434,0.0,482.434,0.0,0.0,2.35,certain_cold
dronbreen-20220329-DAT_0234_A1_1,2800.0,539502.27,8670411.23,599.514,482.478,0.0,482.478,0.0,0.0,2.356,certain_cold
dronbreen-20220329-DAT_0234_A1_1,2805.0,539499.1,8670407.42,599.816,482.467,0.0,482.467,0.0,0.0,2.362,certain_cold
dronbreen-20220329-DAT_0234_A1_1,2810.0,539496.12,8670403.87,600.109,482.448,0.0,482.448,0.0,0.0,2.368,certain_cold
dronbreen-20220329-DAT_0234_A1_1,2815.0,539493.01,8670399.79,600.424,482.45,0.0,482.45,0.0,0.0,2.374,certain_cold
dronbreen-20220329-DAT_0234_A1_1,2820.0,539489.79,8670396.04,600.744,482.354,0.0,482.354,0.0,0.0,2.383,certain_cold
dronbreen-20220329-DAT_0234_A1_1,2825.0,539486.27,8670392.11,601.08,482.377,0.0,482.377,0.0,0.0,2.389,certain_cold
dronbreen-20220329-DAT_0234_A1_1,2830.0,539482.9,8670388.7,601.372,482.356,0.0,482.356,0.0,0.0,2.395,certain_cold
dronbreen-20220329-DAT_0234_A1_1,2835.0,539479.48,8670385.52,601.664,482.335,0.0,482.335,0.0,0.0,2.401,certain_cold
dronbreen-20220329-DAT_0234_A1_1,2840.0,539475.81,8670382.23,601.986,482.449,0.0,482.449,0.0,0.0,2.405,certain_cold
dronbreen-20220329-DAT_0234_A1_1,2845.0,539471.25,8670378.41,602.425,482.575,0.0,482.575,0.0,0.0,2.412,certain_cold
dronbreen-20220329-DAT_0234_A1_1,2850.0,539467.48,8670375.23,602.801,482.638,0.0,482.638,0.0,0.0,2.418,certain_cold
dronbreen-20220329-DAT_0234_A1_1,2855.0,539464.45,8670372.53,603.123,482.648,0.0,482.648,0.0,0.0,2.424,certain_cold
dronbreen-20220329-DAT_0234_A1_1,2860.0,539460.36,8670368.94,603.544,482.652,0.0,482.652,0.0,0.0,2.432,certain_cold
dronbreen-20220329-DAT_0234_A1_1,2865.0,539456.27,8670365.34,603.962,482.758,0.0,482.758,0.0,0.0,2.439,certain_cold
dronbreen-20220329-DAT_0234_A1_1,2870.0,539453.26,8670362.53,604.266,482.853,0.0,482.853,0.0,0.0,2.443,certain_cold
dronbreen-20220329-DAT_0234_A1_1,2875.0,539449.27,8670358.88,604.657,483.035,0.0,483.035,0.0,0.0,2.449,certain_cold
dronbreen-20220329-DAT_0234_A1_1,2880.0,539445.33,8670355.1,605.058,483.02,0.0,483.02,0.0,0.0,2.455,certain_cold
dronbreen-20220329-DAT_0234_A1_1,2885.0,539441.99,8670352.06,605.401,483.05,0.0,483.05,0.0,0.0,2.461,certain_cold
dronbreen-20220329-DAT_0234_A1_1,2890.0,539437.72,8670348.3,605.85,483.187,0.0,483.187,0.0,0.0,2.468,certain_cold
dronbreen-20220329-DAT_0234_A1_1,2895.0,539434.05,8670344.97,606.258,483.177,0.0,483.177,0.0,0.0,2.476,certain_cold
dronbreen-20220329-DAT_0234_A1_1,2900.0,539430.34,8670341.51,606.67,483.277,0.0,483.277,0.0,0.0,2.482,certain_cold
dronbreen-20220329-DAT_0234_A1_1,2905.0,539426.59,8670337.93,607.069,483.468,0.0,483.468,0.0,0.0,2.488,certain_cold
dronbreen-20220329-DAT_0234_A1_1,2910.0,539423.79,8670335.15,607.331,483.417,0.0,483.417,0.0,0.0,2.495,certain_cold
dronbreen-20220329-DAT_0234_A1_1,2915.0,539420.04,8670331.47,607.68,483.349,0.0,483.349,0.0,0.0,2.501,certain_cold
dronbreen-20220329-DAT_0234_A1_1,2920.0,539416.15,8670327.76,608.029,483.385,0.0,483.385,0.0,0.0,2.507,certain_cold
dronbreen-20220329-DAT_0234_A1_1,2925.0,539412.26,8670324.11,608.395,483.438,0.0,483.438,0.0,0.0,2.513,certain_cold
dronbreen-20220329-DAT_0234_A1_1,2930.0,539409.42,8670321.24,608.703,483.434,0.0,483.434,0.0,0.0,2.519,certain_cold
dronbreen-20220329-DAT_0234_A1_1,2935.0,539405.51,8670317.4,609.142,483.456,0.0,483.456,0.0,0.0,2.528,certain_cold
dronbreen-20220329-DAT_0234_A1_1,2940.0,539402.13,8670314.08,609.52,483.522,0.0,483.522,0.0,0.0,2.534,certain_cold
dronbreen-20220329-DAT_0234_A1_1,2945.0,539398.65,8670310.5,609.897,483.586,0.0,483.586,0.0,0.0,2.54,certain_cold
dronbreen-20220329-DAT_0234_A1_1,2950.0,539395.42,8670306.99,610.211,483.484,0.0,483.484,0.0,0.0,2.548,certain_cold
dronbreen-20220329-DAT_0234_A1_1,2955.0,539391.49,8670302.66,610.542,483.501,0.0,483.501,0.0,0.0,2.555,certain_cold
dronbreen-20220329-DAT_0234_A1_1,2960.0,539388.39,8670299.16,610.791,483.438,0.0,483.438,0.0,0.0,2.561,certain_cold
dronbreen-20220329-DAT_0234_A1_1,2965.0,539385.09,8670295.64,611.058,483.288,0.0,483.288,0.0,0.0,2.569,certain_cold
dronbreen-20220329-DAT_0234_A1_1,2970.0,539381.61,8670291.86,611.379,483.296,0.0,483.296,0.0,0.0,2.575,certain_cold
dronbreen-20220329-DAT_0234_A1_1,2975.0,539378.11,8670287.94,611.754,483.254,0.0,483.254,0.0,0.0,2.584,certain_cold
dronbreen-20220329-DAT_0234_A1_1,2980.0,539374.7,8670284.12,612.154,483.341,0.0,483.341,0.0,0.0,2.59,certain_cold
dronbreen-20220329-DAT_0234_A1_1,2985.0,539371.53,8670280.58,612.522,483.397,0.0,483.397,0.0,0.0,2.596,certain_cold
dronbreen-20220329-DAT_0234_A1_1,2990.0,539368.05,8670276.67,612.914,483.268,0.0,483.268,0.0,0.0,2.606,certain_cold
dronbreen-20220329-DAT_0234_A1_1,2995.0,539364.89,8670273.23,613.247,483.288,0.0,483.288,0.0,0.0,2.613,certain_cold
dronbreen-20220329-DAT_0234_A1_1,3000.0,539361.28,8670269.26,613.589,483.213,0.0,483.213,0.0,0.0,2.621,certain_cold
dronbreen-20220329-DAT_0234_A1_1,3005.0,539358.21,8670266.03,613.874,483.082,0.0,483.082,0.0,0.0,2.629,certain_cold
dronbreen-20220329-DAT_0234_A1_1,3010.0,539354.99,8670262.7,614.186,483.081,0.0,483.081,0.0,0.0,2.636,certain_cold
dronbreen-20220329-DAT_0234_A1_1,3015.0,539351.11,8670258.77,614.578,482.951,0.0,482.951,0.0,0.0,2.646,certain_cold
dronbreen-20220329-DAT_0234_A1_1,3020.0,539348.05,8670255.43,614.896,482.853,0.0,482.853,0.0,0.0,2.654,certain_cold
dronbreen-20220329-DAT_0234_A1_1,3025.0,539344.17,8670251.3,615.297,482.837,0.0,482.837,0.0,0.0,2.662,certain_cold
dronbreen-20220329-DAT_0234_A1_1,3030.0,539341.02,8670247.97,615.617,482.949,0.0,482.949,0.0,0.0,2.667,certain_cold
dronbreen-20220329-DAT_0234_A1_1,3035.0,539337.08,8670243.9,615.995,482.91,0.0,482.91,0.0,0.0,2.675,certain_cold
dronbreen-20220329-DAT_0234_A1_1,3040.0,539333.65,8670240.49,616.31,482.912,0.0,482.912,0.0,0.0,2.681,certain_cold
dronbreen-20220329-DAT_0234_A1_1,3045.0,539330.44,8670237.21,616.596,482.781,0.0,482.781,0.0,0.0,2.689,certain_cold
dronbreen-20220329-DAT_0234_A1_1,3050.0,539326.72,8670233.25,616.926,482.695,0.0,482.695,0.0,0.0,2.698,certain_cold
dronbreen-20220329-DAT_0234_A1_1,3055.0,539323.37,8670229.59,617.226,482.682,0.0,482.682,0.0,0.0,2.704,certain_cold
dronbreen-20220329-DAT_0234_A1_1,3060.0,539319.72,8670225.94,617.532,482.675,0.0,482.675,0.0,0.0,2.71,certain_cold
dronbreen-20220329-DAT_0234_A1_1,3065.0,539316.65,8670222.69,617.796,482.522,0.0,482.522,0.0,0.0,2.718,certain_cold
dronbreen-20220329-DAT_0234_A1_1,3070.0,539312.9,8670218.86,618.123,482.433,0.0,482.433,0.0,0.0,2.727,certain_cold
dronbreen-20220329-DAT_0234_A1_1,3075.0,539309.76,8670215.33,618.418,482.31,0.0,482.31,0.0,0.0,2.735,certain_cold
dronbreen-20220329-DAT_0234_A1_1,3080.0,539306.1,8670211.4,618.746,482.117,0.0,482.117,0.0,0.0,2.745,certain_cold
dronbreen-20220329-DAT_0234_A1_1,3085.0,539302.67,8670207.77,619.033,481.988,0.0,481.988,0.0,0.0,2.754,certain_cold
dronbreen-20220329-DAT_0234_A1_1,3090.0,539299.43,8670204.01,619.283,481.925,0.0,481.925,0.0,0.0,2.76,certain_cold
dronbreen-20220329-DAT_0234_A1_1,3095.0,539296.44,8670200.75,619.518,481.743,0.0,481.743,0.0,0.0,2.768,certain_cold
dronbreen-20220329-DAT_0234_A1_1,3100.0,539292.93,8670197.06,619.804,481.716,0.0,481.716,0.0,0.0,2.774,certain_cold
dronbreen-20220329-DAT_0234_A1_1,3105.0,539289.3,8670193.33,620.142,481.533,0.0,481.533,0.0,0.0,2.785,certain_cold
dronbreen-20220329-DAT_0234_A1_1,3110.0,539285.59,8670189.41,620.481,481.455,0.0,481.455,0.0,0.0,2.793,certain_cold
dronbreen-20220329-DAT_0234_A1_1,3115.0,539282.15,8670185.58,620.766,481.323,0.0,481.323,0.0,0.0,2.801,certain_cold
dronbreen-20220329-DAT_0234_A1_1,3120.0,539279.5,8670182.72,620.966,481.211,0.0,481.211,0.0,0.0,2.808,certain_cold
dronbreen-20220329-DAT_0234_A1_1,3125.0,539275.93,8670178.89,621.244,481.072,0.0,481.072,0.0,0.0,2.816,certain_cold
dronbreen-20220329-DAT_0234_A1_1,3130.0,539272.38,8670175.06,621.541,480.953,0.0,480.953,0.0,0.0,2.824,certain_cold
dronbreen-20220329-DAT_0234_A1_1,3135.0,539268.91,8670171.24,621.855,480.953,0.0,480.953,0.0,0.0,2.833,certain_cold
dronbreen-20220329-DAT_0234_A1_1,3140.0,539265.33,8670167.48,622.153,480.835,0.0,480.835,0.0,0.0,2.841,certain_cold
dronbreen-20220329-DAT_0234_A1_1,3145.0,539261.77,8670163.78,622.428,480.693,0.0,480.693,0.0,0.0,2.849,certain_cold
dronbreen-20220329-DAT_0234_A1_1,3150.0,539258.03,8670160.19,622.686,480.534,0.0,480.534,0.0,0.0,2.857,certain_cold
dronbreen-20220329-DAT_0234_A1_1,3155.0,539254.78,8670156.97,622.913,480.344,0.0,480.344,0.0,0.0,2.866,certain_cold
dronbreen-20220329-DAT_0234_A1_1,3160.0,539251.61,8670153.62,623.172,480.29,0.0,480.29,0.0,0.0,2.872,certain_cold
dronbreen-20220329-DAT_0234_A1_1,3165.0,539247.98,8670149.79,623.516,480.114,0.0,480.114,0.0,0.0,2.882,certain_cold
dronbreen-20220329-DAT_0234_A1_1,3170.0,539244.4,8670145.9,623.876,480.057,0.0,480.057,0.0,0.0,2.889,certain_cold
dronbreen-20220329-DAT_0234_A1_1,3175.0,539241.31,8670142.43,624.166,479.93,0.0,479.93,0.0,0.0,2.897,certain_cold
dronbreen-20220329-DAT_0234_A1_1,3180.0,539238.14,8670139.08,624.42,479.871,0.0,479.871,0.0,0.0,2.905,certain_cold
dronbreen-20220329-DAT_0234_A1_1,3185.0,539234.54,8670135.63,624.692,479.726,0.0,479.726,0.0,0.0,2.914,certain_cold
dronbreen-20220329-DAT_0234_A1_1,3190.0,539230.4,8670131.55,625.016,479.633,0.0,479.633,0.0,0.0,2.922,certain_cold
dronbreen-20220329-DAT_0234_A1_1,3195.0,539226.95,8670128.08,625.287,479.383,0.0,479.383,0.0,0.0,2.93,certain_cold
dronbreen-20220329-DAT_0234_A1_1,3200.0,539223.45,8670124.89,625.55,479.437,0.0,479.437,0.0,0.0,2.936,certain_cold
dronbreen-20220329-DAT_0234_A1_1,3205.0,539220.07,8670121.62,625.796,479.371,0.0,479.371,0.0,0.0,2.941,certain_cold
dronbreen-20220329-DAT_0234_A1_1,3210.0,539216.6,8670118.22,626.024,479.182,0.0,479.182,0.0,0.0,2.951,certain_cold
dronbreen-20220329-DAT_0234_A1_1,3215.0,539213.11,8670114.75,626.236,478.977,0.0,478.977,0.0,0.0,2.959,certain_cold
dronbreen-20220329-DAT_0234_A1_1,3220.0,539209.29,8670110.83,626.482,478.91,0.0,478.91,0.0,0.0,2.968,certain_cold
dronbreen-20220329-DAT_0234_A1_1,3225.0,539206.07,8670107.63,626.713,478.829,0.0,478.829,0.0,0.0,2.97,certain_cold
dronbreen-20220329-DAT_0234_A1_1,3230.0,539202.24,8670103.61,627.032,478.835,0.0,478.835,0.0,0.0,2.98,certain_cold
dronbreen-20220329-DAT_0234_A1_1,3235.0,539198.66,8670099.79,627.308,478.695,0.0,478.695,0.0,0.0,2.986,certain_cold
dronbreen-20220329-DAT_0234_A1_1,3240.0,539195.68,8670096.68,627.505,478.579,0.0,478.579,0.0,0.0,2.994,certain_cold
dronbreen-20220329-DAT_0234_A1_1,3245.0,539192.21,8670093.09,627.698,478.459,0.0,478.459,0.0,0.0,3.001,certain_cold
dronbreen-20220329-DAT_0234_A1_1,3250.0,539188.6,8670089.26,627.887,478.127,0.0,478.127,0.0,0.0,3.011,certain_cold
dronbreen-20220329-DAT_0234_A1_1,3255.0,539185.03,8670085.25,627.832,477.655,0.0,477.655,0.0,0.0,3.019,certain_cold
dronbreen-20220329-DAT_0234_A1_1,3260.0,539182.15,8670082.0,627.938,477.448,0.0,477.448,0.0,0.0,3.026,certain_cold
dronbreen-20220329-DAT_0234_A1_1,3265.0,539178.37,8670077.61,628.194,477.287,0.0,477.287,0.0,0.0,3.034,certain_cold
dronbreen-20220329-DAT_0234_A1_1,3270.0,539175.07,8670073.98,628.403,476.872,0.0,476.872,0.0,0.0,3.044,certain_cold
dronbreen-20220329-DAT_0234_A1_1,3275.0,539171.92,8670070.54,628.624,476.779,0.0,476.779,0.0,0.0,3.051,certain_cold
dronbreen-20220329-DAT_0234_A1_1,3280.0,539168.58,8670067.03,628.889,476.732,0.0,476.732,0.0,0.0,3.055,certain_cold
dronbreen-20220329-DAT_0234_A1_1,3285.0,539165.29,8670063.37,629.193,476.619,0.0,476.619,0.0,0.0,3.061,certain_cold
dronbreen-20220329-DAT_0234_A1_1,3290.0,539161.63,8670059.31,629.524,476.43,0.0,476.43,0.0,0.0,3.071,certain_cold
dronbreen-20220329-DAT_0234_A1_1,3295.0,539158.42,8670055.76,629.805,476.085,0.0,476.085,0.0,0.0,3.086,certain_cold
dronbreen-20220329-DAT_0234_A1_1,3300.0,539154.96,8670051.95,630.089,475.848,0.0,475.848,0.0,0.0,3.096,certain_cold
dronbreen-20220329-DAT_0234_A1_1,3305.0,539151.54,8670048.17,630.351,475.485,0.0,475.485,0.0,0.0,3.105,certain_cold
dronbreen-20220329-DAT_0234_A1_1,3310.0,539148.18,8670044.54,630.591,475.204,0.0,475.204,0.0,0.0,3.109,certain_cold
dronbreen-20220329-DAT_0234_A1_1,3315.0,539145.09,8670041.47,630.804,474.999,0.0,474.999,0.0,0.0,3.127,certain_cold
dronbreen-20220329-DAT_0234_A1_1,3320.0,539140.98,8670037.38,631.074,474.749,0.0,474.749,0.0,0.0,3.138,certain_cold
dronbreen-20220329-DAT_0234_A1_1,3325.0,539137.4,8670033.81,631.296,474.553,0.0,474.553,0.0,0.0,3.146,certain_cold
dronbreen-20220329-DAT_0234_A1_1,3330.0,539133.87,8670030.48,631.524,474.26,0.0,474.26,0.0,0.0,3.156,certain_cold
dronbreen-20220329-DAT_0234_A1_1,3335.0,539130.46,8670027.15,631.751,473.966,0.0,473.966,0.0,0.0,3.167,certain_cold
dronbreen-20220329-DAT_0234_A1_1,3340.0,539127.25,8670023.84,631.956,473.547,0.0,473.547,0.0,0.0,3.179,certain_cold
dronbreen-20220329-DAT_0234_A1_1,3345.0,539123.47,8670020.28,632.19,473.051,0.0,473.051,0.0,0.0,3.194,certain_cold
dronbreen-20220329-DAT_0234_A1_1,3350.0,539119.41,8670016.16,632.444,472.784,0.0,472.784,0.0,0.0,3.204,certain_cold
dronbreen-20220329-DAT_0234_A1_1,3355.0,539116.69,8670013.29,632.615,472.538,0.0,472.538,0.0,0.0,3.213,certain_cold
dronbreen-20220329-DAT_0234_A1_1,3360.0,539113.25,8670009.37,632.858,472.364,0.0,472.364,0.0,0.0,3.221,certain_cold
dronbreen-20220329-DAT_0234_A1_1,3365.0,539110.17,8670005.87,633.082,472.067,0.0,472.067,0.0,0.0,3.231,certain_cold
dronbreen-20220329-DAT_0234_A1_1,3370.0,539106.81,8670002.21,633.331,472.003,0.0,472.003,0.0,0.0,3.237,certain_cold
dronbreen-20220329-DAT_0234_A1_1,3375.0,539102.79,8669997.69,633.64,471.999,0.0,471.999,0.0,0.0,3.244,certain_cold
dronbreen-20220329-DAT_0234_A1_1,3380.0,539099.69,8669994.05,633.866,471.808,0.0,471.808,0.0,0.0,3.248,certain_cold
dronbreen-20220329-DAT_0234_A1_1,3385.0,539096.27,8669990.37,634.108,471.53,0.0,471.53,0.0,0.0,3.252,certain_cold
dronbreen-20220329-DAT_0234_A1_1,3390.0,539093.35,8669987.12,634.322,471.534,0.0,471.534,0.0,0.0,3.256,certain_cold
dronbreen-20220329-DAT_0234_A1_1,3395.0,539089.82,8669983.02,634.613,471.513,0.0,471.513,0.0,0.0,3.264,certain_cold
dronbreen-20220329-DAT_0234_A1_1,3400.0,539086.66,8669979.49,634.867,471.559,0.0,471.559,0.0,0.0,3.271,certain_cold
dronbreen-20220329-DAT_0234_A1_1,3405.0,539082.81,8669975.34,635.181,471.664,0.0,471.664,0.0,0.0,3.279,certain_cold
dronbreen-20220329-DAT_0234_A1_1,3410.0,539079.74,8669971.84,635.446,471.826,0.0,471.826,0.0,0.0,3.283,certain_cold
dronbreen-20220329-DAT_0234_A1_1,3415.0,539076.73,8669968.5,635.707,471.982,0.0,471.982,0.0,0.0,3.285,certain_cold
dronbreen-20220329-DAT_0234_A1_1,3420.0,539073.13,8669964.49,635.992,472.267,0.0,472.267,0.0,0.0,3.285,certain_cold
dronbreen-20220329-DAT_0234_A1_1,3425.0,539069.42,8669960.44,636.277,472.448,0.0,472.448,0.0,0.0,3.287,certain_cold
dronbreen-20220329-DAT_0234_A1_1,3430.0,539066.43,8669957.0,636.518,472.689,0.0,472.689,0.0,0.0,3.287,certain_cold
dronbreen-20220329-DAT_0234_A1_1,3435.0,539063.37,8669953.69,636.762,472.828,0.0,472.828,0.0,0.0,3.289,certain_cold
dronbreen-20220329-DAT_0234_A1_1,3440.0,539059.54,8669949.24,637.095,473.161,0.0,473.161,0.0,0.0,3.289,certain_cold
dronbreen-20220329-DAT_0234_A1_1,3445.0,539056.54,8669945.68,637.381,473.344,0.0,473.344,0.0,0.0,3.291,certain_cold
dronbreen-20220329-DAT_0234_A1_1,3450.0,539053.58,8669942.0,637.67,473.632,0.0,473.632,0.0,0.0,3.291,certain_cold
dronbreen-20220329-DAT_0234_A1_1,3455.0,539050.32,8669938.05,637.984,473.947,0.0,473.947,0.0,0.0,3.291,certain_cold
dronbreen-20220329-DAT_0234_A1_1,3460.0,539047.22,8669934.33,638.279,474.137,0.0,474.137,0.0,0.0,3.294,certain_cold
dronbreen-20220329-DAT_0234_A1_1,3465.0,539044.16,8669930.62,638.559,474.313,0.0,474.313,0.0,0.0,3.296,certain_cold
dronbreen-20220329-DAT_0234_A1_1,3470.0,539040.67,8669926.21,638.881,474.635,0.0,474.635,0.0,0.0,3.298,certain_cold
dronbreen-20220329-DAT_0234_A1_1,3475.0,539037.82,8669922.8,639.127,474.777,0.0,474.777,0.0,0.0,3.298,certain_cold
dronbreen-20220329-DAT_0234_A1_1,3480.0,539033.94,8669918.35,639.43,475.079,0.0,475.079,0.0,0.0,3.298,certain_cold
dronbreen-20220329-DAT_0234_A1_1,3485.0,539030.98,8669914.98,639.632,475.282,0.0,475.282,0.0,0.0,3.298,certain_cold
dronbreen-20220329-DAT_0234_A1_1,3490.0,539027.55,8669911.0,639.887,475.537,0.0,475.537,0.0,0.0,3.298,certain_cold
dronbreen-20220329-DAT_0234_A1_1,3495.0,539024.22,8669907.15,640.14,475.686,0.0,475.686,0.0,0.0,3.298,certain_cold
dronbreen-20220329-DAT_0234_A1_1,3500.0,539021.3,8669903.9,640.372,475.813,0.0,475.813,0.0,0.0,3.302,certain_cold
dronbreen-20220329-DAT_0234_A1_1,3505.0,539017.83,8669899.96,640.651,476.093,0.0,476.093,0.0,0.0,3.289,certain_cold
dronbreen-20220329-DAT_0234_A1_1,3510.0,539014.86,8669896.52,640.896,476.233,0.73,476.963,5.167,0.0,3.289,uncertain_cold
dronbreen-20220329-DAT_0234_A1_1,3515.0,539011.16,8669892.13,641.204,476.436,0.73,477.166,6.748,0.0,3.291,uncertain_cold
dronbreen-20220329-DAT_0234_A1_1,3520.0,539008.24,8669888.7,641.455,476.688,1.146,477.834,8.229,0.0,3.283,uncertain_cold
dronbreen-20220329-DAT_0234_A1_1,3525.0,539004.8,8669884.82,641.77,476.898,2.501,479.4,10.298,0.0,3.258,uncertain_temperate
dronbreen-20220329-DAT_0234_A1_1,3530.0,539001.54,8669881.05,642.077,477.102,4.169,481.27,10.38,0.0,3.227,uncertain_temperate
dronbreen-20220329-DAT_0234_A1_1,3535.0,538998.52,8669877.44,642.367,477.183,5.628,482.81,12.502,0.0,3.202,uncertain_temperate
dronbreen-20220329-DAT_0234_A1_1,3540.0,538994.92,8669873.18,642.698,477.41,7.087,484.496,14.357,0.0,3.175,uncertain_temperate
dronbreen-20220329-DAT_0234_A1_1,3545.0,538992.04,8669869.62,642.94,477.548,8.442,485.989,15.619,1.472,3.15,certain_temperate
dronbreen-20220329-DAT_0234_A1_1,3550.0,538988.71,8669865.56,643.17,477.673,9.796,487.469,17.184,3.45,3.125,certain_temperate
dronbreen-20220329-DAT_0234_A1_1,3555.0,538985.5,8669861.62,643.373,477.877,11.36,489.236,18.826,5.144,3.094,certain_temperate
dronbreen-20220329-DAT_0234_A1_1,3560.0,538982.54,8669857.84,643.554,477.953,13.236,491.188,20.228,7.285,3.059,certain_temperate
dronbreen-20220329-DAT_0234_A1_1,3565.0,538979.36,8669853.62,643.793,478.088,15.111,493.2,21.561,8.974,3.024,certain_temperate
dronbreen-20220329-DAT_0234_A1_1,3570.0,538976.26,8669849.49,644.073,478.264,16.987,495.251,23.311,10.455,2.988,certain_temperate
dronbreen-20220329-DAT_0234_A1_1,3575.0,538973.2,8669845.44,644.364,478.555,18.759,497.314,24.902,11.991,2.953,certain_temperate
dronbreen-20220329-DAT_0234_A1_1,3580.0,538970.41,8669842.01,644.64,478.935,20.114,499.049,26.776,12.409,2.924,certain_temperate
dronbreen-20220329-DAT_0234_A1_1,3585.0,538967.52,8669838.33,644.949,479.453,22.302,501.755,27.703,14.193,2.876,certain_temperate
dronbreen-20220329-DAT_0234_A1_1,3590.0,538964.33,8669834.52,645.24,479.952,22.719,502.671,28.242,18.239,2.864,certain_temperate
dronbreen-20220329-DAT_0234_A1_1,3595.0,538961.09,8669830.7,645.521,480.441,23.97,504.411,30.618,17.947,2.835,certain_temperate
dronbreen-20220329-DAT_0234_A1_1,3600.0,538957.26,8669826.59,645.802,480.93,25.846,506.776,32.769,19.131,2.793,certain_temperate
dronbreen-20220329-DAT_0234_A1_1,3605.0,538953.89,8669822.93,646.028,481.469,27.096,508.566,33.316,20.773,2.762,certain_temperate
dronbreen-20220329-DAT_0234_A1_1,3610.0,538950.71,8669819.61,646.236,482.095,27.826,509.92,33.843,21.392,2.739,certain_temperate
dronbreen-20220329-DAT_0234_A1_1,3615.0,538946.85,8669815.46,646.504,482.779,28.868,511.647,34.657,22.141,2.71,certain_temperate
dronbreen-20220329-DAT_0234_A1_1,3620.0,538944.04,8669812.51,646.704,483.292,29.702,512.994,35.623,22.53,2.687,certain_temperate
dronbreen-20220329-DAT_0234_A1_1,3625.0,538940.16,8669808.2,647.004,484.113,30.952,515.065,36.907,23.122,2.652,certain_temperate
dronbreen-20220329-DAT_0234_A1_1,3630.0,538936.76,8669804.55,647.269,484.795,31.995,516.789,37.04,24.552,2.623,certain_temperate
dronbreen-20220329-DAT_0234_A1_1,3635.0,538933.7,8669801.26,647.498,485.336,32.62,517.956,37.245,25.494,2.604,certain_temperate
dronbreen-20220329-DAT_0234_A1_1,3640.0,538929.66,8669797.11,647.799,486.054,33.245,519.299,37.898,26.091,2.584,certain_temperate
dronbreen-20220329-DAT_0234_A1_1,3645.0,538926.43,8669793.6,648.046,486.822,33.871,520.692,38.724,26.412,2.561,certain_temperate
dronbreen-20220329-DAT_0234_A1_1,3650.0,538923.42,8669790.29,648.268,487.565,34.808,522.374,39.215,27.38,2.532,certain_temperate
dronbreen-20220329-DAT_0234_A1_1,3655.0,538919.66,8669786.15,648.555,488.478,34.913,523.39,38.973,28.455,2.517,certain_temperate
dronbreen-20220329-DAT_0234_A1_1,3660.0,538916.36,8669782.46,648.783,489.122,35.121,524.244,39.275,29.3,2.505,certain_temperate
dronbreen-20220329-DAT_0234_A1_1,3665.0,538913.22,8669779.08,648.987,489.848,35.33,525.178,39.971,29.437,2.49,certain_temperate
dronbreen-20220329-DAT_0234_A1_1,3670.0,538909.68,8669775.56,649.211,490.801,35.851,526.651,40.765,29.478,2.466,certain_temperate
dronbreen-20220329-DAT_0234_A1_1,3675.0,538906.09,8669772.17,649.438,491.758,36.372,528.129,41.0,30.18,2.441,certain_temperate
dronbreen-20220329-DAT_0234_A1_1,3680.0,538902.55,8669768.66,649.68,492.625,36.789,529.414,41.403,30.611,2.42,certain_temperate
dronbreen-20220329-DAT_0234_A1_1,3685.0,538899.05,8669765.09,649.939,493.51,37.414,530.924,41.907,31.462,2.395,certain_temperate
dronbreen-20220329-DAT_0234_A1_1,3690.0,538895.27,8669761.25,650.213,494.408,37.831,532.239,41.998,32.308,2.374,certain_temperate
dronbreen-20220329-DAT_0234_A1_1,3695.0,538892.16,8669758.09,650.443,495.159,38.143,533.303,41.92,33.012,2.358,certain_temperate
dronbreen-20220329-DAT_0234_A1_1,3700.0,538888.76,8669754.66,650.707,496.153,38.039,534.192,41.744,33.292,2.345,certain_temperate
dronbreen-20220329-DAT_0234_A1_1,3705.0,538885.08,8669751.1,651.006,497.077,38.143,535.221,41.465,33.467,2.331,certain_temperate
dronbreen-20220329-DAT_0234_A1_1,3710.0,538881.31,8669747.52,651.337,498.034,38.039,536.073,41.664,33.58,2.321,certain_temperate
dronbreen-20220329-DAT_0234_A1_1,3715.0,538877.61,8669744.0,651.667,498.989,38.143,537.132,42.128,33.847,2.306,certain_temperate
dronbreen-20220329-DAT_0234_A1_1,3720.0,538874.01,8669740.49,651.977,499.612,38.456,538.068,42.847,34.587,2.294,certain_temperate
dronbreen-20220329-DAT_0234_A1_1,3725.0,538870.33,8669736.72,652.285,500.44,38.665,539.105,43.106,35.266,2.279,certain_temperate
dronbreen-20220329-DAT_0234_A1_1,3730.0,538867.13,8669733.27,652.547,501.12,38.977,540.097,43.76,35.757,2.265,certain_temperate
dronbreen-20220329-DAT_0234_A1_1,3735.0,538863.92,8669730.02,652.819,501.913,39.081,540.994,44.678,35.465,2.252,certain_temperate
dronbreen-20220329-DAT_0234_A1_1,3740.0,538860.39,8669726.35,653.147,502.866,39.498,542.364,44.63,35.409,2.232,certain_temperate
dronbreen-20220329-DAT_0234_A1_1,3745.0,538856.26,8669722.04,653.531,503.98,39.186,543.165,43.982,35.535,2.223,certain_temperate
dronbreen-20220329-DAT_0234_A1_1,3750.0,538853.06,8669718.48,653.824,504.794,39.081,543.875,43.662,35.543,2.215,certain_temperate
dronbreen-20220329-DAT_0234_A1_1,3755.0,538849.89,8669714.73,654.084,505.888,38.665,544.552,43.237,35.446,2.207,certain_temperate
dronbreen-20220329-DAT_0234_A1_1,3760.0,538846.9,8669710.98,654.318,506.539,38.665,545.203,42.981,35.599,2.198,certain_temperate
dronbreen-20220329-DAT_0234_A1_1,3765.0,538843.96,8669707.3,654.546,507.287,38.456,545.743,42.767,35.396,2.192,certain_temperate
dronbreen-20220329-DAT_0234_A1_1,3770.0,538841.04,8669703.31,654.797,508.163,38.248,546.411,42.655,35.196,2.184,certain_temperate
dronbreen-20220329-DAT_0234_A1_1,3775.0,538838.11,8669699.5,655.072,508.96,38.039,546.999,42.681,34.961,2.178,certain_temperate
dronbreen-20220329-DAT_0234_A1_1,3780.0,538834.6,8669694.93,655.405,510.022,38.039,548.061,42.907,34.422,2.163,certain_temperate
dronbreen-20220329-DAT_0234_A1_1,3785.0,538831.46,8669691.1,655.694,511.041,38.039,549.08,42.791,34.225,2.149,certain_temperate
dronbreen-20220329-DAT_0234_A1_1,3790.0,538828.71,8669687.69,655.953,511.925,38.143,550.068,43.15,33.867,2.134,certain_temperate
dronbreen-20220329-DAT_0234_A1_1,3795.0,538825.84,8669683.39,656.249,513.055,38.56,551.615,45.836,31.181,2.109,certain_temperate
dronbreen-20220329-DAT_0234_A1_1,3800.0,538822.72,8669679.52,656.541,513.868,41.895,555.763,48.93,35.068,2.033,certain_temperate
dronbreen-20220329-DAT_0234_A1_1,3805.0,538819.56,8669675.89,656.916,514.347,42.312,556.659,46.452,38.381,2.023,certain_temperate
dronbreen-20220329-DAT_0234_A1_1,3810.0,538817.37,8669671.04,657.341,514.772,42.729,557.501,46.873,38.585,2.014,certain_temperate
dronbreen-20220329-DAT_0234_A1_1,3815.0,538816.23,8669666.4,657.639,515.07,43.042,558.111,47.536,38.651,2.008,certain_temperate
dronbreen-20220329-DAT_0234_A1_1,3820.0,538815.69,8669661.64,657.881,515.312,43.563,558.874,48.335,38.478,1.998,certain_temperate
dronbreen-20220329-DAT_0234_A1_1,3825.0,538814.81,8669655.79,658.11,515.437,44.501,559.938,49.058,38.485,1.981,certain_temperate
dronbreen-20220329-DAT_0234_A1_1,3830.0,538813.92,8669650.98,658.347,515.466,45.543,561.008,49.7,38.884,1.965,certain_temperate
dronbreen-20220329-DAT_0234_A1_1,3835.0,538813.16,8669646.31,658.472,515.382,46.481,561.863,50.242,39.281,1.95,certain_temperate
dronbreen-20220329-DAT_0234_A1_1,3840.0,538812.47,8669641.45,658.621,515.427,47.315,562.741,50.752,39.604,1.936,certain_temperate
dronbreen-20220329-DAT_0234_A1_1,3845.0,538811.76,8669636.22,658.843,515.545,48.148,563.693,51.333,40.169,1.921,certain_temperate
dronbreen-20220329-DAT_0234_A1_1,3850.0,538811.12,8669631.55,659.086,515.684,48.774,564.457,51.723,40.822,1.911,certain_temperate
dronbreen-20220329-DAT_0234_A1_1,3855.0,538810.32,8669626.13,659.428,515.921,49.399,565.32,52.291,41.713,1.901,certain_temperate
dronbreen-20220329-DAT_0234_A1_1,3860.0,538809.72,8669622.08,659.684,516.177,49.607,565.784,52.559,42.07,1.897,certain_temperate
dronbreen-20220329-DAT_0234_A1_1,3865.0,538808.91,8669616.6,660.009,516.502,50.024,566.527,53.218,42.662,1.888,certain_temperate
dronbreen-20220329-DAT_0234_A1_1,3870.0,538808.03,8669611.44,660.249,516.742,50.337,567.079,53.588,43.23,1.882,certain_temperate
dronbreen-20220329-DAT_0234_A1_1,3875.0,538807.45,8669606.53,660.403,517.417,50.128,567.546,53.478,43.236,1.876,certain_temperate
dronbreen-20220329-DAT_0234_A1_1,3880.0,538806.96,8669601.22,660.56,518.095,49.92,568.015,53.472,43.137,1.87,certain_temperate
dronbreen-20220329-DAT_0234_A1_1,3885.0,538806.63,8669596.71,660.698,518.963,49.503,568.466,53.675,42.935,1.864,certain_temperate
dronbreen-20220329-DAT_0234_A1_1,3890.0,538806.35,8669591.96,660.864,519.546,49.399,568.945,53.606,43.003,1.857,certain_temperate
dronbreen-20220329-DAT_0234_A1_1,3895.0,538805.97,8669586.77,661.052,520.359,49.19,569.55,53.494,42.907,1.849,certain_temperate
dronbreen-20220329-DAT_0234_A1_1,3900.0,538805.68,8669581.68,661.209,521.245,48.774,570.019,53.384,42.704,1.843,certain_temperate
dronbreen-20220329-DAT_0234_A1_1,3905.0,538805.45,8669576.68,661.375,522.141,48.461,570.602,53.592,42.079,1.835,certain_temperate
dronbreen-20220329-DAT_0234_A1_1,3910.0,538805.22,8669571.83,661.571,523.275,48.565,571.84,54.13,41.854,1.814,certain_temperate
dronbreen-20220329-DAT_0234_A1_1,3915.0,538805.0,8669566.55,661.8,524.442,48.982,573.424,53.906,42.495,1.787,certain_temperate
dronbreen-20220329-DAT_0234_A1_1,3920.0,538804.69,8669561.58,662.006,525.273,49.399,574.672,53.176,43.641,1.767,certain_temperate
dronbreen-20220329-DAT_0234_A1_1,3925.0,538804.38,8669556.55,662.203,526.096,49.399,575.494,52.632,44.707,1.754,certain_temperate
dronbreen-20220329-DAT_0234_A1_1,3930.0,538804.2,8669551.21,662.39,526.908,49.19,576.098,52.407,45.453,1.746,certain_temperate
dronbreen-20220329-DAT_0234_A1_1,3935.0,538804.27,8669546.92,662.54,527.684,48.982,576.666,52.558,45.927,1.738,certain_temperate
dronbreen-20220329-DAT_0234_A1_1,3940.0,538804.37,8669542.22,662.724,528.596,48.774,577.37,53.317,45.794,1.728,certain_temperate
dronbreen-20220329-DAT_0234_A1_1,3945.0,538804.27,8669536.91,662.993,529.595,49.399,578.994,54.876,45.381,1.701,certain_temperate
dronbreen-20220329-DAT_0234_A1_1,3950.0,538804.09,8669531.79,663.302,530.738,49.92,580.658,55.384,46.124,1.674,certain_temperate
dronbreen-20220329-DAT_0234_A1_1,3955.0,538803.93,8669527.07,663.623,531.892,50.441,582.333,56.495,46.263,1.647,certain_temperate
dronbreen-20220329-DAT_0234_A1_1,3960.0,538803.78,8669522.35,663.979,532.874,51.9,584.774,58.997,45.533,1.606,certain_temperate
dronbreen-20220329-DAT_0234_A1_1,3965.0,538803.59,8669516.7,664.391,534.224,53.463,587.687,60.527,46.817,1.557,certain_temperate
dronbreen-20220329-DAT_0234_A1_1,3970.0,538803.32,8669511.95,664.735,535.401,53.984,589.386,60.738,48.481,1.53,certain_temperate
dronbreen-20220329-DAT_0234_A1_1,3975.0,538803.21,8669506.33,665.194,536.59,54.506,591.096,61.37,49.308,1.506,certain_temperate
dronbreen-20220329-DAT_0234_A1_1,3980.0,538803.32,8669501.38,665.658,537.784,54.818,592.602,65.331,46.911,1.485,certain_temperate
dronbreen-20220329-DAT_0234_A1_1,3985.0,538803.47,8669497.21,666.068,538.715,58.153,596.868,69.551,44.358,1.409,certain_temperate
dronbreen-20220329-DAT_0234_A1_1,3990.0,538803.69,8669492.33,666.555,539.514,61.801,601.315,72.594,46.943,1.332,certain_temperate
dronbreen-20220329-DAT_0234_A1_1,3995.0,538803.94,8669486.44,667.17,540.442,64.302,604.744,72.443,50.533,1.276,certain_temperate
dronbreen-20220329-DAT_0234_A1_1,4000.0,538804.26,8669481.93,667.677,541.158,65.657,606.815,73.653,52.241,1.246,certain_temperate
dronbreen-20220329-DAT_0234_A1_1,4005.0,538804.67,8669476.67,668.341,542.238,67.22,609.458,82.89,52.071,1.207,certain_temperate
dronbreen-20220329-DAT_0234_A1_1,4010.0,538805.08,8669471.4,669.004,543.214,73.16,616.374,99.968,56.671,1.086,certain_temperate
dronbreen-20220329-DAT_0234_A1_1,4015.0,538805.38,8669467.2,669.508,543.926,77.642,621.568,106.279,58.905,0.995,certain_temperate
dronbreen-20220329-DAT_0234_A1_1,4020.0,538805.41,8669461.43,670.185,544.812,84.52,629.332,113.46,67.773,0.859,certain_temperate
dronbreen-20220329-DAT_0234_A1_1,4025.0,538805.12,8669457.3,670.67,545.506,89.001,634.507,125.165,65.695,0.771,certain_temperate
dronbreen-20220329-DAT_0234_A1_1,4030.0,538804.55,8669451.98,671.283,546.222,103.592,649.814,125.06,69.309,0.505,certain_temperate
dronbreen-20220329-DAT_0234_A1_1,4035.0,538804.03,8669446.94,671.871,546.707,115.16,661.866,125.165,87.053,0.333,certain_temperate
dronbreen-20220329-DAT_0234_A1_1,4040.0,538803.64,8669442.37,672.433,547.268,120.788,668.055,125.165,105.201,0.28,certain_temperate
dronbreen-20220329-DAT_0234_A1_1,4045.0,538803.33,8669437.47,673.055,547.786,120.892,668.678,123.526,116.382,0.28,certain_temperate
dronbreen-20220329-DAT_0234_A1_1,4050.0,538803.15,8669432.58,673.653,548.384,122.142,670.526,123.041,120.619,0.273,certain_temperate
dronbreen-20220329-DAT_0234_A1_1,4055.0,538802.95,8669427.3,674.196,548.823,120.996,669.819,124.194,119.362,0.28,certain_temperate
dronbreen-20220329-DAT_0234_A1_1,4060.0,538802.86,8669422.53,674.669,549.296,122.247,671.543,125.296,119.51,0.273,certain_temperate
dronbreen-20220329-DAT_0234_A1_1,4065.0,538802.84,8669416.97,675.3,549.822,122.351,672.173,124.291,120.515,0.273,certain_temperate
dronbreen-20220329-DAT_0234_A1_1,4070.0,538802.85,8669412.29,675.862,550.281,122.455,672.736,124.395,120.41,0.273,certain_temperate
dronbreen-20220329-DAT_0234_A1_1,4075.0,538802.53,8669407.16,676.571,550.989,122.455,673.444,124.395,120.306,0.273,certain_temperate
dronbreen-20220329-DAT_0234_A1_1,4080.0,538802.18,8669402.72,677.153,551.467,122.559,674.026,124.5,120.202,0.273,certain_temperate
dronbreen-20220329-DAT_0234_A1_1,4085.0,538801.87,8669397.25,677.811,552.125,122.559,674.684,124.5,120.098,0.273,certain_temperate
dronbreen-20220329-DAT_0234_A1_1,4090.0,538801.88,8669391.79,678.382,552.488,122.768,675.255,124.708,120.098,0.273,certain_temperate
dronbreen-20220329-DAT_0234_A1_1,4095.0,538801.94,8669387.7,678.794,552.9,122.768,675.668,124.708,119.994,0.273,certain_temperate
dronbreen-20220329-DAT_0234_A1_1,4100.0,538802.31,8669381.66,679.458,553.459,122.872,676.331,124.812,119.889,0.273,certain_temperate
dronbreen-20220329-DAT_0234_A1_1,4105.0,538802.62,8669376.99,680.037,554.038,122.872,676.91,124.812,119.785,0.273,certain_temperate
dronbreen-20220329-DAT_0234_A1_1,4110.0,538802.9,8669371.91,680.72,554.514,123.08,677.594,125.021,119.785,0.273,certain_temperate
dronbreen-20220329-DAT_0234_A1_1,4115.0,538803.08,8669366.77,681.46,555.253,123.08,678.333,125.021,119.681,0.273,certain_temperate
dronbreen-20220329-DAT_0234_A1_1,4120.0,538803.17,8669362.34,682.076,555.765,123.185,678.95,125.125,119.681,0.273,certain_temperate
dronbreen-20220329-DAT_0234_A1_1,4125.0,538803.19,8669356.48,682.823,556.408,123.289,679.697,125.229,119.681,0.273,certain_temperate
dronbreen-20220329-DAT_0234_A1_1,4130.0,538803.18,8669352.57,683.278,556.758,123.393,680.151,125.333,119.681,0.273,certain_temperate
dronbreen-20220329-DAT_0234_A1_1,4135.0,538803.24,8669346.8,683.867,557.244,123.497,680.741,125.438,119.785,0.273,certain_temperate
dronbreen-20220329-DAT_0234_A1_1,4140.0,538803.3,8669341.59,684.37,557.746,123.497,681.243,125.438,119.785,0.273,certain_temperate
dronbreen-20220329-DAT_0234_A1_1,4145.0,538803.36,8669337.13,684.798,558.278,123.393,681.671,125.333,119.681,0.273,certain_temperate
dronbreen-20220329-DAT_0234_A1_1,4150.0,538803.39,8669331.73,685.344,558.824,123.393,682.217,125.333,119.681,0.273,certain_temperate
dronbreen-20220329-DAT_0234_A1_1,4155.0,538803.28,8669327.08,685.881,559.361,123.393,682.754,125.333,119.681,0.273,certain_temperate
dronbreen-20220329-DAT_0234_A1_1,4160.0,538803.05,8669322.42,686.422,560.007,123.289,683.296,125.229,119.577,0.273,certain_temperate
dronbreen-20220329-DAT_0234_A1_1,4165.0,538802.76,8669317.68,686.94,560.629,123.185,683.814,125.125,119.577,0.273,certain_temperate
dronbreen-20220329-DAT_0234_A1_1,4170.0,538802.35,8669311.79,687.557,561.35,123.08,684.43,125.021,119.473,0.273,certain_temperate
dronbreen-20220329-DAT_0234_A1_1,4175.0,538801.82,8669307.12,687.987,561.884,122.976,684.86,124.916,119.368,0.273,certain_temperate
dronbreen-20220329-DAT_0234_A1_1,4180.0,538801.07,8669302.33,688.361,562.259,122.976,685.235,124.916,119.368,0.273,certain_temperate
dronbreen-20220329-DAT_0234_A1_1,4185.0,538799.99,8669296.84,688.714,562.715,122.872,685.587,124.812,119.264,0.273,certain_temperate
dronbreen-20220329-DAT_0234_A1_1,4190.0,538799.26,8669292.35,688.988,563.198,122.663,685.862,124.604,119.056,0.273,certain_temperate
dronbreen-20220329-DAT_0234_A1_1,4195.0,538798.55,8669287.62,689.291,563.71,122.455,686.165,124.395,118.847,0.273,certain_temperate
dronbreen-20220329-DAT_0234_A1_1,4200.0,538797.91,8669282.14,689.699,564.222,122.351,686.573,124.291,118.743,0.273,certain_temperate
dronbreen-20220329-DAT_0234_A1_1,4205.0,538797.44,8669277.83,690.043,564.774,122.142,686.916,124.083,118.535,0.273,certain_temperate
dronbreen-20220329-DAT_0234_A1_1,4210.0,538796.84,8669272.93,690.42,565.36,121.934,687.294,123.874,118.535,0.273,certain_temperate
dronbreen-20220329-DAT_0234_A1_1,4215.0,538796.14,8669267.88,690.822,565.865,121.83,687.695,123.77,118.639,0.273,certain_temperate
dronbreen-20220329-DAT_0234_A1_1,4220.0,538795.32,8669262.32,691.341,566.593,121.621,688.214,123.562,118.639,0.273,certain_temperate
dronbreen-20220329-DAT_0234_A1_1,4225.0,538794.63,8669257.42,691.845,567.306,121.413,688.719,123.353,118.743,0.273,certain_temperate
dronbreen-20220329-DAT_0234_A1_1,4230.0,538794.14,8669253.31,692.25,567.919,121.204,689.123,123.145,118.743,0.273,certain_temperate
dronbreen-20220329-DAT_0234_A1_1,4235.0,538793.29,8669247.44,692.763,568.641,120.996,689.637,122.936,118.743,0.273,certain_temperate
dronbreen-20220329-DAT_0234_A1_1,4240.0,538792.63,8669243.17,693.132,569.218,120.788,690.005,122.728,118.743,0.273,certain_temperate
dronbreen-20220329-DAT_0234_A1_1,4245.0,538791.83,8669238.54,693.536,569.726,120.683,690.41,122.624,118.743,0.273,certain_temperate
dronbreen-20220329-DAT_0234_A1_1,4250.0,538791.04,8669232.75,694.067,570.465,120.475,690.94,122.415,118.535,0.273,certain_temperate
dronbreen-20220329-DAT_0234_A1_1,4255.0,538790.45,8669228.39,694.441,571.048,120.266,691.314,122.207,118.326,0.273,certain_temperate
dronbreen-20220329-DAT_0234_A1_1,4260.0,538789.77,8669222.77,694.876,571.691,120.058,691.75,121.998,118.118,0.273,certain_temperate
dronbreen-20220329-DAT_0234_A1_1,4265.0,538789.26,8669218.25,695.222,572.142,119.954,692.096,121.894,118.013,0.273,certain_temperate
dronbreen-20220329-DAT_0234_A1_1,4270.0,538788.81,8669213.24,695.613,572.325,120.162,692.487,122.103,118.222,0.273,certain_temperate
dronbreen-20220329-DAT_0234_A1_1,4275.0,538788.33,8669208.02,695.983,572.486,120.371,692.857,122.311,118.43,0.273,certain_temperate
dronbreen-20220329-DAT_0234_A1_1,4280.0,538787.78,8669203.26,696.292,572.587,120.579,693.166,122.519,118.639,0.273,certain_temperate
dronbreen-20220329-DAT_0234_A1_1,4285.0,538787.22,8669198.78,696.586,572.88,120.579,693.46,122.519,118.639,0.273,certain_temperate
dronbreen-20220329-DAT_0234_A1_1,4290.0,538786.62,8669193.73,696.983,573.069,120.788,693.856,122.75,118.825,0.273,certain_temperate
dronbreen-20220329-DAT_0234_A1_1,4295.0,538785.87,8669188.5,697.463,573.445,120.996,694.441,122.854,118.929,0.272,certain_temperate
dronbreen-20220329-DAT_0234_A1_1,4300.0,538785.01,8669183.45,697.97,573.744,121.204,694.948,123.04,119.16,0.272,certain_temperate
dronbreen-20220329-DAT_0234_A1_1,4305.0,538784.08,8669178.71,698.414,573.978,121.413,695.391,123.249,119.473,0.272,certain_temperate
dronbreen-20220329-DAT_0234_A1_1,4310.0,538783.19,8669173.82,698.851,574.103,121.726,695.829,123.561,119.786,0.272,certain_temperate
dronbreen-20220329-DAT_0234_A1_1,4315.0,538782.32,8669168.96,699.284,574.328,121.934,696.262,123.77,119.994,0.272,certain_temperate
dronbreen-20220329-DAT_0234_A1_1,4320.0,538781.38,8669164.18,699.721,574.556,122.142,696.698,123.978,120.202,0.272,certain_temperate
dronbreen-20220329-DAT_0234_A1_1,4325.0,538780.26,8669158.8,700.212,574.839,122.351,697.19,124.187,120.411,0.272,certain_temperate
dronbreen-20220329-DAT_0234_A1_1,4330.0,538779.26,8669153.47,700.731,575.045,122.663,697.709,124.499,120.724,0.272,certain_temperate
dronbreen-20220329-DAT_0234_A1_1,4335.0,538778.43,8669149.03,701.179,575.285,122.872,698.157,124.708,120.932,0.272,certain_temperate
dronbreen-20220329-DAT_0234_A1_1,4340.0,538777.5,8669144.47,701.629,575.526,123.08,698.606,124.916,121.14,0.272,certain_temperate
dronbreen-20220329-DAT_0234_A1_1,4345.0,538776.34,8669139.43,702.107,575.691,123.393,699.084,125.229,121.453,0.272,certain_temperate
dronbreen-20220329-DAT_0234_A1_1,4350.0,538775.05,8669134.47,702.582,575.958,123.601,699.56,125.437,121.662,0.272,certain_temperate
dronbreen-20220329-DAT_0234_A1_1,4355.0,538773.6,8669129.04,703.123,576.187,123.914,700.101,125.75,121.87,0.272,certain_temperate
dronbreen-20220329-DAT_0234_A1_1,4360.0,538772.34,8669124.29,703.617,576.472,124.123,700.595,125.958,122.078,0.272,certain_temperate
dronbreen-20220329-DAT_0234_A1_1,4365.0,538771.12,8669119.54,704.062,576.708,124.331,701.039,126.167,122.287,0.272,certain_temperate
dronbreen-20220329-DAT_0234_A1_1,4370.0,538769.97,8669114.73,704.449,576.887,124.539,701.427,126.375,122.495,0.272,certain_temperate
dronbreen-20220329-DAT_0234_A1_1,4375.0,538768.8,8669109.86,704.813,577.042,124.748,701.79,126.584,122.704,0.272,certain_temperate
dronbreen-20220329-DAT_0234_A1_1,4380.0,538767.77,8669105.59,705.127,577.148,124.956,702.105,126.792,122.808,0.272,certain_temperate
dronbreen-20220329-DAT_0234_A1_1,4385.0,538766.64,8669100.86,705.487,577.3,125.165,702.465,127.0,122.912,0.272,certain_temperate
dronbreen-20220329-DAT_0234_A1_1,4390.0,538765.14,8669095.61,705.909,577.41,125.477,702.887,127.313,123.225,0.272,certain_temperate
dronbreen-20220329-DAT_0234_A1_1,4395.0,538763.76,8669090.98,706.293,577.585,125.686,703.271,127.521,123.329,0.272,certain_temperate
dronbreen-20220329-DAT_0234_A1_1,4400.0,538762.42,8669086.1,706.73,577.814,125.894,703.708,127.73,123.433,0.272,certain_temperate
dronbreen-20220329-DAT_0234_A1_1,4405.0,538761.03,8669080.98,707.217,578.092,126.103,704.194,127.938,123.642,0.272,certain_temperate
dronbreen-20220329-DAT_0234_A1_1,4410.0,538759.54,8669076.18,707.66,578.535,126.103,704.637,127.938,123.537,0.272,certain_temperate
dronbreen-20220329-DAT_0234_A1_1,4415.0,538758.24,8669071.99,707.995,578.87,126.103,704.973,127.938,123.433,0.272,certain_temperate
dronbreen-20220329-DAT_0234_A1_1,4420.0,538756.48,8669066.7,708.372,579.143,126.207,705.35,128.043,123.537,0.272,certain_temperate
dronbreen-20220329-DAT_0234_A1_1,4425.0,538755.17,8669062.45,708.617,579.388,126.207,705.595,128.043,123.433,0.272,certain_temperate
dronbreen-20220329-DAT_0234_A1_1,4430.0,538753.49,8669057.13,708.943,579.922,125.998,705.921,127.834,123.121,0.272,certain_temperate
dronbreen-20220329-DAT_0234_A1_1,4435.0,538752.15,8669052.9,709.246,580.33,125.894,706.224,127.73,122.912,0.272,certain_temperate
dronbreen-20220329-DAT_0234_A1_1,4440.0,538750.43,8669047.83,709.643,580.726,125.894,706.62,128.619,122.023,0.272,certain_temperate
dronbreen-20220329-DAT_0234_A1_1,4445.0,538748.66,8669042.79,710.063,581.251,126.832,708.083,128.514,122.754,0.269,certain_temperate
dronbreen-20220329-DAT_0234_A1_1,4450.0,538747.21,8669038.65,710.412,581.704,126.728,708.432,127.518,123.541,0.269,certain_temperate
dronbreen-20220329-DAT_0234_A1_1,4455.0,538745.45,8669033.64,710.789,582.706,126.103,708.809,126.892,122.916,0.269,certain_temperate
dronbreen-20220329-DAT_0234_A1_1,4460.0,538743.82,8669028.94,711.093,583.218,125.894,709.113,126.684,122.708,0.269,certain_temperate
dronbreen-20220329-DAT_0234_A1_1,4465.0,538742.3,8669024.43,711.32,583.55,125.79,709.34,126.58,122.603,0.269,certain_temperate
dronbreen-20220329-DAT_0234_A1_1,4470.0,538740.6,8669019.6,711.529,583.863,125.686,709.548,126.475,122.499,0.269,certain_temperate
dronbreen-20220329-DAT_0234_A1_1,4475.0,538738.72,8669014.71,711.739,584.178,125.582,709.759,126.371,122.395,0.269,certain_temperate
dronbreen-20220329-DAT_0234_A1_1,4480.0,538736.84,8669009.94,711.98,584.836,125.165,710.0,125.954,121.978,0.269,certain_temperate
dronbreen-20220329-DAT_0234_A1_1,4485.0,538735.03,8669005.49,712.284,585.452,124.852,710.304,125.642,121.665,0.269,certain_temperate
dronbreen-20220329-DAT_0234_A1_1,4490.0,538733.22,8669000.53,712.692,586.277,124.435,710.712,125.225,121.249,0.269,certain_temperate
dronbreen-20220329-DAT_0234_A1_1,4495.0,538731.58,8668995.93,713.094,587.095,124.018,711.113,124.808,120.832,0.269,certain_temperate
dronbreen-20220329-DAT_0234_A1_1,4500.0,538729.82,8668991.01,713.532,587.951,123.601,711.552,124.391,120.415,0.269,certain_temperate
dronbreen-20220329-DAT_0234_A1_1,4505.0,538727.99,8668986.24,713.928,588.659,123.289,711.948,124.078,120.102,0.269,certain_temperate
dronbreen-20220329-DAT_0234_A1_1,4510.0,538726.37,8668981.65,714.23,589.378,122.872,712.25,123.662,119.581,0.269,certain_temperate
dronbreen-20220329-DAT_0234_A1_1,4515.0,538725.02,8668977.57,714.451,589.912,122.559,712.471,123.349,119.268,0.269,certain_temperate
dronbreen-20220329-DAT_0234_A1_1,4520.0,538723.14,8668971.96,714.747,590.624,122.142,712.766,122.932,118.852,0.269,certain_temperate
dronbreen-20220329-DAT_0234_A1_1,4525.0,538721.53,8668967.73,714.957,591.147,121.83,712.977,122.619,118.539,0.269,certain_temperate
dronbreen-20220329-DAT_0234_A1_1,4530.0,538719.71,8668962.93,715.193,591.591,121.621,713.212,122.411,118.33,0.269,certain_temperate
dronbreen-20220329-DAT_0234_A1_1,4535.0,538718.05,8668958.51,715.41,591.913,121.517,713.43,122.307,118.226,0.269,certain_temperate
dronbreen-20220329-DAT_0234_A1_1,4540.0,538716.29,8668953.62,715.65,592.361,121.309,713.67,122.098,118.018,0.269,certain_temperate
dronbreen-20220329-DAT_0234_A1_1,4545.0,538714.8,8668949.21,715.878,592.902,120.996,713.898,121.786,117.705,0.269,certain_temperate
dronbreen-20220329-DAT_0234_A1_1,4550.0,538713.22,8668944.69,716.139,593.267,120.892,714.158,121.681,117.601,0.269,certain_temperate
dronbreen-20220329-DAT_0234_A1_1,4555.0,538711.58,8668939.81,716.411,593.852,120.579,714.431,121.369,117.288,0.269,certain_temperate
dronbreen-20220329-DAT_0234_A1_1,4560.0,538710.06,8668935.39,716.672,594.321,120.371,714.692,121.16,117.184,0.269,certain_temperate
dronbreen-20220329-DAT_0234_A1_1,4565.0,538708.32,8668930.23,717.004,594.757,120.266,715.024,121.056,117.184,0.269,certain_temperate
dronbreen-20220329-DAT_0234_A1_1,4570.0,538706.64,8668925.25,717.33,595.292,120.058,715.35,120.848,117.08,0.269,certain_temperate
dronbreen-20220329-DAT_0234_A1_1,4575.0,538704.94,8668920.58,717.684,595.75,119.954,715.703,120.743,116.976,0.269,certain_temperate
dronbreen-20220329-DAT_0234_A1_1,4580.0,538703.38,8668916.13,718.045,596.215,119.85,716.065,120.639,116.976,0.269,certain_temperate
dronbreen-20220329-DAT_0234_A1_1,4585.0,538701.46,8668910.92,718.526,596.8,119.745,716.546,120.535,116.976,0.269,certain_temperate
dronbreen-20220329-DAT_0234_A1_1,4590.0,538699.96,8668906.91,718.932,597.31,119.641,716.952,120.431,116.976,0.269,certain_temperate
dronbreen-20220329-DAT_0234_A1_1,4595.0,538698.18,8668902.08,719.405,597.888,119.537,717.425,120.327,116.976,0.269,certain_temperate
dronbreen-20220329-DAT_0234_A1_1,4600.0,538696.45,8668897.01,719.831,598.522,119.329,717.851,120.118,116.871,0.269,certain_temperate
dronbreen-20220329-DAT_0234_A1_1,4605.0,538695.08,8668892.94,720.119,598.811,119.329,718.139,120.118,116.663,0.269,certain_temperate
dronbreen-20220329-DAT_0234_A1_1,4610.0,538693.2,8668887.55,720.508,599.304,119.224,718.528,120.014,116.142,0.269,certain_temperate
dronbreen-20220329-DAT_0234_A1_1,4615.0,538691.39,8668883.03,720.873,599.564,119.329,718.893,120.118,115.933,0.269,certain_temperate
dronbreen-20220329-DAT_0234_A1_1,4620.0,538689.61,8668879.01,721.257,599.844,119.433,719.277,120.222,116.038,0.269,certain_temperate
dronbreen-20220329-DAT_0234_A1_1,4625.0,538687.31,8668873.61,721.767,600.249,119.537,719.786,120.327,116.142,0.269,certain_temperate
dronbreen-20220329-DAT_0234_A1_1,4630.0,538685.37,8668869.09,722.188,600.566,119.641,720.207,120.431,116.246,0.269,certain_temperate
dronbreen-20220329-DAT_0234_A1_1,4635.0,538683.49,8668864.43,722.62,600.999,119.641,720.64,121.323,115.354,0.269,certain_temperate
dronbreen-20220329-DAT_0234_A1_1,4640.0,538681.54,8668859.61,723.04,601.002,119.016,720.017,121.741,115.249,0.272,certain_temperate
dronbreen-20220329-DAT_0234_A1_1,4645.0,538679.84,8668855.47,723.357,601.11,119.224,720.334,121.06,116.346,0.272,certain_temperate
dronbreen-20220329-DAT_0234_A1_1,4650.0,538677.85,8668850.64,723.685,601.334,119.329,720.663,121.164,116.555,0.272,certain_temperate
dronbreen-20220329-DAT_0234_A1_1,4655.0,538676.25,8668846.68,723.943,601.592,119.329,720.921,121.164,116.555,0.272,certain_temperate
dronbreen-20220329-DAT_0234_A1_1,4660.0,538674.43,8668841.89,724.248,601.793,119.433,721.226,121.268,116.659,0.272,certain_temperate
dronbreen-20220329-DAT_0234_A1_1,4665.0,538672.38,8668836.53,724.635,602.179,119.433,721.612,121.268,116.659,0.272,certain_temperate
dronbreen-20220329-DAT_0234_A1_1,4670.0,538670.74,8668832.22,724.971,602.62,119.329,721.949,121.164,116.555,0.272,certain_temperate
dronbreen-20220329-DAT_0234_A1_1,4675.0,538668.82,8668827.12,725.363,602.803,119.537,722.34,121.373,116.763,0.272,certain_temperate
dronbreen-20220329-DAT_0234_A1_1,4680.0,538667.05,8668822.6,725.709,603.046,119.641,722.687,121.477,116.868,0.272,certain_temperate
dronbreen-20220329-DAT_0234_A1_1,4685.0,538665.12,8668817.8,726.063,603.295,119.745,723.041,121.581,116.972,0.272,certain_temperate
dronbreen-20220329-DAT_0234_A1_1,4690.0,538663.57,8668813.38,726.394,603.626,119.745,723.372,121.477,116.972,0.272,certain_temperate
dronbreen-20220329-DAT_0234_A1_1,4695.0,538661.96,8668808.75,726.695,603.928,119.745,723.673,121.477,116.972,0.272,certain_temperate
dronbreen-20220329-DAT_0234_A1_1,4700.0,538660.28,8668804.17,726.987,604.115,119.85,723.964,121.581,117.076,0.272,certain_temperate
dronbreen-20220329-DAT_0234_A1_1,4705.0,538658.43,8668799.65,727.278,604.51,119.745,724.255,121.477,117.076,0.272,certain_temperate
dronbreen-20220329-DAT_0234_A1_1,4710.0,538656.66,8668795.18,727.566,604.903,119.641,724.544,121.373,116.972,0.272,certain_temperate
dronbreen-20220329-DAT_0234_A1_1,4715.0,538654.71,8668789.96,727.892,605.228,119.641,724.869,121.373,116.972,0.272,certain_temperate
dronbreen-20220329-DAT_0234_A1_1,4720.0,538653.22,8668785.73,728.134,605.574,119.537,725.111,121.268,116.868,0.272,certain_temperate
dronbreen-20220329-DAT_0234_A1_1,4725.0,538651.07,8668780.4,728.426,606.805,118.599,725.404,120.33,115.93,0.272,certain_temperate
dronbreen-20220329-DAT_0234_A1_1,4730.0,538649.35,8668775.95,728.671,607.466,118.182,725.649,119.914,115.513,0.272,certain_temperate
dronbreen-20220329-DAT_0234_A1_1,4735.0,538647.65,8668771.56,728.935,608.46,117.453,725.913,119.184,114.783,0.272,certain_temperate
dronbreen-20220329-DAT_0234_A1_1,4740.0,538645.69,8668766.63,729.228,609.587,116.619,726.206,118.35,113.949,0.272,certain_temperate
dronbreen-20220329-DAT_0234_A1_1,4745.0,538644.04,8668762.56,729.425,610.409,115.994,726.403,117.725,113.324,0.272,certain_temperate
dronbreen-20220329-DAT_0234_A1_1,4750.0,538641.79,8668757.0,729.675,611.493,115.16,726.653,116.891,112.49,0.272,certain_temperate
dronbreen-20220329-DAT_0234_A1_1,4755.0,538640.3,8668753.23,729.833,612.172,114.639,726.811,116.37,111.969,0.272,certain_temperate
dronbreen-20220329-DAT_0234_A1_1,4760.0,538638.21,8668748.04,730.069,613.242,113.805,727.047,115.536,111.24,0.272,certain_temperate
dronbreen-20220329-DAT_0234_A1_1,4765.0,538636.27,8668743.19,730.323,614.225,113.076,727.301,114.829,110.488,0.272,certain_temperate
dronbreen-20220329-DAT_0234_A1_1,4770.0,538634.46,8668739.14,730.531,614.85,112.763,727.613,114.412,110.071,0.272,certain_temperate
dronbreen-20220329-DAT_0234_A1_1,4775.0,538632.23,8668734.01,730.788,615.837,112.033,727.87,113.66,109.364,0.272,certain_temperate
dronbreen-20220329-DAT_0234_A1_1,4780.0,538630.48,8668729.32,730.994,616.773,111.304,728.076,112.931,108.635,0.272,certain_temperate
dronbreen-20220329-DAT_0234_A1_1,4785.0,538629.17,8668724.94,731.154,617.557,110.679,728.236,112.305,108.01,0.272,certain_temperate
dronbreen-20220329-DAT_0234_A1_1,4790.0,538627.99,8668720.44,731.293,618.218,110.157,728.375,111.784,107.488,0.272,certain_temperate
dronbreen-20220329-DAT_0234_A1_1,4795.0,538626.58,8668715.28,731.456,619.006,109.532,728.538,111.159,106.863,0.272,certain_temperate
dronbreen-20220329-DAT_0234_A1_1,4800.0,538625.08,8668710.17,731.62,619.899,108.803,728.702,110.429,106.134,0.272,certain_temperate
dronbreen-20220329-DAT_0234_A1_1,4805.0,538623.79,8668705.25,731.793,620.698,108.177,728.875,109.804,105.508,0.272,certain_temperate
dronbreen-20220329-DAT_0234_A1_1,4810.0,538622.56,8668700.67,731.963,621.389,107.656,729.045,109.283,104.987,0.272,certain_temperate
dronbreen-20220329-DAT_0234_A1_1,4815.0,538621.25,8668695.58,732.168,622.532,106.718,729.25,108.345,104.049,0.272,certain_temperate
dronbreen-20220329-DAT_0234_A1_1,4820.0,538619.94,8668691.0,732.391,623.484,105.989,729.472,107.616,103.32,0.272,certain_temperate
dronbreen-20220329-DAT_0234_A1_1,4825.0,538618.48,8668686.44,732.634,624.144,105.572,729.716,107.199,102.903,0.272,certain_temperate
dronbreen-20220329-DAT_0234_A1_1,4830.0,538617.22,8668682.23,732.842,624.769,105.155,729.924,106.782,102.486,0.272,certain_temperate
dronbreen-20220329-DAT_0234_A1_1,4835.0,538615.54,8668677.05,733.061,625.822,104.321,730.143,105.948,101.548,0.272,certain_temperate
dronbreen-20220329-DAT_0234_A1_1,4840.0,538613.8,8668671.53,733.238,626.729,103.592,730.32,105.219,100.819,0.272,certain_temperate
dronbreen-20220329-DAT_0234_A1_1,4845.0,538612.52,8668667.43,733.367,627.482,102.966,730.449,104.593,100.193,0.272,certain_temperate
dronbreen-20220329-DAT_0234_A1_1,4850.0,538610.85,8668662.26,733.549,628.603,102.029,730.631,103.655,99.255,0.272,certain_temperate
dronbreen-20220329-DAT_0234_A1_1,4855.0,538609.11,8668657.69,733.739,629.209,101.612,730.821,103.238,98.838,0.272,certain_temperate
dronbreen-20220329-DAT_0234_A1_1,4860.0,538607.21,8668652.92,733.916,629.907,101.091,730.998,102.717,98.317,0.272,certain_temperate
dronbreen-20220329-DAT_0234_A1_1,4865.0,538605.22,8668648.15,734.078,630.487,100.674,731.16,102.196,97.901,0.272,certain_temperate
dronbreen-20220329-DAT_0234_A1_1,4870.0,538603.75,8668644.38,734.204,630.924,100.361,731.285,101.884,97.588,0.272,certain_temperate
dronbreen-20220329-DAT_0234_A1_1,4875.0,538601.9,8668639.62,734.389,631.631,99.84,731.471,101.363,97.067,0.272,certain_temperate
dronbreen-20220329-DAT_0234_A1_1,4880.0,538600.16,8668634.98,734.575,632.234,99.423,731.657,100.946,96.65,0.272,certain_temperate
dronbreen-20220329-DAT_0234_A1_1,4885.0,538598.54,8668630.28,734.753,632.933,98.902,731.835,100.425,96.129,0.272,certain_temperate
dronbreen-20220329-DAT_0234_A1_1,4890.0,538596.63,8668624.73,734.919,633.62,98.381,732.001,99.903,95.608,0.272,certain_temperate
dronbreen-20220329-DAT_0234_A1_1,4895.0,538594.99,8668620.56,735.046,634.06,98.068,732.128,99.591,95.295,0.272,certain_temperate
dronbreen-20220329-DAT_0234_A1_1,4900.0,538593.08,8668615.79,735.209,634.639,97.651,732.291,99.174,94.982,0.272,certain_temperate
dronbreen-20220329-DAT_0234_A1_1,4905.0,538591.25,8668611.55,735.397,635.244,97.235,732.479,98.757,94.566,0.272,certain_temperate
dronbreen-20220329-DAT_0234_A1_1,4910.0,538589.18,8668606.47,735.66,636.029,96.713,732.742,98.236,94.044,0.272,certain_temperate
dronbreen-20220329-DAT_0234_A1_1,4915.0,538587.47,8668602.24,735.882,636.563,96.401,732.964,97.923,93.836,0.272,certain_temperate
dronbreen-20220329-DAT_0234_A1_1,4920.0,538585.44,8668597.22,736.131,636.916,96.297,733.213,97.819,93.732,0.272,certain_temperate
dronbreen-20220329-DAT_0234_A1_1,4925.0,538583.5,8668592.82,736.331,637.117,96.297,733.413,97.819,93.732,0.272,certain_temperate
dronbreen-20220329-DAT_0234_A1_1,4930.0,538581.34,8668588.41,736.508,637.293,96.297,733.59,97.819,93.836,0.272,certain_temperate
dronbreen-20220329-DAT_0234_A1_1,4935.0,538578.94,8668583.57,736.702,637.383,96.401,733.784,97.923,93.94,0.272,certain_temperate
dronbreen-20220329-DAT_0234_A1_1,4940.0,538576.6,8668578.82,736.926,637.294,96.713,734.008,98.236,94.357,0.272,certain_temperate
dronbreen-20220329-DAT_0234_A1_1,4945.0,538574.94,8668575.33,737.11,637.27,96.922,734.192,98.444,94.566,0.272,certain_temperate
dronbreen-20220329-DAT_0234_A1_1,4950.0,538572.69,8668570.74,737.342,637.189,97.235,734.424,98.757,94.878,0.272,certain_temperate
dronbreen-20220329-DAT_0234_A1_1,4955.0,538570.42,8668565.83,737.556,637.195,97.443,734.638,98.966,95.087,0.272,certain_temperate
dronbreen-20220329-DAT_0234_A1_1,4960.0,538568.21,8668560.99,737.713,637.248,97.547,734.795,99.07,95.191,0.272,certain_temperate
dronbreen-20220329-DAT_0234_A1_1,4965.0,538566.78,8668557.17,737.815,637.245,97.651,734.896,99.174,95.295,0.272,certain_temperate
dronbreen-20220329-DAT_0234_A1_1,4970.0,538565.04,8668551.58,737.948,637.379,97.651,735.03,99.174,95.295,0.272,certain_temperate
dronbreen-20220329-DAT_0234_A1_1,4975.0,538563.7,8668546.85,738.051,638.002,97.13,735.132,98.653,94.774,0.272,certain_temperate
dronbreen-20220329-DAT_0234_A1_1,4980.0,538562.43,8668541.79,738.112,638.585,96.609,735.194,98.132,94.253,0.272,certain_temperate
dronbreen-20220329-DAT_0234_A1_1,4985.0,538561.32,8668536.97,738.156,639.254,95.984,735.238,97.506,93.628,0.272,certain_temperate
dronbreen-20220329-DAT_0234_A1_1,4990.0,538560.29,8668532.58,738.196,639.606,95.671,735.278,97.194,93.315,0.272,certain_temperate
dronbreen-20220329-DAT_0234_A1_1,4995.0,538559.25,8668527.55,738.22,639.943,95.359,735.302,97.881,92.003,0.272,certain_temperate
dronbreen-20220329-DAT_0234_A1_1,5000.0,538557.99,8668522.62,738.177,640.734,95.671,736.405,97.046,92.212,0.268,certain_temperate
dronbreen-20220329-DAT_0234_A1_1,5005.0,538556.45,8668518.11,738.089,640.959,95.359,736.317,96.733,91.587,0.268,certain_temperate
dronbreen-20220329-DAT_0234_A1_1,5010.0,538554.79,8668513.28,737.959,641.454,93.587,735.041,95.132,91.625,0.272,certain_temperate
dronbreen-20220329-DAT_0234_A1_1,5015.0,538553.15,8668508.4,737.806,641.718,94.421,736.138,95.802,89.809,0.268,certain_temperate
