radar_key,distance,easting,northing,elevation,bed_elevation,temperate,temperate_elevation,temperate_lower,temperate_upper,temperate_gpr_uncertainty,bed_type
dronbreen-20220329-DAT_0235_A1_1,5.0,538553.41,8668504.61,737.716,640.69,95.671,736.362,97.026,36.73,0.267,certain_temperate
dronbreen-20220329-DAT_0235_A1_1,10.0,538556.15,8668500.3,737.728,639.764,96.609,736.373,97.293,38.189,0.267,certain_temperate
dronbreen-20220329-DAT_0235_A1_1,15.0,538560.21,8668496.88,737.862,638.648,97.86,736.507,98.544,43.713,0.267,certain_temperate
dronbreen-20220329-DAT_0235_A1_1,20.0,538564.85,8668494.59,738.081,637.824,98.902,736.726,99.586,49.34,0.267,certain_temperate
dronbreen-20220329-DAT_0235_A1_1,25.0,538568.66,8668492.84,738.27,637.284,99.632,736.915,100.315,53.717,0.267,certain_temperate
dronbreen-20220329-DAT_0235_A1_1,30.0,538574.14,8668490.58,738.519,636.49,100.674,737.164,101.358,61.117,0.267,certain_temperate
dronbreen-20220329-DAT_0235_A1_1,35.0,538578.73,8668489.31,738.672,636.227,101.091,737.317,101.774,66.745,0.267,certain_temperate
dronbreen-20220329-DAT_0235_A1_1,40.0,538583.02,8668488.04,738.968,636.106,101.507,737.613,102.191,73.519,0.267,certain_temperate
dronbreen-20220329-DAT_0235_A1_1,45.0,538587.66,8668486.41,739.348,635.965,102.029,737.993,102.712,86.858,0.267,certain_temperate
dronbreen-20220329-DAT_0235_A1_1,50.0,538592.54,8668484.4,739.764,636.485,101.924,738.409,102.608,93.32,0.267,certain_temperate
dronbreen-20220329-DAT_0235_A1_1,55.0,538597.1,8668482.8,740.138,637.901,100.882,738.783,101.589,96.84,0.267,certain_temperate
dronbreen-20220329-DAT_0235_A1_1,60.0,538602.41,8668480.97,740.52,638.491,100.778,739.269,101.38,97.883,0.267,certain_temperate
dronbreen-20220329-DAT_0235_A1_1,65.0,538606.59,8668479.44,740.83,638.802,100.778,739.58,101.357,97.906,0.267,certain_temperate
dronbreen-20220329-DAT_0235_A1_1,70.0,538610.9,8668477.86,741.154,640.168,99.736,739.904,100.315,96.863,0.267,certain_temperate
dronbreen-20220329-DAT_0235_A1_1,75.0,538615.7,8668476.01,741.546,641.811,98.485,740.296,99.065,95.613,0.267,certain_temperate
dronbreen-20220329-DAT_0235_A1_1,80.0,538620.19,8668474.16,741.921,643.332,97.339,740.67,97.918,94.467,0.267,certain_temperate
dronbreen-20220329-DAT_0235_A1_1,85.0,538625.77,8668471.65,742.382,645.565,95.567,741.132,96.147,92.695,0.267,certain_temperate
dronbreen-20220329-DAT_0235_A1_1,90.0,538630.33,8668469.79,742.751,647.08,94.421,741.501,95.0,91.548,0.267,certain_temperate
dronbreen-20220329-DAT_0235_A1_1,95.0,538634.19,8668468.15,743.081,648.452,93.378,741.83,93.958,90.506,0.267,certain_temperate
dronbreen-20220329-DAT_0235_A1_1,100.0,538638.82,8668466.19,743.519,649.723,92.545,742.268,93.124,89.673,0.267,certain_temperate
dronbreen-20220329-DAT_0235_A1_1,105.0,538643.42,8668464.34,743.984,651.126,91.607,742.733,92.186,88.735,0.267,certain_temperate
dronbreen-20220329-DAT_0235_A1_1,110.0,538648.7,8668462.19,744.52,652.914,90.356,743.27,90.936,87.484,0.267,certain_temperate
dronbreen-20220329-DAT_0235_A1_1,115.0,538652.68,8668460.63,744.943,654.17,89.522,743.692,90.102,86.65,0.267,certain_temperate
dronbreen-20220329-DAT_0235_A1_1,120.0,538657.23,8668458.78,745.442,656.441,87.751,744.192,88.33,84.879,0.267,certain_temperate
dronbreen-20220329-DAT_0235_A1_1,125.0,538662.26,8668457.11,745.99,658.761,85.979,744.74,86.559,83.107,0.267,certain_temperate
dronbreen-20220329-DAT_0235_A1_1,130.0,538667.37,8668455.66,746.557,661.204,84.103,745.307,84.683,81.231,0.267,certain_temperate
dronbreen-20220329-DAT_0235_A1_1,135.0,538672.49,8668455.57,747.068,663.173,82.644,745.818,83.224,79.668,0.267,certain_temperate
dronbreen-20220329-DAT_0235_A1_1,140.0,538676.68,8668458.16,747.351,664.602,81.498,746.1,82.077,78.521,0.267,certain_temperate
dronbreen-20220329-DAT_0235_A1_1,145.0,538678.24,8668462.8,747.221,660.825,85.145,745.971,85.725,82.169,0.267,certain_temperate
dronbreen-20220329-DAT_0235_A1_1,150.0,538677.08,8668468.16,746.789,656.745,88.793,745.538,89.372,85.816,0.267,certain_temperate
dronbreen-20220329-DAT_0235_A1_1,155.0,538674.26,8668471.49,746.353,653.183,91.919,745.102,92.499,88.943,0.267,certain_temperate
dronbreen-20220329-DAT_0235_A1_1,160.0,538670.32,8668474.29,745.898,650.435,94.212,744.648,94.792,91.236,0.267,certain_temperate
dronbreen-20220329-DAT_0235_A1_1,165.0,538665.93,8668476.83,745.456,647.596,96.609,744.205,97.189,93.633,0.267,certain_temperate
dronbreen-20220329-DAT_0235_A1_1,170.0,538661.58,8668479.31,745.022,644.765,99.006,743.771,99.586,96.03,0.267,certain_temperate
dronbreen-20220329-DAT_0235_A1_1,175.0,538657.55,8668481.75,744.595,643.504,99.84,743.344,100.419,96.863,0.267,certain_temperate
dronbreen-20220329-DAT_0235_A1_1,180.0,538652.32,8668484.53,744.051,642.022,100.778,742.8,101.357,97.801,0.267,certain_temperate
dronbreen-20220329-DAT_0235_A1_1,185.0,538647.77,8668486.54,743.617,640.859,101.507,742.366,102.087,98.531,0.267,certain_temperate
dronbreen-20220329-DAT_0235_A1_1,190.0,538644.11,8668488.11,743.301,640.439,101.612,742.05,102.191,98.635,0.267,certain_temperate
dronbreen-20220329-DAT_0235_A1_1,195.0,538639.04,8668490.2,742.87,640.32,101.299,741.619,101.878,98.323,0.267,certain_temperate
dronbreen-20220329-DAT_0235_A1_1,200.0,538634.23,8668492.3,742.466,639.603,101.612,741.215,102.191,98.635,0.267,certain_temperate
dronbreen-20220329-DAT_0235_A1_1,205.0,538630.04,8668493.96,742.139,639.068,101.82,740.888,102.4,98.844,0.267,certain_temperate
dronbreen-20220329-DAT_0235_A1_1,210.0,538624.98,8668496.21,741.754,638.579,101.924,740.504,102.504,98.948,0.267,certain_temperate
dronbreen-20220329-DAT_0235_A1_1,215.0,538620.19,8668498.22,741.407,637.919,102.237,740.156,102.816,99.26,0.267,certain_temperate
dronbreen-20220329-DAT_0235_A1_1,220.0,538615.65,8668500.2,741.017,637.321,102.445,739.766,103.025,99.469,0.267,certain_temperate
dronbreen-20220329-DAT_0235_A1_1,225.0,538611.42,8668501.93,740.622,636.821,102.55,739.371,103.129,99.573,0.267,certain_temperate
dronbreen-20220329-DAT_0235_A1_1,230.0,538606.57,8668503.71,740.101,636.093,102.758,738.851,103.337,99.782,0.267,certain_temperate
dronbreen-20220329-DAT_0235_A1_1,235.0,538602.08,8668505.33,740.01,635.793,102.966,738.76,103.546,99.99,0.267,certain_temperate
dronbreen-20220329-DAT_0235_A1_1,240.0,538597.18,8668506.77,740.091,635.77,103.071,738.841,103.65,100.094,0.267,certain_temperate
dronbreen-20220329-DAT_0235_A1_1,245.0,538592.0,8668508.39,739.909,635.588,103.071,738.658,103.65,100.094,0.267,certain_temperate
dronbreen-20220329-DAT_0235_A1_1,250.0,538587.65,8668509.98,739.617,635.295,103.071,738.366,103.65,100.094,0.267,certain_temperate
dronbreen-20220329-DAT_0235_A1_1,255.0,538583.28,8668511.46,739.321,634.999,103.071,738.07,103.65,100.094,0.267,certain_temperate
dronbreen-20220329-DAT_0235_A1_1,260.0,538577.69,8668513.57,738.966,634.54,103.175,737.715,103.65,100.303,0.267,certain_temperate
dronbreen-20220329-DAT_0235_A1_1,265.0,538573.46,8668515.31,738.752,634.326,103.175,737.501,103.65,100.407,0.267,certain_temperate
dronbreen-20220329-DAT_0235_A1_1,270.0,538569.13,8668516.92,738.579,634.258,103.071,737.329,103.546,100.303,0.267,certain_temperate
dronbreen-20220329-DAT_0235_A1_1,275.0,538564.26,8668519.14,738.419,633.994,103.175,737.169,103.65,100.511,0.267,certain_temperate
dronbreen-20220329-DAT_0235_A1_1,280.0,538560.28,8668521.4,738.275,633.641,103.383,737.025,103.859,100.72,0.267,certain_temperate
dronbreen-20220329-DAT_0235_A1_1,285.0,538556.6,8668524.87,738.109,633.475,103.383,736.859,103.859,100.824,0.267,certain_temperate
dronbreen-20220329-DAT_0235_A1_1,290.0,538555.47,8668530.02,738.009,633.48,103.279,736.759,103.754,100.824,0.267,certain_temperate
dronbreen-20220329-DAT_0235_A1_1,295.0,538557.1,8668534.38,738.027,633.288,103.488,736.776,103.963,100.824,0.267,certain_temperate
dronbreen-20220329-DAT_0235_A1_1,300.0,538561.28,8668537.47,738.145,633.302,103.592,736.894,104.067,100.72,0.267,certain_temperate
dronbreen-20220329-DAT_0235_A1_1,305.0,538566.22,8668538.99,738.32,633.373,103.696,737.069,104.171,100.72,0.267,certain_temperate
dronbreen-20220329-DAT_0235_A1_1,310.0,538571.28,8668538.44,738.537,633.486,103.8,737.287,104.275,100.824,0.267,certain_temperate
dronbreen-20220329-DAT_0235_A1_1,315.0,538575.48,8668536.76,738.742,633.795,103.696,737.491,104.171,100.72,0.267,certain_temperate
dronbreen-20220329-DAT_0235_A1_1,320.0,538579.04,8668535.56,738.921,633.87,103.8,737.67,104.275,100.824,0.267,certain_temperate
dronbreen-20220329-DAT_0235_A1_1,325.0,538590.29,8668532.16,739.528,634.477,103.8,738.277,104.275,100.824,0.267,certain_temperate
dronbreen-20220329-DAT_0235_A1_1,340.0,538601.53,8668528.76,740.135,635.084,103.8,738.884,104.275,100.824,0.267,certain_temperate
dronbreen-20220329-DAT_0235_A1_1,345.0,538604.89,8668529.36,740.285,633.15,105.885,739.035,106.36,102.908,0.267,certain_temperate
dronbreen-20220329-DAT_0235_A1_1,350.0,538609.46,8668528.57,740.508,633.477,105.78,739.258,106.256,102.804,0.267,certain_temperate
dronbreen-20220329-DAT_0235_A1_1,355.0,538614.79,8668527.1,740.767,633.32,106.197,739.517,106.672,103.221,0.267,certain_temperate
dronbreen-20220329-DAT_0235_A1_1,360.0,538619.3,8668525.36,740.993,633.545,106.197,739.742,106.672,103.221,0.267,certain_temperate
dronbreen-20220329-DAT_0235_A1_1,365.0,538623.58,8668523.5,741.153,633.601,106.301,739.903,106.777,103.325,0.267,certain_temperate
dronbreen-20220329-DAT_0235_A1_1,370.0,538628.27,8668521.53,741.339,633.683,106.406,740.089,106.881,103.429,0.267,certain_temperate
dronbreen-20220329-DAT_0235_A1_1,375.0,538632.45,8668519.79,741.686,633.925,106.51,740.435,106.985,103.533,0.267,certain_temperate
dronbreen-20220329-DAT_0235_A1_1,380.0,538637.11,8668517.44,741.392,633.944,106.197,740.141,106.672,103.221,0.267,certain_temperate
dronbreen-20220329-DAT_0235_A1_1,385.0,538641.95,8668515.1,742.049,634.809,105.989,740.798,106.464,103.012,0.267,certain_temperate
dronbreen-20220329-DAT_0235_A1_1,390.0,538645.95,8668513.06,742.715,635.788,105.676,741.464,106.151,102.7,0.267,certain_temperate
dronbreen-20220329-DAT_0235_A1_1,395.0,538650.28,8668510.81,743.083,636.365,105.468,741.832,105.943,102.491,0.267,certain_temperate
dronbreen-20220329-DAT_0235_A1_1,400.0,538654.79,8668508.52,743.373,637.072,105.051,742.122,105.526,102.074,0.267,certain_temperate
dronbreen-20220329-DAT_0235_A1_1,405.0,538659.69,8668506.15,743.674,637.685,104.738,742.423,105.213,101.762,0.267,certain_temperate
dronbreen-20220329-DAT_0235_A1_1,410.0,538664.33,8668503.95,743.985,638.204,104.53,742.734,105.005,101.553,0.267,certain_temperate
dronbreen-20220329-DAT_0235_A1_1,415.0,538668.79,8668502.03,744.336,638.868,104.217,743.085,104.692,101.241,0.267,certain_temperate
dronbreen-20220329-DAT_0235_A1_1,420.0,538673.37,8668500.18,744.749,639.907,103.592,743.499,104.067,100.615,0.267,certain_temperate
dronbreen-20220329-DAT_0235_A1_1,425.0,538678.47,8668498.22,745.222,641.213,102.758,743.971,103.233,99.782,0.267,certain_temperate
dronbreen-20220329-DAT_0235_A1_1,430.0,538682.88,8668496.62,745.629,643.496,100.882,744.378,101.357,97.906,0.267,certain_temperate
dronbreen-20220329-DAT_0235_A1_1,435.0,538687.97,8668494.89,746.075,646.443,98.381,744.824,98.856,95.404,0.267,certain_temperate
dronbreen-20220329-DAT_0235_A1_1,440.0,538692.43,8668493.35,746.462,650.061,95.15,745.211,95.625,92.174,0.267,certain_temperate
dronbreen-20220329-DAT_0235_A1_1,445.0,538697.11,8668492.15,746.849,653.888,91.711,745.599,92.186,88.735,0.267,certain_temperate
dronbreen-20220329-DAT_0235_A1_1,450.0,538701.87,8668492.19,747.19,657.563,88.376,745.939,88.851,85.4,0.267,certain_temperate
dronbreen-20220329-DAT_0235_A1_1,455.0,538706.72,8668493.17,747.496,660.787,85.458,746.245,85.933,82.482,0.267,certain_temperate
dronbreen-20220329-DAT_0235_A1_1,460.0,538710.97,8668495.88,747.63,663.318,83.061,746.379,83.536,80.085,0.267,certain_temperate
dronbreen-20220329-DAT_0235_A1_1,465.0,538714.44,8668499.19,747.645,663.854,82.54,746.394,83.015,79.563,0.267,certain_temperate
dronbreen-20220329-DAT_0235_A1_1,470.0,538717.66,8668503.71,747.517,662.997,83.269,746.267,83.745,80.293,0.267,certain_temperate
dronbreen-20220329-DAT_0235_A1_1,475.0,538719.27,8668508.82,747.21,661.335,84.624,745.959,85.099,81.648,0.267,certain_temperate
dronbreen-20220329-DAT_0235_A1_1,480.0,538719.36,8668513.04,746.869,659.639,85.979,745.618,86.454,83.003,0.267,certain_temperate
dronbreen-20220329-DAT_0235_A1_1,485.0,538718.22,8668519.02,746.293,656.666,88.376,745.042,88.874,85.377,0.267,certain_temperate
dronbreen-20220329-DAT_0235_A1_1,490.0,538716.72,8668523.19,745.866,654.676,90.044,744.719,90.437,86.94,0.267,certain_temperate
dronbreen-20220329-DAT_0235_A1_1,495.0,538715.03,8668527.12,745.472,653.032,91.294,744.326,91.665,88.214,0.267,certain_temperate
dronbreen-20220329-DAT_0235_A1_1,500.0,538713.08,8668532.47,745.019,649.556,94.316,743.872,94.687,91.236,0.267,certain_temperate
dronbreen-20220329-DAT_0235_A1_1,505.0,538711.04,8668536.74,744.666,647.328,96.192,743.52,96.563,93.112,0.267,certain_temperate
dronbreen-20220329-DAT_0235_A1_1,510.0,538708.52,8668540.71,744.318,645.52,97.651,743.171,98.022,94.571,0.267,certain_temperate
dronbreen-20220329-DAT_0235_A1_1,515.0,538704.95,8668544.32,743.945,644.105,98.694,742.799,99.064,95.613,0.267,certain_temperate
dronbreen-20220329-DAT_0235_A1_1,520.0,538700.87,8668547.05,743.649,642.35,100.153,742.502,100.523,97.072,0.267,certain_temperate
dronbreen-20220329-DAT_0235_A1_1,525.0,538696.87,8668550.0,743.421,640.975,101.299,742.274,101.67,98.219,0.267,certain_temperate
dronbreen-20220329-DAT_0235_A1_1,530.0,538692.74,8668553.07,743.137,639.441,102.55,741.99,102.92,99.469,0.267,certain_temperate
dronbreen-20220329-DAT_0235_A1_1,535.0,538688.42,8668555.72,742.867,637.816,103.904,741.72,104.275,100.824,0.267,certain_temperate
dronbreen-20220329-DAT_0235_A1_1,540.0,538684.22,8668558.24,742.612,636.207,105.259,741.466,105.63,102.179,0.267,certain_temperate
dronbreen-20220329-DAT_0235_A1_1,545.0,538679.92,8668560.78,742.358,634.806,106.406,741.211,106.776,103.325,0.267,certain_temperate
dronbreen-20220329-DAT_0235_A1_1,550.0,538675.01,8668563.43,742.103,633.404,107.552,740.956,107.923,104.472,0.267,certain_temperate
dronbreen-20220329-DAT_0235_A1_1,555.0,538670.81,8668565.79,741.873,632.237,108.49,740.727,108.861,105.409,0.267,certain_temperate
dronbreen-20220329-DAT_0235_A1_1,560.0,538666.29,8668568.39,741.61,630.932,109.532,740.464,109.903,106.452,0.267,certain_temperate
dronbreen-20220329-DAT_0235_A1_1,565.0,538661.8,8668571.06,741.338,629.2,110.991,740.191,111.362,107.911,0.267,certain_temperate
dronbreen-20220329-DAT_0235_A1_1,570.0,538657.92,8668573.43,741.089,627.91,112.033,739.943,112.404,108.953,0.267,certain_temperate
dronbreen-20220329-DAT_0235_A1_1,575.0,538653.19,8668576.52,740.792,626.674,112.971,739.646,113.342,109.891,0.267,certain_temperate
dronbreen-20220329-DAT_0235_A1_1,580.0,538649.74,8668578.71,740.577,625.73,113.701,739.431,114.072,110.62,0.267,certain_temperate
dronbreen-20220329-DAT_0235_A1_1,585.0,538645.36,8668581.56,740.304,624.519,114.639,739.157,115.01,111.558,0.267,certain_temperate
dronbreen-20220329-DAT_0235_A1_1,590.0,538641.17,8668584.65,740.0,623.173,115.681,738.854,116.052,112.6,0.267,certain_temperate
dronbreen-20220329-DAT_0235_A1_1,595.0,538637.12,8668587.56,739.689,621.715,116.827,738.542,117.198,113.747,0.267,certain_temperate
dronbreen-20220329-DAT_0235_A1_1,600.0,538633.38,8668590.4,739.353,620.545,117.661,738.206,118.032,114.581,0.267,certain_temperate
dronbreen-20220329-DAT_0235_A1_1,605.0,538629.33,8668593.76,738.925,619.701,118.078,737.779,118.449,114.997,0.267,certain_temperate
dronbreen-20220329-DAT_0235_A1_1,610.0,538625.45,8668596.95,738.466,618.512,118.807,737.319,119.178,115.727,0.267,certain_temperate
dronbreen-20220329-DAT_0235_A1_1,615.0,538621.85,8668599.75,738.054,618.204,118.703,736.907,119.074,115.623,0.267,certain_temperate
dronbreen-20220329-DAT_0235_A1_1,620.0,538616.99,8668602.83,737.558,618.125,118.286,736.411,118.657,115.206,0.267,certain_temperate
dronbreen-20220329-DAT_0235_A1_1,625.0,538612.85,8668605.59,737.124,618.108,117.87,735.977,118.24,114.789,0.267,certain_temperate
dronbreen-20220329-DAT_0235_A1_1,630.0,538608.97,8668608.25,736.71,619.987,115.577,735.564,115.948,112.496,0.267,certain_temperate
dronbreen-20220329-DAT_0235_A1_1,635.0,538604.96,8668611.05,736.23,624.301,110.783,735.084,111.154,107.702,0.267,certain_temperate
dronbreen-20220329-DAT_0235_A1_1,640.0,538601.07,8668613.54,735.795,625.846,108.803,734.649,109.173,105.722,0.267,certain_temperate
dronbreen-20220329-DAT_0235_A1_1,645.0,538596.45,8668616.56,735.333,627.468,106.718,734.187,107.089,103.638,0.267,certain_temperate
dronbreen-20220329-DAT_0235_A1_1,650.0,538592.28,8668619.38,734.987,630.353,103.488,733.84,103.858,100.407,0.267,certain_temperate
dronbreen-20220329-DAT_0235_A1_1,655.0,538588.24,8668622.79,734.675,631.708,101.82,733.528,102.191,98.74,0.267,certain_temperate
dronbreen-20220329-DAT_0235_A1_1,660.0,538584.94,8668626.26,734.41,636.863,96.401,733.263,96.772,93.32,0.267,certain_temperate
dronbreen-20220329-DAT_0235_A1_1,665.0,538582.4,8668630.65,734.124,638.557,94.421,732.978,94.791,91.34,0.267,certain_temperate
dronbreen-20220329-DAT_0235_A1_1,670.0,538581.24,8668634.71,733.898,639.582,93.17,732.752,93.541,90.09,0.267,certain_temperate
dronbreen-20220329-DAT_0235_A1_1,675.0,538580.6,8668640.19,733.648,636.518,95.984,732.502,96.355,92.903,0.267,certain_temperate
dronbreen-20220329-DAT_0235_A1_1,680.0,538580.41,8668644.89,733.51,636.692,95.671,732.363,96.042,92.591,0.267,certain_temperate
dronbreen-20220329-DAT_0235_A1_1,685.0,538580.2,8668649.66,733.414,635.971,96.297,732.267,96.667,93.216,0.267,certain_temperate
dronbreen-20220329-DAT_0235_A1_1,690.0,538580.09,8668654.56,733.321,634.94,97.235,732.175,97.605,94.154,0.267,certain_temperate
dronbreen-20220329-DAT_0235_A1_1,695.0,538580.24,8668660.46,733.161,633.947,98.068,732.015,98.439,94.988,0.267,certain_temperate
dronbreen-20220329-DAT_0235_A1_1,700.0,538581.25,8668664.77,733.039,632.782,99.11,731.892,99.481,96.03,0.267,certain_temperate
dronbreen-20220329-DAT_0235_A1_1,705.0,538583.52,8668669.11,732.926,630.898,100.882,731.78,101.253,97.802,0.267,certain_temperate
dronbreen-20220329-DAT_0235_A1_1,710.0,538588.07,8668672.22,732.874,628.032,103.696,731.728,104.067,100.616,0.267,certain_temperate
dronbreen-20220329-DAT_0235_A1_1,715.0,538592.49,8668673.9,732.876,626.887,104.842,731.73,105.213,101.762,0.267,certain_temperate
dronbreen-20220329-DAT_0235_A1_1,720.0,538597.05,8668673.9,732.955,626.653,105.155,731.808,105.526,102.075,0.267,certain_temperate
dronbreen-20220329-DAT_0235_A1_1,725.0,538602.49,8668672.03,733.103,627.01,104.947,731.956,105.317,101.866,0.267,certain_temperate
dronbreen-20220329-DAT_0235_A1_1,730.0,538606.78,8668670.76,733.193,626.475,105.572,732.046,105.943,102.491,0.267,certain_temperate
dronbreen-20220329-DAT_0235_A1_1,735.0,538611.49,8668669.17,733.291,625.635,106.51,732.145,106.881,103.429,0.267,certain_temperate
dronbreen-20220329-DAT_0235_A1_1,740.0,538616.34,8668667.51,733.411,625.338,106.927,732.265,107.298,103.846,0.267,certain_temperate
dronbreen-20220329-DAT_0235_A1_1,745.0,538621.5,8668665.69,733.575,625.085,107.344,732.429,107.714,104.263,0.267,certain_temperate
dronbreen-20220329-DAT_0235_A1_1,750.0,538626.2,8668664.01,733.772,624.865,107.76,732.626,108.131,104.68,0.267,certain_temperate
dronbreen-20220329-DAT_0235_A1_1,755.0,538629.99,8668662.63,733.975,624.86,107.969,732.828,108.34,104.888,0.267,certain_temperate
dronbreen-20220329-DAT_0235_A1_1,760.0,538635.64,8668660.46,734.29,624.653,108.49,733.143,108.861,105.409,0.267,certain_temperate
dronbreen-20220329-DAT_0235_A1_1,765.0,538639.89,8668658.75,734.543,624.594,108.803,733.397,109.173,105.722,0.267,certain_temperate
dronbreen-20220329-DAT_0235_A1_1,770.0,538644.58,8668656.9,734.849,624.483,109.219,733.702,109.59,106.139,0.267,certain_temperate
dronbreen-20220329-DAT_0235_A1_1,775.0,538649.12,8668655.05,735.189,624.407,109.636,734.043,110.007,106.556,0.267,certain_temperate
dronbreen-20220329-DAT_0235_A1_1,780.0,538653.5,8668653.07,735.542,624.447,109.949,734.396,110.32,106.869,0.267,certain_temperate
dronbreen-20220329-DAT_0235_A1_1,785.0,538658.64,8668650.56,735.95,624.854,109.949,734.803,110.32,106.869,0.267,certain_temperate
dronbreen-20220329-DAT_0235_A1_1,790.0,538662.67,8668648.58,736.223,625.023,110.053,735.077,110.424,106.973,0.267,certain_temperate
dronbreen-20220329-DAT_0235_A1_1,795.0,538666.71,8668646.62,736.481,625.281,110.053,735.334,110.424,106.973,0.267,certain_temperate
dronbreen-20220329-DAT_0235_A1_1,800.0,538671.57,8668644.28,736.768,625.465,110.157,735.622,110.528,107.077,0.267,certain_temperate
dronbreen-20220329-DAT_0235_A1_1,805.0,538675.69,8668642.16,737.051,625.748,110.157,735.905,110.528,107.077,0.267,certain_temperate
dronbreen-20220329-DAT_0235_A1_1,810.0,538681.12,8668639.41,737.42,626.012,110.262,736.273,110.632,107.181,0.267,certain_temperate
dronbreen-20220329-DAT_0235_A1_1,815.0,538685.07,8668637.36,737.675,626.267,110.262,736.529,110.632,107.181,0.267,certain_temperate
dronbreen-20220329-DAT_0235_A1_1,820.0,538689.73,8668635.31,737.922,626.41,110.366,736.776,110.737,107.285,0.267,certain_temperate
dronbreen-20220329-DAT_0235_A1_1,825.0,538694.86,8668633.52,738.118,626.606,110.366,736.972,110.737,107.285,0.267,certain_temperate
dronbreen-20220329-DAT_0235_A1_1,830.0,538699.39,8668631.84,738.297,626.681,110.47,737.151,110.841,107.39,0.267,certain_temperate
dronbreen-20220329-DAT_0235_A1_1,835.0,538704.32,8668630.08,738.505,626.889,110.47,737.359,110.841,107.39,0.267,certain_temperate
dronbreen-20220329-DAT_0235_A1_1,840.0,538708.61,8668628.73,738.688,626.967,110.574,737.541,110.945,107.494,0.267,certain_temperate
dronbreen-20220329-DAT_0235_A1_1,845.0,538713.71,8668627.07,738.88,627.16,110.574,737.734,110.945,107.494,0.267,certain_temperate
dronbreen-20220329-DAT_0235_A1_1,850.0,538717.75,8668625.69,738.979,627.154,110.679,737.832,111.049,107.598,0.267,certain_temperate
dronbreen-20220329-DAT_0235_A1_1,855.0,538723.07,8668624.23,739.016,627.191,110.679,737.87,111.049,107.598,0.267,certain_temperate
dronbreen-20220329-DAT_0235_A1_1,860.0,538728.1,8668622.95,739.04,627.11,110.783,737.893,111.154,107.702,0.267,certain_temperate
dronbreen-20220329-DAT_0235_A1_1,865.0,538732.62,8668621.84,739.061,627.132,110.783,737.915,111.154,107.702,0.267,certain_temperate
dronbreen-20220329-DAT_0235_A1_1,870.0,538737.79,8668620.41,739.1,627.483,110.47,737.953,110.841,107.39,0.267,certain_temperate
dronbreen-20220329-DAT_0235_A1_1,875.0,538742.4,8668619.1,739.144,628.049,109.949,737.998,110.32,106.869,0.267,certain_temperate
dronbreen-20220329-DAT_0235_A1_1,880.0,538747.14,8668617.79,739.175,628.601,109.428,738.029,109.799,106.347,0.267,certain_temperate
dronbreen-20220329-DAT_0235_A1_1,885.0,538752.28,8668616.45,739.213,630.307,107.76,738.067,108.131,104.68,0.267,certain_temperate
dronbreen-20220329-DAT_0235_A1_1,890.0,538756.7,8668615.37,739.238,630.54,107.552,738.092,107.923,104.472,0.267,certain_temperate
dronbreen-20220329-DAT_0235_A1_1,895.0,538761.18,8668614.29,739.276,631.203,106.927,738.13,107.298,103.846,0.267,certain_temperate
dronbreen-20220329-DAT_0235_A1_1,900.0,538766.41,8668612.95,739.352,631.696,106.51,738.206,106.881,103.429,0.267,certain_temperate
dronbreen-20220329-DAT_0235_A1_1,905.0,538770.75,8668611.69,739.421,631.869,106.406,738.275,106.776,103.325,0.267,certain_temperate
dronbreen-20220329-DAT_0235_A1_1,910.0,538775.93,8668610.15,739.389,632.045,106.197,738.243,106.568,103.117,0.267,certain_temperate
dronbreen-20220329-DAT_0235_A1_1,915.0,538780.33,8668608.76,739.329,632.193,105.989,738.182,106.36,102.908,0.267,certain_temperate
dronbreen-20220329-DAT_0235_A1_1,920.0,538785.37,8668607.17,739.467,632.749,105.572,738.32,105.943,102.491,0.267,certain_temperate
dronbreen-20220329-DAT_0235_A1_1,925.0,538790.15,8668605.84,739.604,632.99,105.468,738.458,105.839,102.387,0.267,certain_temperate
dronbreen-20220329-DAT_0235_A1_1,930.0,538795.43,8668604.27,739.729,633.115,105.468,738.583,105.839,102.387,0.267,certain_temperate
dronbreen-20220329-DAT_0235_A1_1,935.0,538800.17,8668602.94,739.823,633.313,105.363,738.676,105.734,102.283,0.267,certain_temperate
dronbreen-20220329-DAT_0235_A1_1,940.0,538804.47,8668602.04,739.893,632.966,105.78,738.746,106.151,102.7,0.267,certain_temperate
dronbreen-20220329-DAT_0235_A1_1,945.0,538809.67,8668602.47,739.834,632.699,105.989,738.688,106.36,102.908,0.267,certain_temperate
dronbreen-20220329-DAT_0235_A1_1,950.0,538814.12,8668604.77,739.557,632.214,106.197,738.411,106.568,103.117,0.267,certain_temperate
dronbreen-20220329-DAT_0235_A1_1,955.0,538817.98,8668608.35,739.109,631.14,106.822,737.962,107.089,103.742,0.267,certain_temperate
dronbreen-20220329-DAT_0235_A1_1,960.0,538820.51,8668612.15,738.613,630.123,107.344,737.466,107.61,104.263,0.267,certain_temperate
dronbreen-20220329-DAT_0235_A1_1,965.0,538822.44,8668616.98,737.999,629.509,107.344,736.853,107.61,104.263,0.267,certain_temperate
dronbreen-20220329-DAT_0235_A1_1,970.0,538823.01,8668622.02,737.431,628.941,107.344,736.285,107.61,104.159,0.267,certain_temperate
dronbreen-20220329-DAT_0235_A1_1,975.0,538822.48,8668627.09,736.943,628.557,107.239,735.796,107.506,104.055,0.267,certain_temperate
dronbreen-20220329-DAT_0235_A1_1,980.0,538821.11,8668632.2,736.769,628.279,107.344,735.622,107.61,104.159,0.267,certain_temperate
dronbreen-20220329-DAT_0235_A1_1,985.0,538818.83,8668636.23,736.507,627.809,107.552,735.361,107.819,104.367,0.267,certain_temperate
dronbreen-20220329-DAT_0235_A1_1,990.0,538815.45,8668639.98,736.213,627.411,107.656,735.067,107.923,104.472,0.267,certain_temperate
dronbreen-20220329-DAT_0235_A1_1,995.0,538812.08,8668643.0,735.946,626.935,107.865,734.8,108.131,104.68,0.267,certain_temperate
dronbreen-20220329-DAT_0235_A1_1,1000.0,538807.76,8668646.76,735.612,625.976,108.49,734.466,108.757,105.305,0.267,certain_temperate
dronbreen-20220329-DAT_0235_A1_1,1005.0,538803.64,8668650.0,735.353,624.988,109.219,734.207,109.486,106.035,0.267,certain_temperate
dronbreen-20220329-DAT_0235_A1_1,1010.0,538800.42,8668652.51,735.204,623.9,110.157,734.058,110.424,106.973,0.267,certain_temperate
dronbreen-20220329-DAT_0235_A1_1,1015.0,538796.0,8668655.85,735.034,622.792,111.095,733.888,111.362,107.911,0.267,certain_temperate
dronbreen-20220329-DAT_0235_A1_1,1020.0,538792.2,8668658.72,734.922,621.846,111.929,733.775,112.196,108.744,0.267,certain_temperate
dronbreen-20220329-DAT_0235_A1_1,1025.0,538788.23,8668661.71,734.808,620.899,112.763,733.662,113.029,109.578,0.267,certain_temperate
dronbreen-20220329-DAT_0235_A1_1,1030.0,538783.65,8668665.05,734.678,619.935,113.597,733.532,113.863,110.412,0.267,certain_temperate
dronbreen-20220329-DAT_0235_A1_1,1035.0,538779.79,8668667.76,734.558,618.982,114.43,733.412,114.697,111.246,0.267,certain_temperate
dronbreen-20220329-DAT_0235_A1_1,1040.0,538776.4,8668670.05,734.458,618.256,115.056,733.312,115.322,111.871,0.267,certain_temperate
dronbreen-20220329-DAT_0235_A1_1,1045.0,538772.02,8668673.03,734.351,617.419,115.785,733.205,116.052,112.6,0.267,certain_temperate
dronbreen-20220329-DAT_0235_A1_1,1050.0,538767.83,8668675.89,734.256,616.282,116.827,733.11,117.094,113.643,0.267,certain_temperate
dronbreen-20220329-DAT_0235_A1_1,1055.0,538762.82,8668679.15,734.19,615.799,117.244,733.043,117.511,114.059,0.267,certain_temperate
dronbreen-20220329-DAT_0235_A1_1,1060.0,538759.19,8668681.53,734.122,615.314,117.661,732.975,117.928,114.476,0.267,certain_temperate
dronbreen-20220329-DAT_0235_A1_1,1065.0,538754.95,8668684.45,733.973,614.748,118.078,732.826,118.345,114.893,0.267,certain_temperate
dronbreen-20220329-DAT_0235_A1_1,1070.0,538750.58,8668687.24,733.799,614.471,118.182,732.653,118.449,114.997,0.267,certain_temperate
dronbreen-20220329-DAT_0235_A1_1,1075.0,538746.86,8668689.55,733.673,614.345,118.182,732.527,118.449,114.997,0.267,certain_temperate
dronbreen-20220329-DAT_0235_A1_1,1080.0,538742.81,8668692.19,733.553,614.224,118.182,732.406,118.472,114.975,0.267,certain_temperate
dronbreen-20220329-DAT_0235_A1_1,1085.0,538738.31,8668695.13,733.423,613.99,118.182,732.172,118.576,115.079,0.267,certain_temperate
dronbreen-20220329-DAT_0235_A1_1,1090.0,538733.84,8668698.17,733.256,613.823,118.182,732.005,118.553,115.101,0.267,certain_temperate
dronbreen-20220329-DAT_0235_A1_1,1095.0,538729.59,8668700.9,733.059,613.522,118.286,731.809,118.657,115.206,0.267,certain_temperate
dronbreen-20220329-DAT_0235_A1_1,1100.0,538725.59,8668703.38,732.882,613.241,118.391,731.631,118.762,115.31,0.267,certain_temperate
dronbreen-20220329-DAT_0235_A1_1,1105.0,538721.67,8668705.82,732.713,612.863,118.599,731.462,118.97,115.518,0.267,certain_temperate
dronbreen-20220329-DAT_0235_A1_1,1110.0,538716.78,8668708.84,732.501,612.651,118.599,731.25,118.97,115.518,0.267,certain_temperate
dronbreen-20220329-DAT_0235_A1_1,1115.0,538713.04,8668710.97,732.357,612.82,118.286,731.106,118.657,115.206,0.267,certain_temperate
dronbreen-20220329-DAT_0235_A1_1,1120.0,538708.68,8668713.45,732.174,612.637,118.286,730.924,118.657,115.206,0.267,certain_temperate
dronbreen-20220329-DAT_0235_A1_1,1125.0,538704.35,8668715.93,732.008,612.367,118.391,730.758,118.762,115.31,0.267,certain_temperate
dronbreen-20220329-DAT_0235_A1_1,1255.0,538643.33,8668783.84,728.322,596.592,130.376,726.967,130.851,127.399,0.267,certain_temperate
dronbreen-20220329-DAT_0235_A1_1,1260.0,538647.77,8668785.21,728.221,595.865,131.001,726.866,131.476,128.024,0.267,certain_temperate
dronbreen-20220329-DAT_0235_A1_1,1265.0,538652.3,8668785.89,728.138,597.241,129.542,726.783,130.017,126.565,0.267,certain_temperate
dronbreen-20220329-DAT_0235_A1_1,1270.0,538657.28,8668785.73,728.077,598.431,128.291,726.722,128.767,125.315,0.267,certain_temperate
dronbreen-20220329-DAT_0235_A1_1,1275.0,538662.29,8668785.99,727.984,599.068,127.562,726.629,128.037,124.585,0.267,certain_temperate
dronbreen-20220329-DAT_0235_A1_1,1280.0,538668.18,8668785.74,727.882,600.008,126.52,726.527,126.995,123.543,0.267,certain_temperate
dronbreen-20220329-DAT_0235_A1_1,1285.0,538672.24,8668785.6,727.821,600.885,125.582,726.467,126.057,122.605,0.267,certain_temperate
dronbreen-20220329-DAT_0235_A1_1,1290.0,538677.62,8668785.08,727.759,601.657,124.748,726.404,125.223,121.771,0.267,certain_temperate
dronbreen-20220329-DAT_0235_A1_1,1295.0,538682.52,8668784.34,727.734,602.361,124.018,726.379,124.494,121.042,0.267,certain_temperate
dronbreen-20220329-DAT_0235_A1_1,1300.0,538687.85,8668783.25,727.734,602.986,123.393,726.379,123.868,120.416,0.267,certain_temperate
dronbreen-20220329-DAT_0235_A1_1,1305.0,538691.92,8668781.94,727.777,603.55,122.872,726.422,123.347,119.895,0.267,certain_temperate
dronbreen-20220329-DAT_0235_A1_1,1310.0,538697.62,8668780.54,727.81,604.0,122.455,726.455,122.93,119.478,0.267,certain_temperate
dronbreen-20220329-DAT_0235_A1_1,1315.0,538702.77,8668779.53,727.827,604.434,122.038,726.472,122.514,119.062,0.267,certain_temperate
dronbreen-20220329-DAT_0235_A1_1,1320.0,538706.54,8668778.92,727.776,604.383,122.038,726.421,122.514,119.062,0.267,certain_temperate
dronbreen-20220329-DAT_0235_A1_1,1325.0,538711.57,8668778.1,727.708,604.732,121.621,726.354,122.12,118.622,0.267,certain_temperate
dronbreen-20220329-DAT_0235_A1_1,1330.0,538716.79,8668777.23,727.6,604.624,121.517,726.141,122.12,118.622,0.267,certain_temperate
dronbreen-20220329-DAT_0235_A1_1,1335.0,538722.12,8668775.93,727.545,604.256,121.83,726.086,122.41,118.957,0.267,certain_temperate
dronbreen-20220329-DAT_0235_A1_1,1340.0,538726.76,8668774.82,727.535,604.142,121.934,726.076,122.514,119.061,0.267,certain_temperate
dronbreen-20220329-DAT_0235_A1_1,1345.0,538731.27,8668773.83,727.583,603.981,122.142,726.124,122.722,119.27,0.267,certain_temperate
dronbreen-20220329-DAT_0235_A1_1,1350.0,538736.81,8668772.69,727.647,603.421,122.768,726.188,123.348,119.895,0.267,certain_temperate
dronbreen-20220329-DAT_0235_A1_1,1355.0,538741.74,8668771.71,727.726,603.291,122.976,726.267,123.556,120.103,0.267,certain_temperate
dronbreen-20220329-DAT_0235_A1_1,1360.0,538746.74,8668770.93,727.77,603.023,123.289,726.311,123.869,120.416,0.267,certain_temperate
dronbreen-20220329-DAT_0235_A1_1,1365.0,538751.35,8668770.31,727.734,602.361,123.914,726.275,124.494,121.041,0.267,certain_temperate
dronbreen-20220329-DAT_0235_A1_1,1370.0,538756.11,8668769.71,727.652,602.07,124.123,726.193,124.702,121.25,0.267,certain_temperate
dronbreen-20220329-DAT_0235_A1_1,1375.0,538761.12,8668769.11,727.534,602.057,124.018,726.075,124.598,121.146,0.267,certain_temperate
dronbreen-20220329-DAT_0235_A1_1,1380.0,538766.57,8668768.46,727.429,602.055,123.914,725.97,124.494,121.041,0.267,certain_temperate
dronbreen-20220329-DAT_0235_A1_1,1385.0,538770.8,8668767.9,727.366,602.306,123.601,725.907,124.181,120.729,0.267,certain_temperate
dronbreen-20220329-DAT_0235_A1_1,1390.0,538775.75,8668767.43,727.253,602.401,123.393,725.794,123.973,120.52,0.267,certain_temperate
dronbreen-20220329-DAT_0235_A1_1,1395.0,538781.0,8668767.0,727.088,603.279,122.351,725.629,122.931,119.478,0.267,certain_temperate
dronbreen-20220329-DAT_0235_A1_1,1400.0,538786.32,8668766.67,726.883,604.22,121.204,725.424,121.784,118.332,0.267,certain_temperate
dronbreen-20220329-DAT_0235_A1_1,1405.0,538790.66,8668766.42,726.707,604.46,120.788,725.248,121.367,117.915,0.267,certain_temperate
dronbreen-20220329-DAT_0235_A1_1,1410.0,538796.12,8668766.3,726.492,604.766,120.266,725.033,120.846,117.394,0.267,certain_temperate
dronbreen-20220329-DAT_0235_A1_1,1415.0,538800.67,8668766.07,726.352,605.356,119.537,724.893,120.117,116.664,0.267,certain_temperate
dronbreen-20220329-DAT_0235_A1_1,1420.0,538805.49,8668765.89,726.225,606.062,118.703,724.766,119.283,115.831,0.267,certain_temperate
dronbreen-20220329-DAT_0235_A1_1,1425.0,538810.48,8668765.75,726.101,606.46,118.182,724.642,118.762,115.309,0.267,certain_temperate
dronbreen-20220329-DAT_0235_A1_1,1430.0,538816.42,8668765.44,725.96,607.153,117.348,724.501,117.928,114.476,0.267,certain_temperate
dronbreen-20220329-DAT_0235_A1_1,1435.0,538821.33,8668765.32,725.786,607.395,116.932,724.327,117.511,114.059,0.267,certain_temperate
dronbreen-20220329-DAT_0235_A1_1,1440.0,538825.8,8668765.1,725.604,608.255,115.889,724.145,116.469,113.017,0.267,certain_temperate
dronbreen-20220329-DAT_0235_A1_1,1445.0,538831.28,8668764.86,725.373,608.963,114.951,723.914,115.554,112.056,0.267,certain_temperate
dronbreen-20220329-DAT_0235_A1_1,1450.0,538835.63,8668764.55,725.227,609.025,114.639,723.664,115.346,111.847,0.267,certain_temperate
dronbreen-20220329-DAT_0235_A1_1,1455.0,538841.31,8668764.06,725.107,609.426,114.118,723.543,114.802,111.349,0.267,certain_temperate
dronbreen-20220329-DAT_0235_A1_1,1460.0,538846.4,8668763.68,725.02,609.964,113.492,723.457,114.177,110.724,0.267,certain_temperate
dronbreen-20220329-DAT_0235_A1_1,1465.0,538850.99,8668763.44,724.936,610.505,112.867,723.372,113.551,110.098,0.267,certain_temperate
dronbreen-20220329-DAT_0235_A1_1,1470.0,538855.92,8668763.09,724.825,611.125,112.138,723.262,112.822,109.369,0.267,certain_temperate
dronbreen-20220329-DAT_0235_A1_1,1475.0,538861.03,8668762.68,724.657,611.165,111.929,723.094,112.613,109.16,0.267,certain_temperate
dronbreen-20220329-DAT_0235_A1_1,1480.0,538865.59,8668762.25,724.48,609.737,113.18,722.917,113.864,110.411,0.267,certain_temperate
dronbreen-20220329-DAT_0235_A1_1,1485.0,538870.87,8668761.9,724.245,609.919,112.763,722.682,113.447,109.994,0.267,certain_temperate
dronbreen-20220329-DAT_0235_A1_1,1490.0,538876.39,8668761.51,724.0,610.195,112.242,722.436,112.926,109.473,0.267,certain_temperate
dronbreen-20220329-DAT_0235_A1_1,1495.0,538881.25,8668761.21,723.784,610.5,111.721,722.22,112.405,108.952,0.267,certain_temperate
dronbreen-20220329-DAT_0235_A1_1,1500.0,538885.02,8668758.9,723.743,626.196,95.984,722.18,96.668,93.215,0.267,certain_temperate
dronbreen-20220329-DAT_0235_A1_1,1505.0,538889.96,8668757.93,723.582,626.348,95.671,722.019,96.356,92.903,0.267,certain_temperate
dronbreen-20220329-DAT_0235_A1_1,1510.0,538894.89,8668756.77,723.459,626.537,95.359,721.896,96.043,92.59,0.267,certain_temperate
dronbreen-20220329-DAT_0235_A1_1,1515.0,538899.86,8668755.98,723.343,626.734,95.046,721.78,95.73,92.277,0.267,certain_temperate
dronbreen-20220329-DAT_0235_A1_1,1520.0,538904.79,8668755.5,723.195,626.795,94.838,721.632,95.522,92.069,0.267,certain_temperate
dronbreen-20220329-DAT_0235_A1_1,1525.0,538909.44,8668755.11,723.021,626.828,94.629,721.457,95.313,91.86,0.267,certain_temperate
dronbreen-20220329-DAT_0235_A1_1,1530.0,538915.27,8668754.56,722.79,626.806,94.421,721.227,95.105,91.652,0.267,certain_temperate
dronbreen-20220329-DAT_0235_A1_1,1535.0,538919.34,8668754.19,722.612,626.836,94.212,721.048,94.897,91.444,0.267,certain_temperate
dronbreen-20220329-DAT_0235_A1_1,1540.0,538925.01,8668753.68,722.387,626.82,94.004,720.824,94.688,91.235,0.267,certain_temperate
dronbreen-20220329-DAT_0235_A1_1,1545.0,538929.93,8668753.31,722.186,626.932,93.691,720.623,94.375,90.922,0.267,certain_temperate
dronbreen-20220329-DAT_0235_A1_1,1550.0,538934.68,8668753.03,721.981,627.039,93.378,720.418,94.063,90.61,0.267,certain_temperate
dronbreen-20220329-DAT_0235_A1_1,1555.0,538940.1,8668752.92,721.731,627.31,92.857,720.167,93.438,90.089,0.267,certain_temperate
dronbreen-20220329-DAT_0235_A1_1,1560.0,538945.27,8668752.83,721.503,627.395,92.545,719.939,93.125,89.776,0.267,certain_temperate
dronbreen-20220329-DAT_0235_A1_1,1565.0,538950.06,8668752.75,721.309,627.514,92.232,719.746,92.812,89.463,0.267,certain_temperate
dronbreen-20220329-DAT_0235_A1_1,1570.0,538955.13,8668752.76,721.088,627.709,91.815,719.525,92.395,89.047,0.267,certain_temperate
dronbreen-20220329-DAT_0235_A1_1,1575.0,538959.57,8668752.68,720.913,627.847,91.503,719.35,92.083,88.734,0.267,certain_temperate
dronbreen-20220329-DAT_0235_A1_1,1580.0,538965.17,8668752.66,720.713,628.168,90.981,719.15,91.562,88.213,0.267,certain_temperate
dronbreen-20220329-DAT_0235_A1_1,1585.0,538969.83,8668752.79,720.561,628.537,90.46,718.998,91.041,87.692,0.267,certain_temperate
dronbreen-20220329-DAT_0235_A1_1,1590.0,538974.83,8668752.78,720.451,628.74,90.148,718.887,90.728,87.379,0.267,certain_temperate
dronbreen-20220329-DAT_0235_A1_1,1595.0,538979.92,8668753.05,720.318,629.024,89.731,718.755,90.311,86.962,0.267,certain_temperate
dronbreen-20220329-DAT_0235_A1_1,1600.0,538984.93,8668753.79,720.15,628.96,89.627,718.587,90.207,86.858,0.267,certain_temperate
dronbreen-20220329-DAT_0235_A1_1,1605.0,538989.3,8668755.26,719.927,629.154,89.21,718.364,89.79,86.441,0.267,certain_temperate
dronbreen-20220329-DAT_0235_A1_1,1610.0,538993.56,8668758.13,719.599,628.93,89.106,718.036,89.686,86.337,0.267,certain_temperate
dronbreen-20220329-DAT_0235_A1_1,1615.0,538996.81,8668761.66,719.239,628.675,89.001,717.676,89.581,86.233,0.267,certain_temperate
dronbreen-20220329-DAT_0235_A1_1,1620.0,538999.77,8668765.44,718.854,628.081,89.21,717.291,89.79,86.441,0.267,certain_temperate
dronbreen-20220329-DAT_0235_A1_1,1625.0,539002.97,8668770.5,718.31,626.807,89.939,716.747,90.519,87.171,0.267,certain_temperate
dronbreen-20220329-DAT_0235_A1_1,1630.0,539004.9,8668774.77,717.844,625.404,90.877,716.281,91.457,88.109,0.267,certain_temperate
dronbreen-20220329-DAT_0235_A1_1,1635.0,539005.57,8668779.27,717.411,624.137,91.711,715.848,92.291,88.942,0.267,certain_temperate
dronbreen-20220329-DAT_0235_A1_1,1640.0,539004.75,8668784.5,716.963,622.855,92.545,715.399,93.125,89.776,0.267,certain_temperate
dronbreen-20220329-DAT_0235_A1_1,1645.0,539002.79,8668789.33,716.568,621.835,93.17,715.005,93.75,90.401,0.267,certain_temperate
dronbreen-20220329-DAT_0235_A1_1,1650.0,539000.01,8668793.11,716.291,621.036,93.691,714.727,94.271,90.922,0.267,certain_temperate
dronbreen-20220329-DAT_0235_A1_1,1655.0,538996.12,8668796.6,716.073,620.298,94.212,714.51,94.792,91.444,0.267,certain_temperate
dronbreen-20220329-DAT_0235_A1_1,1660.0,538992.54,8668799.6,715.896,619.495,94.838,714.332,95.418,92.069,0.267,certain_temperate
dronbreen-20220329-DAT_0235_A1_1,1665.0,538988.56,8668802.6,715.731,616.412,97.756,714.168,98.359,94.964,0.267,certain_temperate
dronbreen-20220329-DAT_0235_A1_1,1670.0,538984.48,8668805.5,715.574,615.421,98.485,713.907,99.193,95.798,0.268,certain_temperate
dronbreen-20220329-DAT_0235_A1_1,1675.0,538980.02,8668808.25,715.456,614.469,99.319,713.788,100.003,96.654,0.268,certain_temperate
dronbreen-20220329-DAT_0235_A1_1,1680.0,538975.98,8668810.68,715.36,613.54,100.153,713.692,100.837,97.488,0.268,certain_temperate
dronbreen-20220329-DAT_0235_A1_1,1685.0,538971.35,8668813.5,715.263,612.401,101.195,713.595,101.879,98.53,0.268,certain_temperate
dronbreen-20220329-DAT_0235_A1_1,1690.0,538967.11,8668816.17,715.212,611.308,102.237,713.544,102.922,99.572,0.268,certain_temperate
dronbreen-20220329-DAT_0235_A1_1,1695.0,538962.77,8668818.96,715.222,610.276,103.279,713.555,103.964,100.614,0.268,certain_temperate
dronbreen-20220329-DAT_0235_A1_1,1700.0,538959.07,8668821.33,715.247,609.258,104.321,713.579,105.006,101.657,0.268,certain_temperate
dronbreen-20220329-DAT_0235_A1_1,1705.0,538954.27,8668824.45,715.237,607.893,105.676,713.569,106.361,103.011,0.268,certain_temperate
dronbreen-20220329-DAT_0235_A1_1,1710.0,538950.0,8668827.21,715.198,606.708,106.822,713.531,107.507,104.158,0.268,certain_temperate
dronbreen-20220329-DAT_0235_A1_1,1715.0,538946.26,8668829.61,715.109,605.681,107.76,713.441,108.445,105.096,0.268,certain_temperate
dronbreen-20220329-DAT_0235_A1_1,1720.0,538941.47,8668832.55,714.988,604.413,108.907,713.32,109.591,106.242,0.268,certain_temperate
dronbreen-20220329-DAT_0235_A1_1,1725.0,538937.48,8668834.99,714.934,602.483,110.783,713.266,111.467,108.118,0.268,certain_temperate
dronbreen-20220329-DAT_0235_A1_1,1730.0,538932.96,8668837.63,714.946,601.245,112.033,713.278,112.718,109.369,0.268,certain_temperate
dronbreen-20220329-DAT_0235_A1_1,1735.0,538928.54,8668839.99,714.995,600.357,112.971,713.328,113.656,110.307,0.268,certain_temperate
dronbreen-20220329-DAT_0235_A1_1,1740.0,538924.28,8668842.42,715.006,599.325,114.013,713.339,114.698,111.349,0.268,certain_temperate
dronbreen-20220329-DAT_0235_A1_1,1745.0,538920.67,8668844.49,714.984,598.366,114.951,713.317,115.636,112.287,0.268,certain_temperate
dronbreen-20220329-DAT_0235_A1_1,1750.0,538915.67,8668847.54,714.906,597.036,116.202,713.238,116.887,113.537,0.268,certain_temperate
dronbreen-20220329-DAT_0235_A1_1,1755.0,538912.32,8668849.57,714.866,596.267,116.932,713.198,117.616,114.267,0.268,certain_temperate
dronbreen-20220329-DAT_0235_A1_1,1760.0,538907.64,8668852.22,714.86,595.219,117.974,713.192,118.658,115.309,0.268,certain_temperate
dronbreen-20220329-DAT_0235_A1_1,1765.0,538902.93,8668854.82,714.907,594.849,118.391,713.24,119.075,115.726,0.268,certain_temperate
dronbreen-20220329-DAT_0235_A1_1,1770.0,538898.67,8668857.28,714.955,594.48,118.807,713.287,119.492,116.143,0.268,certain_temperate
dronbreen-20220329-DAT_0235_A1_1,1775.0,538894.78,8668859.62,714.989,593.472,119.85,713.321,120.534,117.185,0.268,certain_temperate
dronbreen-20220329-DAT_0235_A1_1,1780.0,538889.49,8668862.31,715.028,591.01,122.351,713.36,123.035,119.686,0.268,certain_temperate
dronbreen-20220329-DAT_0235_A1_1,1785.0,538885.26,8668864.54,715.015,589.85,123.497,713.348,124.182,120.833,0.268,certain_temperate
dronbreen-20220329-DAT_0235_A1_1,1790.0,538880.94,8668866.71,714.959,588.96,124.331,713.291,125.016,121.666,0.268,certain_temperate
dronbreen-20220329-DAT_0235_A1_1,1795.0,538876.91,8668868.72,714.872,587.936,125.269,713.205,125.953,122.604,0.268,certain_temperate
dronbreen-20220329-DAT_0235_A1_1,1800.0,538872.63,8668870.88,714.786,586.912,126.207,713.119,126.891,123.542,0.268,certain_temperate
dronbreen-20220329-DAT_0235_A1_1,1805.0,538867.56,8668873.34,714.743,585.931,127.145,713.076,127.829,124.48,0.268,certain_temperate
dronbreen-20220329-DAT_0235_A1_1,1810.0,538863.51,8668875.37,714.79,584.935,128.187,713.122,128.872,125.522,0.268,certain_temperate
dronbreen-20220329-DAT_0235_A1_1,1815.0,538858.8,8668877.8,714.885,583.988,129.229,713.217,129.914,126.564,0.268,certain_temperate
dronbreen-20220329-DAT_0235_A1_1,1820.0,538853.85,8668880.31,714.914,582.975,130.271,713.246,130.956,127.607,0.268,certain_temperate
dronbreen-20220329-DAT_0235_A1_1,1825.0,538849.63,8668882.74,714.856,581.771,131.418,713.188,132.102,128.753,0.268,certain_temperate
dronbreen-20220329-DAT_0235_A1_1,1830.0,538845.76,8668884.8,714.785,581.387,131.73,713.118,132.415,129.066,0.268,certain_temperate
dronbreen-20220329-DAT_0235_A1_1,1835.0,538840.48,8668887.5,714.732,580.709,132.356,713.065,133.04,129.691,0.268,certain_temperate
dronbreen-20220329-DAT_0235_A1_1,1840.0,538836.13,8668889.66,714.768,580.223,132.877,713.1,133.561,130.108,0.268,certain_temperate
dronbreen-20220329-DAT_0235_A1_1,1845.0,538831.7,8668891.8,714.817,579.648,133.502,713.15,134.187,130.733,0.268,certain_temperate
dronbreen-20220329-DAT_0235_A1_1,1850.0,538827.14,8668894.01,714.865,579.071,134.127,713.198,134.812,131.358,0.268,certain_temperate
dronbreen-20220329-DAT_0235_A1_1,1855.0,538823.28,8668896.13,714.882,578.983,134.232,713.214,134.916,131.463,0.268,certain_temperate
dronbreen-20220329-DAT_0235_A1_1,1860.0,538818.53,8668898.55,714.894,579.516,133.71,713.227,134.395,130.942,0.268,certain_temperate
dronbreen-20220329-DAT_0235_A1_1,1865.0,538814.32,8668900.65,714.921,579.856,133.398,713.254,134.082,130.629,0.268,certain_temperate
dronbreen-20220329-DAT_0235_A1_1,1870.0,538809.49,8668903.04,714.993,579.927,133.398,713.325,134.082,130.629,0.268,certain_temperate
dronbreen-20220329-DAT_0235_A1_1,1875.0,538805.08,8668905.25,715.079,580.744,132.668,713.412,133.353,129.899,0.268,certain_temperate
dronbreen-20220329-DAT_0235_A1_1,1880.0,538801.43,8668907.1,715.157,581.029,132.46,713.489,133.144,129.691,0.268,certain_temperate
dronbreen-20220329-DAT_0235_A1_1,1885.0,538796.3,8668909.68,715.275,581.564,132.043,713.607,132.728,129.274,0.268,certain_temperate
dronbreen-20220329-DAT_0235_A1_1,1890.0,538792.33,8668911.43,715.351,582.266,131.418,713.684,132.102,128.649,0.268,certain_temperate
dronbreen-20220329-DAT_0235_A1_1,1895.0,538787.32,8668913.91,715.371,583.224,130.48,713.704,131.164,127.711,0.268,certain_temperate
dronbreen-20220329-DAT_0235_A1_1,1900.0,538782.87,8668916.12,715.39,584.597,129.125,713.722,129.81,126.356,0.268,certain_temperate
dronbreen-20220329-DAT_0235_A1_1,1905.0,538778.04,8668918.52,715.404,585.237,128.5,713.737,129.184,125.731,0.268,certain_temperate
dronbreen-20220329-DAT_0235_A1_1,1910.0,538774.17,8668920.46,715.415,585.664,128.083,713.747,128.767,125.314,0.268,certain_temperate
dronbreen-20220329-DAT_0235_A1_1,1915.0,538768.99,8668922.85,715.47,586.449,127.353,713.802,128.038,124.584,0.268,certain_temperate
dronbreen-20220329-DAT_0235_A1_1,1920.0,538765.14,8668924.6,715.5,587.417,126.415,713.832,127.1,123.646,0.268,certain_temperate
dronbreen-20220329-DAT_0235_A1_1,1925.0,538759.98,8668926.87,715.53,588.176,125.686,713.862,126.37,122.917,0.268,certain_temperate
dronbreen-20220329-DAT_0235_A1_1,1930.0,538755.36,8668928.69,715.552,588.929,124.956,713.885,125.641,122.187,0.268,certain_temperate
dronbreen-20220329-DAT_0235_A1_1,1935.0,538751.32,8668930.25,715.56,589.77,124.123,713.892,124.807,121.354,0.268,certain_temperate
dronbreen-20220329-DAT_0235_A1_1,1940.0,538746.49,8668932.07,715.556,590.912,122.976,713.888,123.661,120.207,0.268,certain_temperate
dronbreen-20220329-DAT_0235_A1_1,1945.0,538741.01,8668934.33,715.56,591.437,122.455,713.893,123.14,119.686,0.268,certain_temperate
dronbreen-20220329-DAT_0235_A1_1,1950.0,538736.89,8668935.7,715.612,591.698,122.247,713.944,123.035,119.478,0.268,certain_temperate
dronbreen-20220329-DAT_0235_A1_1,1955.0,538732.19,8668937.37,715.69,591.88,122.142,714.023,122.931,119.373,0.268,certain_temperate
dronbreen-20220329-DAT_0235_A1_1,1960.0,538727.31,8668939.14,715.778,592.281,121.83,714.11,122.619,119.061,0.268,certain_temperate
dronbreen-20220329-DAT_0235_A1_1,1965.0,538722.53,8668940.96,715.889,592.496,121.726,714.222,122.514,118.957,0.268,certain_temperate
dronbreen-20220329-DAT_0235_A1_1,1970.0,538717.75,8668942.9,716.013,593.037,121.309,714.346,122.097,118.54,0.268,certain_temperate
dronbreen-20220329-DAT_0235_A1_1,1975.0,538713.36,8668944.65,716.128,593.256,121.204,714.461,121.993,118.436,0.268,certain_temperate
dronbreen-20220329-DAT_0235_A1_1,1980.0,538708.35,8668946.51,716.178,592.785,121.726,714.511,122.514,118.957,0.268,certain_temperate
dronbreen-20220329-DAT_0235_A1_1,1985.0,538704.35,8668947.98,716.202,592.809,121.726,714.535,122.514,118.957,0.268,certain_temperate
dronbreen-20220329-DAT_0235_A1_1,1990.0,538699.43,8668949.57,716.238,592.532,122.038,714.57,122.827,119.269,0.268,certain_temperate
dronbreen-20220329-DAT_0235_A1_1,1995.0,538695.06,8668951.06,716.301,592.179,122.455,714.634,123.244,119.686,0.268,certain_temperate
dronbreen-20220329-DAT_0235_A1_1,2000.0,538689.37,8668953.13,716.443,592.007,122.768,714.775,123.557,119.999,0.268,certain_temperate
dronbreen-20220329-DAT_0235_A1_1,2005.0,538685.61,8668954.6,716.513,591.765,123.08,714.846,123.869,120.311,0.268,certain_temperate
dronbreen-20220329-DAT_0235_A1_1,2010.0,538680.62,8668956.54,716.592,592.157,122.768,714.924,123.557,119.999,0.268,certain_temperate
dronbreen-20220329-DAT_0235_A1_1,2015.0,538675.75,8668958.38,716.624,592.397,122.559,714.957,123.452,121.875,0.268,certain_temperate
dronbreen-20220329-DAT_0235_A1_1,2020.0,538671.77,8668960.02,716.657,592.847,122.142,714.99,123.035,121.458,0.268,certain_temperate
dronbreen-20220329-DAT_0235_A1_1,2025.0,538667.11,8668961.79,716.724,593.331,121.726,715.057,122.619,121.041,0.268,certain_temperate
dronbreen-20220329-DAT_0235_A1_1,2030.0,538662.12,8668963.57,716.863,593.678,121.517,715.195,122.41,120.833,0.268,certain_temperate
dronbreen-20220329-DAT_0235_A1_1,2035.0,538657.05,8668965.29,717.047,594.175,121.204,715.379,122.097,120.52,0.268,certain_temperate
dronbreen-20220329-DAT_0235_A1_1,2040.0,538652.9,8668966.78,717.182,594.727,120.788,715.515,121.681,120.103,0.268,certain_temperate
dronbreen-20220329-DAT_0235_A1_1,2045.0,538648.14,8668968.32,717.318,595.384,120.266,715.65,121.16,119.582,0.268,certain_temperate
dronbreen-20220329-DAT_0235_A1_1,2050.0,538643.3,8668969.58,717.41,595.789,119.954,715.743,120.847,119.269,0.268,certain_temperate
dronbreen-20220329-DAT_0235_A1_1,2055.0,538638.24,8668970.8,717.472,597.519,118.286,715.805,119.179,117.602,0.268,certain_temperate
dronbreen-20220329-DAT_0235_A1_1,2060.0,538632.94,8668971.98,717.521,600.59,115.264,715.854,116.157,114.579,0.268,certain_temperate
dronbreen-20220329-DAT_0235_A1_1,2065.0,538628.13,8668972.83,717.569,603.034,112.867,715.901,113.76,112.182,0.268,certain_temperate
dronbreen-20220329-DAT_0235_A1_1,2070.0,538623.04,8668973.74,717.614,606.101,109.845,715.946,110.738,109.16,0.268,certain_temperate
dronbreen-20220329-DAT_0235_A1_1,2075.0,538618.19,8668974.72,717.649,608.847,107.135,715.982,108.028,106.451,0.268,certain_temperate
dronbreen-20220329-DAT_0235_A1_1,2080.0,538613.6,8668975.44,717.73,611.741,104.321,716.063,105.214,103.637,0.268,certain_temperate
dronbreen-20220329-DAT_0235_A1_1,2085.0,538608.9,8668976.19,717.824,614.336,101.82,716.156,102.713,101.135,0.268,certain_temperate
dronbreen-20220329-DAT_0235_A1_1,2090.0,538603.58,8668976.95,717.988,617.627,98.694,716.321,99.587,97.905,0.268,certain_temperate
dronbreen-20220329-DAT_0235_A1_1,2095.0,538599.02,8668977.52,718.15,620.916,95.567,716.483,96.46,94.778,0.268,certain_temperate
dronbreen-20220329-DAT_0235_A1_1,2100.0,538593.33,8668978.42,718.29,624.495,92.128,716.623,93.021,91.339,0.268,certain_temperate
dronbreen-20220329-DAT_0235_A1_1,2105.0,538589.21,8668978.94,718.375,626.976,89.731,716.707,90.624,88.942,0.268,certain_temperate
dronbreen-20220329-DAT_0235_A1_1,2110.0,538583.83,8668980.37,718.436,630.06,86.709,716.768,87.602,85.92,0.268,certain_temperate
dronbreen-20220329-DAT_0235_A1_1,2115.0,538579.65,8668982.64,718.394,633.144,83.582,716.726,84.475,82.793,0.268,certain_temperate
dronbreen-20220329-DAT_0235_A1_1,2120.0,538576.47,8668986.37,718.208,636.189,80.351,716.54,81.244,79.563,0.268,certain_temperate
dronbreen-20220329-DAT_0235_A1_1,2125.0,538574.85,8668991.16,717.881,638.572,77.642,716.214,78.535,76.853,0.268,certain_temperate
dronbreen-20220329-DAT_0235_A1_1,2130.0,538574.96,8668996.56,717.405,641.744,73.994,715.738,74.887,73.205,0.268,certain_temperate
dronbreen-20220329-DAT_0235_A1_1,2135.0,538575.41,8669001.22,716.983,643.719,71.597,715.316,72.49,70.808,0.268,certain_temperate
dronbreen-20220329-DAT_0235_A1_1,2140.0,538576.06,8669005.99,716.53,644.933,69.93,714.863,70.823,69.141,0.268,certain_temperate
dronbreen-20220329-DAT_0235_A1_1,2145.0,538577.49,8669011.17,715.99,643.976,70.347,714.322,71.24,69.558,0.268,certain_temperate
dronbreen-20220329-DAT_0235_A1_1,2150.0,538579.26,8669015.37,715.526,643.2,70.659,713.859,71.575,69.848,0.268,certain_temperate
dronbreen-20220329-DAT_0235_A1_1,2155.0,538582.66,8669019.29,715.09,641.096,72.431,713.527,73.242,71.515,0.267,certain_temperate
dronbreen-20220329-DAT_0235_A1_1,2160.0,538586.87,8669022.02,714.793,638.09,75.141,713.23,75.929,74.248,0.267,certain_temperate
dronbreen-20220329-DAT_0235_A1_1,2165.0,538592.15,8669023.38,714.645,633.251,79.83,713.081,80.619,78.938,0.267,certain_temperate
dronbreen-20220329-DAT_0235_A1_1,2170.0,538596.71,8669023.97,714.575,629.847,83.165,713.012,83.954,82.272,0.267,certain_temperate
dronbreen-20220329-DAT_0235_A1_1,2175.0,538602.26,8669023.33,714.573,624.738,88.272,713.01,89.06,87.379,0.267,certain_temperate
dronbreen-20220329-DAT_0235_A1_1,2180.0,538607.18,8669022.71,714.568,619.73,93.274,713.004,94.063,92.382,0.267,certain_temperate
dronbreen-20220329-DAT_0235_A1_1,2185.0,538611.86,8669022.44,714.527,616.146,96.818,712.963,97.606,95.925,0.267,certain_temperate
dronbreen-20220329-DAT_0235_A1_1,2190.0,538616.33,8669022.12,714.508,612.167,100.778,712.944,101.566,99.885,0.267,certain_temperate
dronbreen-20220329-DAT_0235_A1_1,2195.0,538621.88,8669021.72,714.527,608.226,104.738,712.964,105.527,103.741,0.267,certain_temperate
dronbreen-20220329-DAT_0235_A1_1,2200.0,538626.19,8669021.41,714.554,606.481,106.51,712.991,107.298,105.513,0.267,certain_temperate
dronbreen-20220329-DAT_0235_A1_1,2205.0,538631.93,8669021.03,714.584,604.739,108.282,713.021,109.07,107.285,0.267,certain_temperate
dronbreen-20220329-DAT_0235_A1_1,2210.0,538636.94,8669020.91,714.583,603.071,109.949,713.02,110.738,108.952,0.267,certain_temperate
dronbreen-20220329-DAT_0235_A1_1,2215.0,538641.65,8669020.61,714.544,600.218,112.763,712.981,113.551,111.766,0.267,certain_temperate
dronbreen-20220329-DAT_0235_A1_1,2220.0,538646.16,8669020.24,714.467,597.849,115.056,712.904,115.844,114.059,0.267,certain_temperate
dronbreen-20220329-DAT_0235_A1_1,2225.0,538651.48,8669019.59,714.351,592.417,120.371,712.787,121.159,119.374,0.267,certain_temperate
dronbreen-20220329-DAT_0235_A1_1,2230.0,538656.29,8669019.2,714.209,591.545,121.1,712.645,121.889,120.103,0.267,certain_temperate
dronbreen-20220329-DAT_0235_A1_1,2235.0,538661.76,8669018.58,714.033,591.265,121.204,712.47,121.993,120.207,0.267,certain_temperate
dronbreen-20220329-DAT_0235_A1_1,2240.0,538666.89,8669017.89,713.87,590.686,121.621,712.307,122.41,120.624,0.267,certain_temperate
dronbreen-20220329-DAT_0235_A1_1,2245.0,538671.83,8669017.01,713.727,590.126,122.038,712.164,122.827,121.041,0.267,certain_temperate
dronbreen-20220329-DAT_0235_A1_1,2250.0,538676.63,8669015.78,713.606,589.692,122.351,712.042,123.139,121.354,0.267,certain_temperate
dronbreen-20220329-DAT_0235_A1_1,2255.0,538680.97,8669014.57,713.512,589.285,122.663,711.948,123.452,121.666,0.267,certain_temperate
dronbreen-20220329-DAT_0235_A1_1,2260.0,538685.78,8669013.22,713.441,588.901,122.976,711.877,123.765,121.979,0.267,certain_temperate
dronbreen-20220329-DAT_0235_A1_1,2265.0,538690.5,8669011.78,713.413,588.457,123.393,711.85,124.182,122.396,0.267,certain_temperate
dronbreen-20220329-DAT_0235_A1_1,2270.0,538695.45,8669010.4,713.416,588.043,123.81,711.852,124.598,122.813,0.267,certain_temperate
dronbreen-20220329-DAT_0235_A1_1,2275.0,538700.41,8669008.93,713.446,587.656,124.227,711.882,125.015,123.23,0.267,certain_temperate
dronbreen-20220329-DAT_0235_A1_1,2280.0,538705.3,8669007.36,713.446,587.343,124.539,711.883,125.432,123.542,0.267,certain_temperate
dronbreen-20220329-DAT_0235_A1_1,2285.0,538709.8,8669006.1,713.369,586.849,124.956,711.806,125.849,123.959,0.267,certain_temperate
dronbreen-20220329-DAT_0235_A1_1,2290.0,538714.9,8669004.66,713.2,586.472,125.165,711.637,126.057,124.168,0.267,certain_temperate
dronbreen-20220329-DAT_0235_A1_1,2295.0,538719.71,8669003.12,713.007,586.071,125.373,711.444,126.266,124.376,0.267,certain_temperate
dronbreen-20220329-DAT_0235_A1_1,2300.0,538724.16,8669001.81,712.871,586.039,125.269,711.307,126.162,124.272,0.267,certain_temperate
dronbreen-20220329-DAT_0235_A1_1,2305.0,538729.27,8669000.11,712.822,585.885,125.373,711.259,126.266,124.376,0.267,certain_temperate
dronbreen-20220329-DAT_0235_A1_1,2310.0,538734.13,8668998.51,712.824,585.68,125.582,711.261,126.474,124.48,0.267,certain_temperate
dronbreen-20220329-DAT_0235_A1_1,2315.0,538738.71,8668997.02,712.816,585.463,125.79,711.253,126.683,124.689,0.267,certain_temperate
dronbreen-20220329-DAT_0235_A1_1,2320.0,538743.44,8668995.49,712.719,585.157,125.998,711.155,126.891,124.897,0.267,certain_temperate
dronbreen-20220329-DAT_0235_A1_1,2325.0,538748.47,8668993.9,712.563,584.897,126.103,711.0,126.995,125.001,0.267,certain_temperate
dronbreen-20220329-DAT_0235_A1_1,2330.0,538753.14,8668992.49,712.388,584.722,126.103,710.825,126.995,125.001,0.267,certain_temperate
dronbreen-20220329-DAT_0235_A1_1,2335.0,538757.22,8668991.18,712.253,584.483,126.207,710.69,127.1,125.106,0.267,certain_temperate
dronbreen-20220329-DAT_0235_A1_1,2340.0,538762.51,8668989.47,712.154,583.863,126.728,710.591,127.621,125.627,0.267,certain_temperate
dronbreen-20220329-DAT_0235_A1_1,2345.0,538766.73,8668988.31,712.134,583.322,127.249,710.571,128.142,126.148,0.267,certain_temperate
dronbreen-20220329-DAT_0235_A1_1,2350.0,538772.46,8668986.78,712.126,582.688,127.874,710.563,128.767,126.773,0.267,certain_temperate
dronbreen-20220329-DAT_0235_A1_1,2355.0,538776.58,8668985.69,712.135,582.281,128.291,710.572,129.184,127.19,0.267,certain_temperate
dronbreen-20220329-DAT_0235_A1_1,2360.0,538781.28,8668984.61,712.107,581.732,128.812,710.544,129.705,127.711,0.267,certain_temperate
dronbreen-20220329-DAT_0235_A1_1,2365.0,538786.11,8668983.39,712.065,581.064,129.438,710.501,130.33,128.336,0.267,certain_temperate
dronbreen-20220329-DAT_0235_A1_1,2370.0,538791.52,8668982.35,711.979,579.832,130.584,710.416,131.477,129.483,0.267,certain_temperate
dronbreen-20220329-DAT_0235_A1_1,2375.0,538796.35,8668981.51,711.901,578.711,131.626,710.337,132.519,130.525,0.267,certain_temperate
dronbreen-20220329-DAT_0235_A1_1,2380.0,538801.12,8668980.72,711.818,578.212,132.043,710.255,132.959,130.919,0.267,certain_temperate
dronbreen-20220329-DAT_0235_A1_1,2385.0,538806.53,8668979.94,711.729,576.872,133.398,710.27,134.209,132.17,0.267,certain_temperate
dronbreen-20220329-DAT_0235_A1_1,2390.0,538811.67,8668979.16,711.664,576.391,133.815,710.205,134.603,132.61,0.267,certain_temperate
dronbreen-20220329-DAT_0235_A1_1,2395.0,538816.5,8668978.55,711.612,575.922,134.232,710.153,135.02,133.026,0.267,certain_temperate
dronbreen-20220329-DAT_0235_A1_1,2400.0,538820.82,8668977.87,711.578,575.575,134.544,710.119,135.333,133.339,0.267,certain_temperate
dronbreen-20220329-DAT_0235_A1_1,2405.0,538826.32,8668977.16,711.531,575.215,134.857,710.072,135.645,133.652,0.267,certain_temperate
dronbreen-20220329-DAT_0235_A1_1,2410.0,538830.86,8668976.55,711.484,574.335,135.691,710.025,136.479,134.485,0.267,certain_temperate
dronbreen-20220329-DAT_0235_A1_1,2415.0,538836.16,8668975.77,711.441,573.979,136.003,709.982,136.792,134.798,0.267,certain_temperate
dronbreen-20220329-DAT_0235_A1_1,2420.0,538840.94,8668975.16,711.368,573.698,136.212,709.909,137.0,135.007,0.267,certain_temperate
dronbreen-20220329-DAT_0235_A1_1,2425.0,538845.76,8668974.56,711.287,573.304,136.524,709.828,137.313,135.319,0.267,certain_temperate
dronbreen-20220329-DAT_0235_A1_1,2430.0,538850.71,8668973.91,711.182,572.678,137.045,709.723,137.834,135.736,0.267,certain_temperate
dronbreen-20220329-DAT_0235_A1_1,2435.0,538855.96,8668973.18,711.096,572.383,137.254,709.637,138.042,135.944,0.267,certain_temperate
dronbreen-20220329-DAT_0235_A1_1,2440.0,538860.62,8668972.44,711.069,572.252,137.358,709.61,138.146,136.049,0.267,certain_temperate
dronbreen-20220329-DAT_0235_A1_1,2445.0,538865.36,8668971.59,711.071,572.671,136.941,709.612,137.73,135.632,0.267,certain_temperate
dronbreen-20220329-DAT_0235_A1_1,2450.0,538870.14,8668970.55,711.099,572.595,137.045,709.64,137.834,135.736,0.267,certain_temperate
dronbreen-20220329-DAT_0235_A1_1,2455.0,538874.9,8668969.69,711.121,573.034,136.629,709.662,137.417,135.319,0.267,certain_temperate
dronbreen-20220329-DAT_0235_A1_1,2460.0,538880.87,8668968.59,711.15,573.688,136.003,709.691,136.792,134.694,0.267,certain_temperate
dronbreen-20220329-DAT_0235_A1_1,2465.0,538885.58,8668967.61,711.169,574.228,135.482,709.71,136.27,134.173,0.267,certain_temperate
dronbreen-20220329-DAT_0235_A1_1,2470.0,538890.27,8668966.72,711.176,575.068,134.648,709.717,135.437,133.339,0.267,certain_temperate
dronbreen-20220329-DAT_0235_A1_1,2475.0,538894.93,8668965.68,711.171,576.106,133.606,709.712,134.395,132.297,0.267,certain_temperate
dronbreen-20220329-DAT_0235_A1_1,2480.0,538899.46,8668964.82,711.14,577.012,132.668,709.681,133.457,131.359,0.267,certain_temperate
dronbreen-20220329-DAT_0235_A1_1,2485.0,538904.93,8668963.61,711.092,577.59,132.043,709.633,132.831,130.734,0.267,certain_temperate
dronbreen-20220329-DAT_0235_A1_1,2490.0,538909.48,8668962.72,711.045,578.377,131.209,709.586,131.998,129.9,0.267,certain_temperate
dronbreen-20220329-DAT_0235_A1_1,2495.0,538915.12,8668961.67,711.002,579.793,129.75,709.543,130.539,128.441,0.267,certain_temperate
dronbreen-20220329-DAT_0235_A1_1,2500.0,538920.27,8668960.83,710.993,580.826,128.708,709.534,129.496,127.399,0.267,certain_temperate
dronbreen-20220329-DAT_0235_A1_1,2505.0,538924.77,8668960.09,711.004,581.567,127.979,709.545,128.767,126.669,0.267,certain_temperate
dronbreen-20220329-DAT_0235_A1_1,2510.0,538929.26,8668959.41,711.018,582.31,127.249,709.559,128.037,125.94,0.267,certain_temperate
dronbreen-20220329-DAT_0235_A1_1,2515.0,538934.37,8668958.69,711.019,582.937,126.624,709.56,127.412,125.314,0.267,certain_temperate
dronbreen-20220329-DAT_0235_A1_1,2520.0,538939.3,8668958.09,710.978,583.625,125.894,709.519,126.683,124.585,0.267,certain_temperate
dronbreen-20220329-DAT_0235_A1_1,2525.0,538944.43,8668957.45,710.886,584.366,125.06,709.427,125.849,123.751,0.267,certain_temperate
dronbreen-20220329-DAT_0235_A1_1,2530.0,538948.83,8668956.88,710.811,584.917,124.435,709.352,125.223,123.126,0.267,certain_temperate
dronbreen-20220329-DAT_0235_A1_1,2535.0,538954.81,8668956.12,710.735,585.674,123.601,709.276,124.39,122.292,0.267,certain_temperate
dronbreen-20220329-DAT_0235_A1_1,2540.0,538959.67,8668955.51,710.698,586.367,122.872,709.239,123.66,121.563,0.267,certain_temperate
dronbreen-20220329-DAT_0235_A1_1,2545.0,538964.5,8668954.72,710.705,587.208,122.038,709.246,122.826,120.625,0.267,certain_temperate
dronbreen-20220329-DAT_0235_A1_1,2550.0,538969.36,8668953.99,710.701,587.933,121.309,709.242,122.097,119.895,0.267,certain_temperate
dronbreen-20220329-DAT_0235_A1_1,2555.0,538974.25,8668953.33,710.664,588.521,120.683,709.205,121.472,119.27,0.267,certain_temperate
dronbreen-20220329-DAT_0235_A1_1,2560.0,538979.13,8668952.66,710.616,589.307,119.85,709.157,120.638,118.436,0.267,certain_temperate
dronbreen-20220329-DAT_0235_A1_1,2565.0,538984.33,8668951.9,710.561,590.294,118.807,709.102,119.596,117.394,0.267,certain_temperate
dronbreen-20220329-DAT_0235_A1_1,2570.0,538988.99,8668951.15,710.542,591.005,118.078,709.083,118.866,116.664,0.267,certain_temperate
dronbreen-20220329-DAT_0235_A1_1,2575.0,538994.16,8668950.31,710.554,591.643,117.453,709.095,118.241,116.039,0.267,certain_temperate
dronbreen-20220329-DAT_0235_A1_1,2580.0,538999.46,8668949.59,710.566,592.176,116.932,709.107,117.72,115.518,0.267,certain_temperate
dronbreen-20220329-DAT_0235_A1_1,2585.0,539003.83,8668948.97,710.57,592.909,116.202,709.111,116.99,114.788,0.267,certain_temperate
dronbreen-20220329-DAT_0235_A1_1,2590.0,539008.86,8668948.19,710.571,593.744,115.368,709.112,116.157,113.955,0.267,certain_temperate
dronbreen-20220329-DAT_0235_A1_1,2595.0,539014.11,8668947.41,710.578,594.376,114.743,709.119,115.531,113.329,0.267,certain_temperate
dronbreen-20220329-DAT_0235_A1_1,2600.0,539018.79,8668946.8,710.566,595.198,113.909,709.107,114.698,112.496,0.267,certain_temperate
dronbreen-20220329-DAT_0235_A1_1,2605.0,539024.04,8668946.02,710.562,596.548,112.554,709.103,113.343,111.141,0.267,certain_temperate
dronbreen-20220329-DAT_0235_A1_1,2610.0,539028.84,8668945.42,710.555,597.48,111.616,709.096,112.405,110.203,0.267,certain_temperate
dronbreen-20220329-DAT_0235_A1_1,2615.0,539033.54,8668944.81,710.536,598.19,110.887,709.077,111.675,109.473,0.267,certain_temperate
dronbreen-20220329-DAT_0235_A1_1,2620.0,539038.79,8668943.91,710.526,599.431,109.636,709.067,110.448,108.2,0.267,certain_temperate
dronbreen-20220329-DAT_0235_A1_1,2625.0,539043.15,8668943.15,710.504,600.45,108.698,709.149,109.405,107.158,0.267,certain_temperate
dronbreen-20220329-DAT_0235_A1_1,2630.0,539048.52,8668942.2,710.478,601.571,107.552,709.123,108.236,106.034,0.267,certain_temperate
dronbreen-20220329-DAT_0235_A1_1,2635.0,539053.58,8668941.3,710.483,602.722,106.406,709.128,107.09,104.888,0.267,certain_temperate
dronbreen-20220329-DAT_0235_A1_1,2640.0,539057.98,8668940.49,710.507,603.58,105.572,709.152,106.256,104.054,0.267,certain_temperate
dronbreen-20220329-DAT_0235_A1_1,2645.0,539063.47,8668939.66,710.55,604.769,104.425,709.195,105.109,102.908,0.267,certain_temperate
dronbreen-20220329-DAT_0235_A1_1,2650.0,539067.9,8668938.92,710.591,605.749,103.488,709.237,104.171,101.97,0.267,certain_temperate
dronbreen-20220329-DAT_0235_A1_1,2655.0,539073.44,8668938.34,710.686,607.199,102.133,709.332,102.817,100.615,0.267,certain_temperate
dronbreen-20220329-DAT_0235_A1_1,2660.0,539077.88,8668937.72,710.784,608.13,101.299,709.429,101.983,99.677,0.267,certain_temperate
dronbreen-20220329-DAT_0235_A1_1,2665.0,539083.1,8668936.76,710.972,609.882,99.736,709.617,100.42,98.114,0.267,certain_temperate
dronbreen-20220329-DAT_0235_A1_1,2670.0,539087.64,8668936.05,711.144,611.2,98.589,709.79,99.273,96.967,0.267,certain_temperate
dronbreen-20220329-DAT_0235_A1_1,2675.0,539092.33,8668936.28,711.289,612.596,97.339,709.934,98.023,95.717,0.267,certain_temperate
dronbreen-20220329-DAT_0235_A1_1,2680.0,539097.42,8668938.47,711.332,613.889,96.088,709.977,96.772,94.466,0.267,certain_temperate
dronbreen-20220329-DAT_0235_A1_1,2685.0,539099.63,8668942.72,711.158,614.549,95.254,709.803,95.938,93.633,0.267,certain_temperate
dronbreen-20220329-DAT_0235_A1_1,2690.0,539100.98,8668948.07,710.85,614.762,94.733,709.495,95.417,93.111,0.267,certain_temperate
dronbreen-20220329-DAT_0235_A1_1,2695.0,539101.66,8668952.99,710.546,615.187,94.004,709.191,94.688,92.382,0.267,certain_temperate
dronbreen-20220329-DAT_0235_A1_1,2700.0,539102.05,8668957.87,710.274,615.124,93.795,708.92,94.479,92.174,0.267,certain_temperate
dronbreen-20220329-DAT_0235_A1_1,2705.0,539102.26,8668962.06,710.095,615.257,93.483,708.74,94.167,91.861,0.267,certain_temperate
dronbreen-20220329-DAT_0235_A1_1,2710.0,539102.26,8668967.64,709.817,615.084,93.378,708.462,94.062,91.757,0.267,certain_temperate
dronbreen-20220329-DAT_0235_A1_1,2715.0,539101.27,8668972.59,709.525,615.0,93.17,708.17,93.854,91.548,0.267,certain_temperate
dronbreen-20220329-DAT_0235_A1_1,2720.0,539098.72,8668976.22,709.261,614.632,93.274,707.907,93.958,91.652,0.267,certain_temperate
dronbreen-20220329-DAT_0235_A1_1,2725.0,539094.48,8668979.67,708.973,612.885,94.733,707.618,95.417,93.111,0.267,certain_temperate
dronbreen-20220329-DAT_0235_A1_1,2730.0,539090.13,8668982.2,708.758,611.732,95.671,707.403,96.355,94.049,0.267,certain_temperate
dronbreen-20220329-DAT_0235_A1_1,2735.0,539085.87,8668984.29,708.601,610.741,96.505,707.246,97.189,94.883,0.267,certain_temperate
dronbreen-20220329-DAT_0235_A1_1,2740.0,539081.4,8668985.97,708.489,609.692,97.443,707.135,98.127,95.821,0.267,certain_temperate
dronbreen-20220329-DAT_0235_A1_1,2745.0,539076.45,8668987.55,708.357,608.517,98.485,707.002,99.169,96.863,0.267,certain_temperate
dronbreen-20220329-DAT_0235_A1_1,2750.0,539070.89,8668989.19,708.203,607.321,99.527,706.848,100.211,97.905,0.267,certain_temperate
dronbreen-20220329-DAT_0235_A1_1,2755.0,539066.22,8668990.51,708.072,605.626,101.091,706.717,101.774,99.469,0.267,certain_temperate
dronbreen-20220329-DAT_0235_A1_1,2760.0,539062.07,8668991.6,707.973,603.756,102.862,706.618,103.546,101.24,0.267,certain_temperate
dronbreen-20220329-DAT_0235_A1_1,2765.0,539057.41,8668992.64,707.884,603.041,103.488,706.529,104.171,101.761,0.267,certain_temperate
dronbreen-20220329-DAT_0235_A1_1,2770.0,539052.55,8668993.49,707.802,602.23,104.217,706.447,104.901,102.491,0.267,certain_temperate
dronbreen-20220329-DAT_0235_A1_1,2775.0,539046.83,8668994.55,707.696,600.352,105.989,706.341,106.673,104.263,0.267,certain_temperate
dronbreen-20220329-DAT_0235_A1_1,2780.0,539041.76,8668995.6,707.609,599.536,106.718,706.254,107.402,104.992,0.267,certain_temperate
dronbreen-20220329-DAT_0235_A1_1,2785.0,539037.34,8668996.65,707.551,598.853,107.344,706.197,108.027,105.618,0.267,certain_temperate
dronbreen-20220329-DAT_0235_A1_1,2790.0,539032.86,8668997.85,707.566,598.242,107.969,706.211,108.653,106.243,0.267,certain_temperate
dronbreen-20220329-DAT_0235_A1_1,2795.0,539027.58,8668999.35,707.625,597.572,108.698,706.271,109.382,106.972,0.267,certain_temperate
dronbreen-20220329-DAT_0235_A1_1,2800.0,539022.98,8669000.61,707.717,597.143,109.219,706.362,109.903,107.493,0.267,certain_temperate
dronbreen-20220329-DAT_0235_A1_1,2805.0,539018.16,8669001.86,707.78,596.476,109.949,706.425,110.633,108.223,0.267,certain_temperate
dronbreen-20220329-DAT_0235_A1_1,2810.0,539013.54,8669003.03,707.78,595.955,110.47,706.425,111.154,108.744,0.267,certain_temperate
dronbreen-20220329-DAT_0235_A1_1,2815.0,539008.34,8669004.47,707.694,595.348,110.991,706.339,111.675,109.265,0.267,certain_temperate
dronbreen-20220329-DAT_0235_A1_1,2820.0,539003.24,8669005.9,707.59,594.619,111.616,706.236,112.3,109.89,0.267,certain_temperate
dronbreen-20220329-DAT_0235_A1_1,2825.0,538998.39,8669007.25,707.5,594.007,112.138,706.145,112.821,110.412,0.267,certain_temperate
dronbreen-20220329-DAT_0235_A1_1,2830.0,538993.59,8669008.6,707.45,593.228,112.867,706.095,113.551,111.141,0.267,certain_temperate
dronbreen-20220329-DAT_0235_A1_1,2835.0,538988.99,8669009.86,707.416,592.673,113.388,706.061,114.072,111.662,0.267,certain_temperate
dronbreen-20220329-DAT_0235_A1_1,2840.0,538983.72,8669011.41,707.361,591.993,114.013,706.006,114.697,112.287,0.267,certain_temperate
dronbreen-20220329-DAT_0235_A1_1,2845.0,538979.86,8669012.6,707.316,591.635,114.326,705.961,115.033,112.577,0.267,certain_temperate
dronbreen-20220329-DAT_0235_A1_1,2850.0,538974.44,8669014.37,707.243,591.041,114.951,705.992,115.554,113.098,0.267,certain_temperate
dronbreen-20220329-DAT_0235_A1_1,2855.0,538970.34,8669015.55,707.214,590.595,115.368,705.964,115.948,113.538,0.267,certain_temperate
dronbreen-20220329-DAT_0235_A1_1,2860.0,538965.43,8669016.9,707.189,590.153,115.785,705.938,116.365,113.955,0.267,certain_temperate
dronbreen-20220329-DAT_0235_A1_1,2865.0,538960.34,8669018.3,707.155,589.598,116.306,705.904,116.886,114.476,0.267,certain_temperate
dronbreen-20220329-DAT_0235_A1_1,2870.0,538955.45,8669019.78,707.092,589.118,116.723,705.842,117.303,114.893,0.267,certain_temperate
dronbreen-20220329-DAT_0235_A1_1,2875.0,538950.73,8669021.38,707.021,588.631,117.14,705.771,117.719,115.31,0.267,certain_temperate
dronbreen-20220329-DAT_0235_A1_1,2880.0,538945.64,8669023.4,706.962,588.155,117.557,705.712,118.136,115.727,0.267,certain_temperate
dronbreen-20220329-DAT_0235_A1_1,2885.0,538941.32,8669024.87,706.978,587.649,118.078,705.727,118.657,116.144,0.267,certain_temperate
dronbreen-20220329-DAT_0235_A1_1,2890.0,538937.09,8669026.32,706.992,587.247,118.495,705.741,119.074,116.561,0.267,certain_temperate
dronbreen-20220329-DAT_0235_A1_1,2895.0,538931.49,8669028.14,706.983,586.716,119.016,705.732,119.595,117.082,0.267,certain_temperate
dronbreen-20220329-DAT_0235_A1_1,2900.0,538927.5,8669029.45,706.93,586.351,119.329,705.68,119.908,117.394,0.267,certain_temperate
dronbreen-20220329-DAT_0235_A1_1,2905.0,538922.1,8669031.1,706.859,585.968,119.641,705.609,120.221,117.707,0.267,certain_temperate
dronbreen-20220329-DAT_0235_A1_1,2910.0,538917.98,8669032.19,706.846,585.537,120.058,705.595,120.638,118.124,0.267,certain_temperate
dronbreen-20220329-DAT_0235_A1_1,2915.0,538912.83,8669033.53,706.841,585.22,120.371,705.591,120.95,118.436,0.267,certain_temperate
dronbreen-20220329-DAT_0235_A1_1,2920.0,538908.38,8669034.61,706.882,584.948,120.683,705.632,121.263,118.749,0.267,certain_temperate
dronbreen-20220329-DAT_0235_A1_1,2925.0,538902.54,8669036.16,706.904,584.449,121.204,705.654,121.784,119.27,0.267,certain_temperate
dronbreen-20220329-DAT_0235_A1_1,2930.0,538898.75,8669037.24,706.872,584.313,121.309,705.622,121.888,119.374,0.267,certain_temperate
dronbreen-20220329-DAT_0235_A1_1,2935.0,538893.15,8669038.82,706.763,583.891,121.621,705.513,122.201,119.687,0.267,certain_temperate
dronbreen-20220329-DAT_0235_A1_1,2940.0,538888.89,8669040.0,706.674,583.489,121.934,705.423,122.513,120.0,0.267,certain_temperate
dronbreen-20220329-DAT_0235_A1_1,2945.0,538883.1,8669041.57,706.59,583.092,122.247,705.339,122.826,120.312,0.267,certain_temperate
dronbreen-20220329-DAT_0235_A1_1,2950.0,538878.76,8669042.68,706.584,582.878,122.455,705.333,123.035,120.521,0.267,certain_temperate
dronbreen-20220329-DAT_0235_A1_1,2955.0,538873.82,8669043.84,706.634,582.511,122.872,705.383,123.451,120.938,0.267,certain_temperate
dronbreen-20220329-DAT_0235_A1_1,2960.0,538869.49,8669044.97,706.698,582.263,123.185,705.447,123.764,121.25,0.267,certain_temperate
dronbreen-20220329-DAT_0235_A1_1,2965.0,538863.93,8669046.54,706.788,582.04,123.497,705.537,124.077,121.563,0.267,certain_temperate
dronbreen-20220329-DAT_0235_A1_1,2970.0,538860.2,8669047.73,706.858,581.797,123.81,705.607,124.389,121.876,0.267,certain_temperate
dronbreen-20220329-DAT_0235_A1_1,2975.0,538855.28,8669049.22,706.943,581.57,124.123,705.692,124.702,122.188,0.267,certain_temperate
dronbreen-20220329-DAT_0235_A1_1,2980.0,538850.7,8669050.5,706.992,581.202,124.539,705.741,125.119,122.605,0.267,certain_temperate
dronbreen-20220329-DAT_0235_A1_1,2985.0,538845.32,8669051.96,706.959,580.544,125.165,705.708,125.744,123.23,0.267,certain_temperate
dronbreen-20220329-DAT_0235_A1_1,2990.0,538840.34,8669053.3,706.875,579.522,126.103,705.625,126.682,124.168,0.267,certain_temperate
dronbreen-20220329-DAT_0235_A1_1,2995.0,538834.87,8669055.0,706.755,578.359,127.145,705.504,127.724,125.211,0.267,certain_temperate
dronbreen-20220329-DAT_0235_A1_1,3000.0,538830.93,8669056.01,706.719,578.115,127.353,705.468,127.933,125.419,0.267,certain_temperate
dronbreen-20220329-DAT_0235_A1_1,3005.0,538825.72,8669057.53,706.714,577.38,128.083,705.463,128.662,126.148,0.267,certain_temperate
dronbreen-20220329-DAT_0235_A1_1,3010.0,538820.98,8669058.72,706.776,577.026,128.5,705.526,129.079,126.565,0.267,certain_temperate
dronbreen-20220329-DAT_0235_A1_1,3015.0,538816.64,8669059.77,706.858,576.691,128.916,705.607,129.496,126.982,0.267,certain_temperate
dronbreen-20220329-DAT_0235_A1_1,3020.0,538811.8,8669061.22,706.941,576.044,129.646,705.69,130.225,127.608,0.267,certain_temperate
dronbreen-20220329-DAT_0235_A1_1,3025.0,538806.88,8669062.48,707.05,575.737,130.063,705.8,130.642,128.024,0.267,certain_temperate
dronbreen-20220329-DAT_0235_A1_1,3030.0,538802.42,8669063.62,707.123,575.81,130.063,705.873,130.642,128.024,0.267,certain_temperate
dronbreen-20220329-DAT_0235_A1_1,3035.0,538796.72,8669065.07,707.126,575.396,130.48,705.876,131.059,128.441,0.267,certain_temperate
dronbreen-20220329-DAT_0235_A1_1,3040.0,538792.34,8669065.94,707.098,575.368,130.48,705.848,131.059,128.441,0.267,certain_temperate
dronbreen-20220329-DAT_0235_A1_1,3045.0,538786.82,8669067.2,707.046,575.524,130.271,705.795,130.851,128.233,0.267,certain_temperate
dronbreen-20220329-DAT_0235_A1_1,3050.0,538782.24,8669068.42,707.082,575.56,130.271,705.831,130.851,128.233,0.267,certain_temperate
dronbreen-20220329-DAT_0235_A1_1,3055.0,538777.52,8669069.48,707.215,575.38,130.584,705.964,131.163,128.545,0.267,certain_temperate
dronbreen-20220329-DAT_0235_A1_1,3060.0,538772.18,8669071.01,707.416,575.581,130.584,706.165,131.163,128.545,0.267,certain_temperate
dronbreen-20220329-DAT_0235_A1_1,3065.0,538768.28,8669072.17,707.562,576.248,130.063,706.311,130.642,128.024,0.267,certain_temperate
dronbreen-20220329-DAT_0235_A1_1,3070.0,538763.0,8669073.96,707.707,577.019,129.438,706.457,130.017,127.399,0.267,certain_temperate
dronbreen-20220329-DAT_0235_A1_1,3075.0,538758.09,8669075.78,707.742,577.783,128.708,706.491,129.288,126.67,0.267,certain_temperate
dronbreen-20220329-DAT_0235_A1_1,3080.0,538753.3,8669077.41,707.754,578.525,127.979,706.503,128.558,125.94,0.267,certain_temperate
dronbreen-20220329-DAT_0235_A1_1,3085.0,538749.13,8669078.9,707.74,579.553,126.936,706.49,127.516,124.898,0.267,certain_temperate
dronbreen-20220329-DAT_0235_A1_1,3090.0,538744.49,8669080.55,707.767,580.83,125.686,706.516,126.265,123.647,0.267,certain_temperate
dronbreen-20220329-DAT_0235_A1_1,3095.0,538739.03,8669082.7,707.898,581.379,125.269,706.648,125.848,123.23,0.267,certain_temperate
dronbreen-20220329-DAT_0235_A1_1,3100.0,538735.03,8669084.23,708.06,581.958,124.852,706.81,125.454,122.791,0.267,certain_temperate
dronbreen-20220329-DAT_0235_A1_1,3105.0,538729.83,8669086.13,708.277,582.695,124.435,707.13,124.933,122.27,0.267,certain_temperate
dronbreen-20220329-DAT_0235_A1_1,3110.0,538725.21,8669087.83,708.432,583.163,124.123,707.286,124.598,121.98,0.267,certain_temperate
dronbreen-20220329-DAT_0235_A1_1,3115.0,538720.49,8669089.54,708.466,584.031,123.289,707.319,123.764,121.146,0.267,certain_temperate
dronbreen-20220329-DAT_0235_A1_1,3120.0,538715.65,8669091.21,708.43,585.037,122.247,707.283,122.722,120.104,0.267,certain_temperate
dronbreen-20220329-DAT_0235_A1_1,3125.0,538711.3,8669092.81,708.363,585.908,121.309,707.217,121.784,119.166,0.267,certain_temperate
dronbreen-20220329-DAT_0235_A1_1,3130.0,538706.45,8669094.58,708.314,586.797,120.371,707.168,120.846,118.124,0.267,certain_temperate
dronbreen-20220329-DAT_0235_A1_1,3135.0,538701.94,8669096.03,708.328,587.853,119.329,707.181,119.804,117.082,0.267,certain_temperate
dronbreen-20220329-DAT_0235_A1_1,3140.0,538697.79,8669097.58,708.344,588.703,118.495,707.198,118.97,116.248,0.267,certain_temperate
dronbreen-20220329-DAT_0235_A1_1,3145.0,538692.76,8669099.02,708.384,589.681,117.557,707.238,118.032,115.31,0.267,certain_temperate
dronbreen-20220329-DAT_0235_A1_1,3150.0,538687.86,8669100.3,708.364,590.599,116.619,707.218,117.094,114.372,0.267,certain_temperate
dronbreen-20220329-DAT_0235_A1_1,3155.0,538682.47,8669101.8,708.31,591.483,115.681,707.164,116.156,113.434,0.267,certain_temperate
dronbreen-20220329-DAT_0235_A1_1,3160.0,538677.51,8669103.39,708.225,592.335,114.743,707.078,115.218,112.496,0.267,certain_temperate
dronbreen-20220329-DAT_0235_A1_1,3165.0,538673.38,8669104.74,708.123,593.171,113.805,706.976,114.28,111.558,0.267,certain_temperate
dronbreen-20220329-DAT_0235_A1_1,3170.0,538668.54,8669106.42,707.965,593.951,112.867,706.818,113.342,110.62,0.267,certain_temperate
dronbreen-20220329-DAT_0235_A1_1,3175.0,538664.17,8669108.0,707.787,594.711,111.929,706.641,112.404,109.682,0.267,certain_temperate
dronbreen-20220329-DAT_0235_A1_1,3180.0,538659.64,8669109.58,707.614,595.268,111.2,706.468,111.675,108.953,0.267,certain_temperate
dronbreen-20220329-DAT_0235_A1_1,3185.0,538654.37,8669111.27,707.464,596.577,109.741,706.317,110.216,107.494,0.267,certain_temperate
dronbreen-20220329-DAT_0235_A1_1,3190.0,538649.8,8669112.77,707.361,597.516,108.698,706.214,109.173,106.452,0.267,certain_temperate
dronbreen-20220329-DAT_0235_A1_1,3195.0,538644.89,8669114.36,707.239,598.332,107.76,706.092,108.235,105.514,0.267,certain_temperate
dronbreen-20220329-DAT_0235_A1_1,3200.0,538639.95,8669115.96,707.071,599.102,106.822,705.925,107.298,104.576,0.267,certain_temperate
dronbreen-20220329-DAT_0235_A1_1,3205.0,538635.07,8669117.56,706.834,600.324,105.363,705.687,105.943,103.117,0.267,certain_temperate
dronbreen-20220329-DAT_0235_A1_1,3210.0,538630.45,8669119.24,706.505,601.35,104.009,705.359,104.588,101.762,0.267,certain_temperate
dronbreen-20220329-DAT_0235_A1_1,3215.0,538626.42,8669120.53,706.218,602.418,102.654,705.071,103.233,100.407,0.267,certain_temperate
dronbreen-20220329-DAT_0235_A1_1,3220.0,538621.41,8669122.0,705.908,603.15,101.612,704.762,102.191,99.365,0.267,certain_temperate
dronbreen-20220329-DAT_0235_A1_1,3225.0,538616.43,8669123.35,705.622,603.593,100.882,704.475,101.461,98.635,0.267,certain_temperate
dronbreen-20220329-DAT_0235_A1_1,3230.0,538611.44,8669124.88,705.319,604.124,100.048,704.172,100.628,97.802,0.267,certain_temperate
dronbreen-20220329-DAT_0235_A1_1,3235.0,538606.54,8669126.35,705.033,604.568,99.319,703.887,99.898,97.072,0.267,certain_temperate
dronbreen-20220329-DAT_0235_A1_1,3240.0,538601.67,8669127.76,704.767,605.24,98.381,703.621,98.96,96.134,0.267,certain_temperate
dronbreen-20220329-DAT_0235_A1_1,3245.0,538597.15,8669129.36,704.55,605.544,97.86,703.404,98.439,95.613,0.267,certain_temperate
dronbreen-20220329-DAT_0235_A1_1,3250.0,538592.21,8669131.35,704.301,605.712,97.443,703.155,98.022,95.092,0.267,certain_temperate
dronbreen-20220329-DAT_0235_A1_1,3255.0,538587.95,8669133.51,704.031,605.859,97.026,702.885,97.605,94.675,0.267,certain_temperate
dronbreen-20220329-DAT_0235_A1_1,3260.0,538583.73,8669136.31,703.707,606.16,96.401,702.56,96.98,94.05,0.267,certain_temperate
dronbreen-20220329-DAT_0235_A1_1,3265.0,538579.82,8669139.79,703.308,606.177,95.984,702.161,96.563,93.633,0.267,certain_temperate
dronbreen-20220329-DAT_0235_A1_1,3270.0,538577.04,8669143.04,702.932,606.219,95.567,701.786,96.146,93.216,0.267,certain_temperate
dronbreen-20220329-DAT_0235_A1_1,3275.0,538574.16,8669147.54,702.42,606.332,94.942,701.273,95.521,92.591,0.267,certain_temperate
dronbreen-20220329-DAT_0235_A1_1,3280.0,538572.98,8669152.68,701.867,606.3,94.421,700.72,95.0,92.07,0.267,certain_temperate
dronbreen-20220329-DAT_0235_A1_1,3285.0,538572.94,8669156.9,701.467,606.212,94.108,700.32,94.687,91.757,0.267,certain_temperate
dronbreen-20220329-DAT_0235_A1_1,3290.0,538573.32,8669162.81,700.865,605.819,93.9,699.719,94.479,91.549,0.267,certain_temperate
dronbreen-20220329-DAT_0235_A1_1,3295.0,538573.93,8669166.85,700.425,605.483,93.795,699.279,94.375,91.444,0.267,certain_temperate
dronbreen-20220329-DAT_0235_A1_1,3300.0,538576.15,8669171.79,699.84,605.107,93.587,698.694,94.166,91.236,0.267,certain_temperate
dronbreen-20220329-DAT_0235_A1_1,3305.0,538579.61,8669175.64,699.406,604.777,93.483,698.26,94.062,91.132,0.267,certain_temperate
dronbreen-20220329-DAT_0235_A1_1,3310.0,538583.08,8669178.5,699.092,604.567,93.378,697.946,93.958,91.028,0.267,certain_temperate
dronbreen-20220329-DAT_0235_A1_1,3315.0,538587.76,8669180.82,698.831,604.202,93.483,697.685,94.062,91.132,0.267,certain_temperate
dronbreen-20220329-DAT_0235_A1_1,3320.0,538592.73,8669180.91,698.787,604.262,93.378,697.64,93.958,91.028,0.267,certain_temperate
dronbreen-20220329-DAT_0235_A1_1,3325.0,538597.92,8669180.75,698.796,603.959,93.691,697.65,94.293,91.317,0.267,certain_temperate
dronbreen-20220329-DAT_0235_A1_1,3330.0,538602.54,8669180.64,698.807,603.969,93.795,697.765,94.293,91.317,0.266,certain_temperate
dronbreen-20220329-DAT_0235_A1_1,3335.0,538607.41,8669180.28,698.897,604.059,93.795,697.854,94.27,91.34,0.266,certain_temperate
dronbreen-20220329-DAT_0235_A1_1,3340.0,538612.51,8669179.76,699.026,603.667,94.316,697.984,94.791,91.861,0.266,certain_temperate
dronbreen-20220329-DAT_0235_A1_1,3345.0,538618.2,8669179.01,699.207,603.223,94.942,698.165,95.417,92.487,0.266,certain_temperate
dronbreen-20220329-DAT_0235_A1_1,3350.0,538623.24,8669178.28,699.361,602.856,95.463,698.319,95.938,92.904,0.266,certain_temperate
dronbreen-20220329-DAT_0235_A1_1,3355.0,538628.09,8669177.65,699.489,602.359,96.088,698.447,96.563,93.529,0.266,certain_temperate
dronbreen-20220329-DAT_0235_A1_1,3360.0,538632.67,8669176.79,699.652,602.209,96.401,698.61,96.876,93.842,0.266,certain_temperate
dronbreen-20220329-DAT_0235_A1_1,3365.0,538637.43,8669175.87,699.87,600.76,98.068,698.828,98.543,95.509,0.266,certain_temperate
dronbreen-20220329-DAT_0235_A1_1,3370.0,538642.4,8669174.15,700.243,599.569,99.632,699.201,100.106,97.072,0.266,certain_temperate
dronbreen-20220329-DAT_0235_A1_1,3375.0,538646.99,8669172.11,700.69,598.87,100.778,699.648,101.253,98.219,0.266,certain_temperate
dronbreen-20220329-DAT_0235_A1_1,3380.0,538650.99,8669170.49,701.023,598.057,101.924,699.981,102.399,99.365,0.266,certain_temperate
dronbreen-20220329-DAT_0235_A1_1,3385.0,538656.6,8669168.6,701.328,597.215,103.071,700.285,103.546,100.511,0.266,certain_temperate
dronbreen-20220329-DAT_0235_A1_1,3390.0,538661.31,8669167.06,701.51,596.564,103.904,700.468,104.379,101.345,0.266,certain_temperate
dronbreen-20220329-DAT_0235_A1_1,3395.0,538665.83,8669165.54,701.652,595.664,104.947,700.61,105.421,102.387,0.266,certain_temperate
dronbreen-20220329-DAT_0235_A1_1,3400.0,538670.59,8669163.95,701.823,594.792,105.989,700.781,106.464,103.43,0.266,certain_temperate
dronbreen-20220329-DAT_0235_A1_1,3405.0,538674.68,8669162.61,701.984,594.015,106.927,700.942,107.402,104.367,0.266,certain_temperate
dronbreen-20220329-DAT_0235_A1_1,3410.0,538679.76,8669160.89,702.206,593.091,108.073,701.164,108.548,105.514,0.266,certain_temperate
dronbreen-20220329-DAT_0235_A1_1,3415.0,538685.15,8669159.19,702.416,591.425,109.949,701.374,110.424,107.39,0.266,certain_temperate
dronbreen-20220329-DAT_0235_A1_1,3420.0,538689.54,8669157.72,702.572,590.33,111.2,701.53,111.674,108.64,0.266,certain_temperate
dronbreen-20220329-DAT_0235_A1_1,3425.0,538693.83,8669156.27,702.726,589.338,112.346,701.684,112.821,109.787,0.266,certain_temperate
dronbreen-20220329-DAT_0235_A1_1,3430.0,538699.31,8669154.44,702.915,588.068,113.805,701.873,114.28,111.246,0.266,certain_temperate
dronbreen-20220329-DAT_0235_A1_1,3435.0,538704.23,8669153.03,703.046,587.157,114.847,702.004,115.322,112.288,0.266,certain_temperate
dronbreen-20220329-DAT_0235_A1_1,3440.0,538708.99,8669151.5,703.173,586.138,115.994,702.131,116.468,113.434,0.266,certain_temperate
dronbreen-20220329-DAT_0235_A1_1,3445.0,538713.34,8669150.13,703.223,585.249,116.932,702.181,117.406,114.268,0.266,certain_temperate
dronbreen-20220329-DAT_0235_A1_1,3450.0,538718.06,8669148.66,703.268,584.252,117.974,702.226,118.449,115.31,0.266,certain_temperate
dronbreen-20220329-DAT_0235_A1_1,3455.0,538723.45,8669147.07,703.304,582.829,119.433,702.262,119.908,116.769,0.266,certain_temperate
dronbreen-20220329-DAT_0235_A1_1,3460.0,538727.67,8669145.89,703.334,581.191,121.1,702.292,121.575,118.437,0.266,certain_temperate
dronbreen-20220329-DAT_0235_A1_1,3465.0,538731.97,8669144.71,703.352,579.959,122.351,702.31,122.826,119.687,0.266,certain_temperate
dronbreen-20220329-DAT_0235_A1_1,3470.0,538737.31,8669143.56,703.264,578.203,124.018,702.221,124.493,121.355,0.266,certain_temperate
dronbreen-20220329-DAT_0235_A1_1,3475.0,538741.81,8669142.14,703.175,576.551,125.582,702.133,126.056,122.918,0.266,certain_temperate
dronbreen-20220329-DAT_0235_A1_1,3480.0,538746.82,8669140.55,703.065,575.608,126.415,702.023,126.89,123.752,0.266,certain_temperate
dronbreen-20220329-DAT_0235_A1_1,3485.0,538751.45,8669138.95,703.007,576.384,125.582,701.965,126.056,122.918,0.266,certain_temperate
dronbreen-20220329-DAT_0235_A1_1,3490.0,538756.72,8669137.33,702.977,575.832,126.103,701.935,126.578,123.439,0.266,certain_temperate
dronbreen-20220329-DAT_0235_A1_1,3495.0,538760.9,8669135.93,702.976,575.727,126.207,701.933,126.682,123.543,0.266,certain_temperate
dronbreen-20220329-DAT_0235_A1_1,3500.0,538765.68,8669134.33,702.97,575.617,126.311,701.928,126.786,123.648,0.266,certain_temperate
dronbreen-20220329-DAT_0235_A1_1,3505.0,538770.64,8669133.22,702.87,575.204,126.624,701.827,127.099,123.96,0.266,certain_temperate
dronbreen-20220329-DAT_0235_A1_1,3510.0,538775.9,8669131.65,702.779,575.113,126.624,701.737,127.099,123.96,0.266,certain_temperate
dronbreen-20220329-DAT_0235_A1_1,3515.0,538780.51,8669130.29,702.698,575.033,126.624,701.656,127.099,123.96,0.266,certain_temperate
dronbreen-20220329-DAT_0235_A1_1,3520.0,538785.13,8669128.94,702.608,575.047,126.52,701.566,126.994,123.856,0.266,certain_temperate
dronbreen-20220329-DAT_0235_A1_1,3525.0,538790.08,8669127.78,702.493,574.827,126.624,701.45,127.099,123.96,0.266,certain_temperate
dronbreen-20220329-DAT_0235_A1_1,3530.0,538794.55,8669126.79,702.37,574.6,126.728,701.328,127.203,124.065,0.266,certain_temperate
dronbreen-20220329-DAT_0235_A1_1,3535.0,538799.32,8669125.68,702.22,574.138,127.041,701.178,127.515,124.377,0.266,certain_temperate
dronbreen-20220329-DAT_0235_A1_1,3540.0,538804.75,8669124.42,702.035,573.64,127.353,700.993,127.828,124.69,0.266,certain_temperate
dronbreen-20220329-DAT_0235_A1_1,3545.0,538810.08,8669123.2,701.85,573.455,127.353,700.808,127.828,124.69,0.266,certain_temperate
dronbreen-20220329-DAT_0235_A1_1,3550.0,538814.46,8669122.15,701.704,573.1,127.562,700.662,128.037,124.898,0.266,certain_temperate
dronbreen-20220329-DAT_0235_A1_1,3555.0,538819.08,8669121.1,701.549,572.737,127.77,700.507,128.245,125.107,0.266,certain_temperate
dronbreen-20220329-DAT_0235_A1_1,3560.0,538824.28,8669120.01,701.392,572.579,127.77,700.349,128.245,125.107,0.266,certain_temperate
dronbreen-20220329-DAT_0235_A1_1,3565.0,538828.89,8669118.8,701.315,572.503,127.77,700.273,128.245,125.107,0.266,certain_temperate
dronbreen-20220329-DAT_0235_A1_1,3570.0,538833.43,8669117.77,701.268,572.352,127.874,700.226,128.349,125.107,0.266,certain_temperate
dronbreen-20220329-DAT_0235_A1_1,3575.0,538838.87,8669116.34,701.227,572.727,127.457,700.185,127.932,124.69,0.266,certain_temperate
dronbreen-20220329-DAT_0235_A1_1,3580.0,538843.83,8669115.24,701.184,573.102,127.041,700.142,127.515,124.273,0.266,certain_temperate
dronbreen-20220329-DAT_0235_A1_1,3585.0,538848.24,8669114.28,701.16,573.39,126.728,700.118,127.203,123.96,0.266,certain_temperate
dronbreen-20220329-DAT_0235_A1_1,3590.0,538853.52,8669113.17,701.145,574.0,126.103,700.103,126.578,123.335,0.266,certain_temperate
dronbreen-20220329-DAT_0235_A1_1,3595.0,538858.0,8669112.24,701.138,574.514,125.582,700.096,126.056,122.814,0.266,certain_temperate
dronbreen-20220329-DAT_0235_A1_1,3600.0,538863.16,8669111.21,701.147,575.045,125.06,700.105,125.535,122.293,0.266,certain_temperate
dronbreen-20220329-DAT_0235_A1_1,3605.0,538867.73,8669110.47,701.159,575.577,124.539,700.117,125.014,121.772,0.266,certain_temperate
dronbreen-20220329-DAT_0235_A1_1,3610.0,538873.67,8669109.53,701.184,576.332,123.81,700.142,124.285,121.042,0.266,certain_temperate
dronbreen-20220329-DAT_0235_A1_1,3615.0,538878.19,8669108.81,701.192,576.965,123.185,700.149,123.659,120.417,0.266,certain_temperate
dronbreen-20220329-DAT_0235_A1_1,3620.0,538882.87,8669108.06,701.19,577.276,122.872,700.147,123.347,120.104,0.266,certain_temperate
dronbreen-20220329-DAT_0235_A1_1,3625.0,538887.37,8669107.22,701.169,577.568,122.559,700.127,123.034,119.792,0.266,certain_temperate
dronbreen-20220329-DAT_0235_A1_1,3630.0,538893.28,8669106.19,701.136,578.056,122.038,700.094,122.513,119.271,0.266,certain_temperate
dronbreen-20220329-DAT_0235_A1_1,3635.0,538897.33,8669105.74,701.103,578.231,121.83,700.061,122.305,119.062,0.266,certain_temperate
dronbreen-20220329-DAT_0235_A1_1,3640.0,538902.72,8669105.15,701.122,578.563,121.517,700.08,121.992,118.749,0.266,certain_temperate
dronbreen-20220329-DAT_0235_A1_1,3645.0,538908.09,8669104.57,701.155,579.013,121.1,700.113,121.575,118.333,0.266,certain_temperate
dronbreen-20220329-DAT_0235_A1_1,3650.0,538912.31,8669104.22,701.181,579.455,120.683,700.139,121.158,117.916,0.266,certain_temperate
dronbreen-20220329-DAT_0235_A1_1,3655.0,538917.16,8669103.9,701.185,579.877,120.266,700.143,120.764,117.476,0.266,certain_temperate
dronbreen-20220329-DAT_0235_A1_1,3660.0,538922.56,8669103.31,701.205,580.209,120.058,700.267,120.452,117.163,0.266,certain_temperate
dronbreen-20220329-DAT_0235_A1_1,3665.0,538927.92,8669102.84,701.208,580.629,119.641,700.27,120.012,116.769,0.266,certain_temperate
dronbreen-20220329-DAT_0235_A1_1,3670.0,538932.23,8669102.42,701.207,581.045,119.224,700.269,119.595,116.353,0.266,certain_temperate
dronbreen-20220329-DAT_0235_A1_1,3675.0,538937.19,8669102.06,701.209,581.673,118.599,700.272,118.97,115.727,0.266,certain_temperate
dronbreen-20220329-DAT_0235_A1_1,3680.0,538942.33,8669101.69,701.198,581.974,118.286,700.26,118.657,115.415,0.266,certain_temperate
dronbreen-20220329-DAT_0235_A1_1,3685.0,538948.07,8669101.19,701.22,582.516,117.765,700.282,118.136,114.894,0.266,certain_temperate
dronbreen-20220329-DAT_0235_A1_1,3690.0,538952.56,8669100.8,701.238,582.848,117.453,700.3,117.823,114.477,0.266,certain_temperate
dronbreen-20220329-DAT_0235_A1_1,3695.0,538958.06,8669100.3,701.261,583.392,116.932,700.324,117.302,113.956,0.266,certain_temperate
dronbreen-20220329-DAT_0235_A1_1,3700.0,538962.39,8669099.99,701.28,583.827,116.515,700.342,116.885,113.539,0.266,certain_temperate
dronbreen-20220329-DAT_0235_A1_1,3705.0,538967.8,8669099.4,701.333,584.297,116.098,700.395,116.468,113.122,0.266,certain_temperate
dronbreen-20220329-DAT_0235_A1_1,3710.0,538972.59,8669099.01,701.405,584.786,115.681,700.467,116.051,112.705,0.266,certain_temperate
dronbreen-20220329-DAT_0235_A1_1,3715.0,538976.97,8669098.5,701.502,585.196,115.368,700.564,115.739,112.392,0.266,certain_temperate
dronbreen-20220329-DAT_0235_A1_1,3720.0,538982.03,8669097.91,701.65,585.865,114.847,700.712,115.218,111.871,0.266,certain_temperate
dronbreen-20220329-DAT_0235_A1_1,3725.0,538986.76,8669097.35,701.805,586.437,114.43,700.867,114.801,111.454,0.266,certain_temperate
dronbreen-20220329-DAT_0235_A1_1,3730.0,538991.94,8669096.51,701.98,586.716,114.326,701.042,114.697,111.35,0.266,certain_temperate
dronbreen-20220329-DAT_0235_A1_1,3735.0,538997.27,8669095.6,702.117,587.165,114.013,701.179,114.384,111.038,0.266,certain_temperate
dronbreen-20220329-DAT_0235_A1_1,3740.0,539002.62,8669094.64,702.226,587.587,113.701,701.288,114.071,110.725,0.266,certain_temperate
dronbreen-20220329-DAT_0235_A1_1,3745.0,539006.67,8669094.02,702.248,588.027,113.284,701.311,113.654,110.308,0.266,certain_temperate
dronbreen-20220329-DAT_0235_A1_1,3750.0,539012.04,8669092.99,702.28,588.579,112.763,701.342,113.133,109.787,0.266,certain_temperate
dronbreen-20220329-DAT_0235_A1_1,3755.0,539017.45,8669091.91,702.32,589.036,112.346,701.382,112.716,109.37,0.266,certain_temperate
dronbreen-20220329-DAT_0235_A1_1,3760.0,539021.33,8669091.03,702.371,589.399,112.033,701.433,112.404,109.057,0.266,certain_temperate
dronbreen-20220329-DAT_0235_A1_1,3765.0,539026.19,8669089.93,702.454,589.9,111.616,701.516,111.987,108.641,0.266,certain_temperate
dronbreen-20220329-DAT_0235_A1_1,3770.0,539031.05,8669089.32,702.523,590.281,111.304,701.585,111.674,108.328,0.266,certain_temperate
dronbreen-20220329-DAT_0235_A1_1,3775.0,539036.08,8669088.97,702.575,590.646,110.991,701.637,111.362,108.015,0.266,certain_temperate
dronbreen-20220329-DAT_0235_A1_1,3780.0,539041.98,8669088.73,702.645,591.237,110.47,701.707,110.841,107.494,0.266,certain_temperate
dronbreen-20220329-DAT_0235_A1_1,3785.0,539046.05,8669088.46,702.706,592.027,109.741,701.768,110.111,106.765,0.266,certain_temperate
dronbreen-20220329-DAT_0235_A1_1,3790.0,539051.03,8669088.1,702.768,592.923,108.907,701.83,109.277,105.931,0.266,certain_temperate
dronbreen-20220329-DAT_0235_A1_1,3795.0,539056.97,8669087.75,702.806,593.482,108.386,701.868,108.756,105.41,0.266,certain_temperate
dronbreen-20220329-DAT_0235_A1_1,3800.0,539061.27,8669087.6,702.791,593.676,108.177,701.853,108.548,105.201,0.266,certain_temperate
dronbreen-20220329-DAT_0235_A1_1,3805.0,539066.29,8669087.58,702.734,593.827,107.969,701.796,108.339,104.993,0.266,certain_temperate
dronbreen-20220329-DAT_0235_A1_1,3810.0,539070.99,8669087.4,702.677,594.395,107.344,701.739,107.714,104.368,0.266,certain_temperate
dronbreen-20220329-DAT_0235_A1_1,3815.0,539076.19,8669087.47,702.595,595.043,106.614,701.657,106.985,103.534,0.266,certain_temperate
dronbreen-20220329-DAT_0235_A1_1,3820.0,539081.28,8669087.31,702.491,595.668,105.885,701.553,106.255,102.804,0.266,certain_temperate
dronbreen-20220329-DAT_0235_A1_1,3825.0,539086.32,8669086.83,702.374,595.968,105.468,701.436,105.838,102.388,0.266,certain_temperate
dronbreen-20220329-DAT_0235_A1_1,3830.0,539090.97,8669086.3,702.3,596.624,104.738,701.362,105.109,101.658,0.266,certain_temperate
dronbreen-20220329-DAT_0235_A1_1,3835.0,539096.81,8669085.77,702.243,598.86,102.445,701.305,102.816,99.365,0.266,certain_temperate
dronbreen-20220329-DAT_0235_A1_1,3840.0,539100.79,8669085.58,702.264,599.506,101.82,701.326,102.191,98.74,0.266,certain_temperate
dronbreen-20220329-DAT_0235_A1_1,3845.0,539106.58,8669085.09,702.354,600.742,100.674,701.416,101.044,97.594,0.266,certain_temperate
dronbreen-20220329-DAT_0235_A1_1,3850.0,539111.65,8669084.78,702.46,601.682,99.84,701.522,100.21,96.76,0.266,certain_temperate
dronbreen-20220329-DAT_0235_A1_1,3855.0,539116.63,8669085.06,702.516,603.093,98.485,701.578,98.856,95.405,0.266,certain_temperate
dronbreen-20220329-DAT_0235_A1_1,3860.0,539120.92,8669085.91,702.523,604.142,97.443,701.585,97.813,94.363,0.266,certain_temperate
dronbreen-20220329-DAT_0235_A1_1,3865.0,539126.09,8669088.08,702.47,605.131,96.401,701.532,96.771,93.321,0.266,certain_temperate
dronbreen-20220329-DAT_0235_A1_1,3870.0,539129.92,8669091.55,702.359,605.958,95.463,701.421,95.833,92.383,0.266,certain_temperate
dronbreen-20220329-DAT_0235_A1_1,3875.0,539132.1,8669095.02,702.224,606.657,94.629,701.286,95.0,91.549,0.266,certain_temperate
dronbreen-20220329-DAT_0235_A1_1,3880.0,539134.29,8669100.13,702.015,607.386,93.691,701.077,94.062,90.611,0.266,certain_temperate
dronbreen-20220329-DAT_0235_A1_1,3885.0,539134.76,8669105.22,701.787,607.679,93.17,700.849,93.541,90.09,0.266,certain_temperate
dronbreen-20220329-DAT_0235_A1_1,3890.0,539134.98,8669110.64,701.545,608.166,92.441,700.607,92.811,89.36,0.266,certain_temperate
dronbreen-20220329-DAT_0235_A1_1,3895.0,539133.67,8669114.95,701.352,608.077,92.336,700.414,92.707,89.256,0.266,certain_temperate
dronbreen-20220329-DAT_0235_A1_1,3900.0,539132.01,8669119.05,701.167,606.433,93.795,700.229,94.166,90.715,0.266,certain_temperate
dronbreen-20220329-DAT_0235_A1_1,3905.0,539127.84,8669122.09,700.977,604.681,95.359,700.039,95.729,92.278,0.266,certain_temperate
dronbreen-20220329-DAT_0235_A1_1,3910.0,539123.63,8669124.57,700.824,602.964,96.922,699.886,97.292,93.842,0.266,certain_temperate
dronbreen-20220329-DAT_0235_A1_1,3915.0,539118.87,8669126.95,700.685,601.054,98.694,699.747,99.064,95.613,0.266,certain_temperate
dronbreen-20220329-DAT_0235_A1_1,3920.0,539114.17,8669128.95,700.586,599.391,100.257,699.648,100.627,97.177,0.266,certain_temperate
dronbreen-20220329-DAT_0235_A1_1,3925.0,539109.22,8669130.92,700.511,597.961,101.612,699.573,102.005,98.509,0.266,certain_temperate
dronbreen-20220329-DAT_0235_A1_1,3930.0,539104.16,8669132.82,700.432,596.84,102.55,699.39,103.047,99.551,0.266,certain_temperate
dronbreen-20220329-DAT_0235_A1_1,3935.0,539100.26,8669134.07,700.389,596.068,103.279,699.347,103.754,100.199,0.266,certain_temperate
dronbreen-20220329-DAT_0235_A1_1,3940.0,539095.31,8669135.66,700.321,594.749,104.53,699.279,105.005,101.449,0.266,certain_temperate
dronbreen-20220329-DAT_0235_A1_1,3945.0,539090.62,8669136.27,700.257,594.059,105.155,699.214,105.63,102.075,0.266,certain_temperate
dronbreen-20220329-DAT_0235_A1_1,3950.0,539085.23,8669136.36,700.187,593.364,105.78,699.145,106.255,102.7,0.266,certain_temperate
dronbreen-20220329-DAT_0235_A1_1,3955.0,539080.78,8669137.29,700.089,592.745,106.301,699.047,106.776,103.221,0.266,certain_temperate
dronbreen-20220329-DAT_0235_A1_1,3960.0,539075.59,8669139.12,699.937,591.968,106.927,698.895,107.402,103.846,0.266,certain_temperate
dronbreen-20220329-DAT_0235_A1_1,3965.0,539070.76,8669141.12,699.792,591.302,107.448,698.75,107.923,104.367,0.266,certain_temperate
dronbreen-20220329-DAT_0235_A1_1,3970.0,539066.76,8669142.77,699.668,590.657,107.969,698.626,108.467,104.866,0.266,certain_temperate
dronbreen-20220329-DAT_0235_A1_1,3975.0,539061.68,8669144.87,699.483,589.951,108.386,698.337,108.988,105.387,0.267,certain_temperate
dronbreen-20220329-DAT_0235_A1_1,3980.0,539056.85,8669146.64,699.301,589.248,108.907,698.155,109.486,105.931,0.267,certain_temperate
dronbreen-20220329-DAT_0235_A1_1,3985.0,539052.73,8669148.2,699.129,588.659,109.324,697.982,109.903,106.347,0.267,certain_temperate
dronbreen-20220329-DAT_0235_A1_1,3990.0,539047.64,8669149.75,698.948,588.061,109.741,697.801,110.32,106.764,0.267,certain_temperate
dronbreen-20220329-DAT_0235_A1_1,3995.0,539042.62,8669151.25,698.778,587.474,110.157,697.631,110.737,107.181,0.267,certain_temperate
dronbreen-20220329-DAT_0235_A1_1,4000.0,539037.47,8669152.53,698.659,587.043,110.47,697.513,111.049,107.494,0.267,certain_temperate
dronbreen-20220329-DAT_0235_A1_1,4005.0,539032.89,8669153.45,698.615,586.477,110.991,697.468,111.57,108.015,0.267,certain_temperate
dronbreen-20220329-DAT_0235_A1_1,4010.0,539028.53,8669154.63,698.579,586.025,111.408,697.433,111.987,108.432,0.267,certain_temperate
dronbreen-20220329-DAT_0235_A1_1,4015.0,539023.01,8669156.27,698.516,585.441,111.929,697.37,112.508,108.953,0.267,certain_temperate
dronbreen-20220329-DAT_0235_A1_1,4020.0,539018.85,8669157.54,698.454,585.066,112.242,697.308,112.844,109.243,0.267,certain_temperate
dronbreen-20220329-DAT_0235_A1_1,4025.0,539014.46,8669159.0,698.362,584.557,112.554,697.112,113.261,109.659,0.267,certain_temperate
dronbreen-20220329-DAT_0235_A1_1,4030.0,539008.89,8669160.84,698.222,583.896,113.076,696.971,113.759,110.203,0.267,certain_temperate
dronbreen-20220329-DAT_0235_A1_1,4035.0,539005.05,8669162.08,698.129,583.386,113.492,696.879,114.176,110.62,0.267,certain_temperate
dronbreen-20220329-DAT_0235_A1_1,4040.0,539000.22,8669163.42,698.038,582.878,113.909,696.787,114.593,111.037,0.267,certain_temperate
dronbreen-20220329-DAT_0235_A1_1,4045.0,538995.06,8669164.76,697.959,582.069,114.639,696.708,115.322,111.767,0.267,certain_temperate
dronbreen-20220329-DAT_0235_A1_1,4050.0,538989.58,8669166.09,697.879,581.573,115.056,696.628,115.844,112.183,0.267,certain_temperate
dronbreen-20220329-DAT_0235_A1_1,4055.0,538984.69,8669167.44,697.795,581.176,115.368,696.544,116.156,112.496,0.267,certain_temperate
dronbreen-20220329-DAT_0235_A1_1,4060.0,538980.1,8669168.8,697.704,580.564,115.889,696.454,116.677,112.913,0.267,certain_temperate
dronbreen-20220329-DAT_0235_A1_1,4065.0,538975.97,8669170.03,697.601,579.94,116.41,696.35,117.221,113.411,0.267,certain_temperate
dronbreen-20220329-DAT_0235_A1_1,4070.0,538970.86,8669171.69,697.428,579.141,116.932,696.073,117.847,114.036,0.267,certain_temperate
dronbreen-20220329-DAT_0235_A1_1,4075.0,538965.43,8669173.46,697.206,578.399,117.453,695.851,118.345,114.58,0.267,certain_temperate
dronbreen-20220329-DAT_0235_A1_1,4080.0,538960.81,8669175.03,697.029,577.596,118.078,695.674,118.97,115.205,0.267,certain_temperate
dronbreen-20220329-DAT_0235_A1_1,4085.0,538956.77,8669176.5,696.915,576.961,118.599,695.56,119.491,115.727,0.267,certain_temperate
dronbreen-20220329-DAT_0235_A1_1,4090.0,538951.62,8669178.21,696.801,576.118,119.329,695.446,120.221,116.456,0.267,certain_temperate
dronbreen-20220329-DAT_0235_A1_1,4095.0,538947.06,8669179.1,696.771,575.775,119.641,695.416,120.534,116.769,0.267,certain_temperate
dronbreen-20220329-DAT_0235_A1_1,4100.0,538941.6,8669180.52,696.698,575.181,120.162,695.343,121.055,117.29,0.267,certain_temperate
dronbreen-20220329-DAT_0235_A1_1,4105.0,538937.83,8669181.41,696.634,574.909,120.371,695.279,121.263,117.498,0.267,certain_temperate
dronbreen-20220329-DAT_0235_A1_1,4110.0,538932.27,8669182.49,696.532,574.598,120.579,695.177,121.471,117.707,0.267,certain_temperate
dronbreen-20220329-DAT_0235_A1_1,4115.0,538927.97,8669183.29,696.451,574.413,120.683,695.096,121.599,117.788,0.267,certain_temperate
dronbreen-20220329-DAT_0235_A1_1,4120.0,538921.81,8669184.54,696.382,574.031,120.892,694.923,121.911,118.1,0.267,certain_temperate
dronbreen-20220329-DAT_0235_A1_1,4125.0,538917.21,8669185.4,696.335,573.672,121.204,694.876,122.201,118.436,0.267,certain_temperate
dronbreen-20220329-DAT_0235_A1_1,4130.0,538912.95,8669186.35,696.296,573.32,121.517,694.837,122.514,118.749,0.267,certain_temperate
dronbreen-20220329-DAT_0235_A1_1,4135.0,538907.98,8669187.68,696.245,572.748,122.038,694.786,123.035,119.27,0.267,certain_temperate
dronbreen-20220329-DAT_0235_A1_1,4140.0,538903.44,8669188.91,696.192,572.278,122.455,694.733,123.452,119.687,0.267,certain_temperate
dronbreen-20220329-DAT_0235_A1_1,4145.0,538898.08,8669190.06,696.131,571.696,122.976,694.672,123.973,120.208,0.267,certain_temperate
dronbreen-20220329-DAT_0235_A1_1,4150.0,538892.83,8669190.96,696.065,571.213,123.393,694.606,124.39,120.625,0.267,certain_temperate
dronbreen-20220329-DAT_0235_A1_1,4155.0,538888.51,8669191.83,695.973,570.704,123.81,694.514,124.807,121.041,0.267,certain_temperate
dronbreen-20220329-DAT_0235_A1_1,4160.0,538883.37,8669192.93,695.86,570.07,124.331,694.401,125.328,121.563,0.267,certain_temperate
dronbreen-20220329-DAT_0235_A1_1,4165.0,538878.42,8669193.96,695.757,569.446,124.852,694.298,125.849,122.084,0.267,certain_temperate
dronbreen-20220329-DAT_0235_A1_1,4170.0,538874.13,8669194.95,695.687,568.959,125.269,694.228,126.266,122.5,0.267,certain_temperate
dronbreen-20220329-DAT_0235_A1_1,4175.0,538868.37,8669196.28,695.651,568.506,125.686,694.192,126.683,122.917,0.267,certain_temperate
dronbreen-20220329-DAT_0235_A1_1,4180.0,538864.13,8669197.21,695.644,568.395,125.79,694.185,126.787,123.022,0.267,certain_temperate
dronbreen-20220329-DAT_0235_A1_1,4185.0,538859.43,8669198.25,695.622,568.269,125.894,694.163,126.891,123.126,0.267,certain_temperate
dronbreen-20220329-DAT_0235_A1_1,4190.0,538854.57,8669199.51,695.568,568.215,125.894,694.109,126.891,123.126,0.267,certain_temperate
dronbreen-20220329-DAT_0235_A1_1,4195.0,538849.76,8669200.95,695.488,568.239,125.79,694.029,126.787,122.917,0.267,certain_temperate
dronbreen-20220329-DAT_0235_A1_1,4200.0,538844.05,8669202.21,695.417,568.272,125.686,693.958,126.683,122.813,0.267,certain_temperate
dronbreen-20220329-DAT_0235_A1_1,4205.0,538840.04,8669203.0,695.39,568.245,125.686,693.931,126.683,122.813,0.267,certain_temperate
dronbreen-20220329-DAT_0235_A1_1,4210.0,538835.24,8669204.0,695.379,568.338,125.582,693.92,126.578,122.709,0.267,certain_temperate
dronbreen-20220329-DAT_0235_A1_1,4215.0,538829.14,8669205.07,695.369,568.433,125.477,693.91,126.474,122.605,0.267,certain_temperate
dronbreen-20220329-DAT_0235_A1_1,4220.0,538824.47,8669205.87,695.354,568.522,125.373,693.895,126.37,122.5,0.267,certain_temperate
dronbreen-20220329-DAT_0235_A1_1,4225.0,538820.5,8669206.53,695.343,568.719,125.165,693.884,126.161,122.292,0.267,certain_temperate
dronbreen-20220329-DAT_0235_A1_1,4230.0,538814.98,8669207.45,695.346,568.514,125.373,693.887,126.37,122.5,0.267,certain_temperate
dronbreen-20220329-DAT_0235_A1_1,4235.0,538810.44,8669208.25,695.392,568.664,125.269,693.933,126.266,122.396,0.267,certain_temperate
dronbreen-20220329-DAT_0235_A1_1,4240.0,538804.78,8669209.14,695.5,569.085,124.956,694.041,125.953,122.084,0.267,certain_temperate
dronbreen-20220329-DAT_0235_A1_1,4245.0,538800.64,8669209.96,695.566,569.255,124.852,694.107,125.849,121.979,0.267,certain_temperate
dronbreen-20220329-DAT_0235_A1_1,4250.0,538795.21,8669210.79,695.642,569.539,124.644,694.183,125.64,121.771,0.267,certain_temperate
dronbreen-20220329-DAT_0235_A1_1,4255.0,538790.44,8669211.71,695.688,569.898,124.331,694.229,125.328,121.458,0.267,certain_temperate
dronbreen-20220329-DAT_0235_A1_1,4260.0,538785.12,8669212.81,695.734,570.256,124.018,694.275,125.015,121.146,0.267,certain_temperate
dronbreen-20220329-DAT_0235_A1_1,4265.0,538780.98,8669213.55,695.75,570.376,123.914,694.291,124.911,121.041,0.267,certain_temperate
dronbreen-20220329-DAT_0235_A1_1,4270.0,538776.39,8669214.34,695.757,570.488,123.81,694.298,124.807,120.937,0.267,certain_temperate
dronbreen-20220329-DAT_0235_A1_1,4275.0,538770.5,8669215.23,695.73,570.669,123.601,694.271,124.598,120.729,0.267,certain_temperate
dronbreen-20220329-DAT_0235_A1_1,4280.0,538766.21,8669216.04,695.658,570.806,123.393,694.199,124.39,120.52,0.267,certain_temperate
dronbreen-20220329-DAT_0235_A1_1,4285.0,538760.86,8669216.63,695.619,571.392,122.768,694.16,123.764,119.895,0.267,certain_temperate
dronbreen-20220329-DAT_0235_A1_1,4290.0,538756.18,8669217.33,695.61,572.217,121.934,694.151,122.931,119.061,0.267,certain_temperate
dronbreen-20220329-DAT_0235_A1_1,4295.0,538750.41,8669218.28,695.653,572.781,121.413,694.194,122.41,118.54,0.267,certain_temperate
dronbreen-20220329-DAT_0235_A1_1,4300.0,538745.73,8669219.12,695.703,573.769,120.475,694.244,121.472,117.602,0.267,certain_temperate
dronbreen-20220329-DAT_0235_A1_1,4305.0,538741.79,8669219.86,695.733,574.528,119.745,694.274,120.765,116.85,0.267,certain_temperate
dronbreen-20220329-DAT_0235_A1_1,4310.0,538736.0,8669220.94,695.718,575.451,118.912,694.363,119.827,115.912,0.267,certain_temperate
dronbreen-20220329-DAT_0235_A1_1,4315.0,538731.67,8669221.74,695.635,576.307,117.974,694.28,118.866,114.997,0.267,certain_temperate
dronbreen-20220329-DAT_0235_A1_1,4320.0,538725.68,8669222.81,695.409,577.019,117.036,694.055,117.928,114.059,0.267,certain_temperate
dronbreen-20220329-DAT_0235_A1_1,4325.0,538721.15,8669223.67,695.215,577.45,116.41,693.86,117.303,113.434,0.267,certain_temperate
dronbreen-20220329-DAT_0235_A1_1,4330.0,538716.95,8669224.48,695.004,577.968,115.681,693.649,116.677,112.704,0.267,certain_temperate
dronbreen-20220329-DAT_0235_A1_1,4335.0,538712.11,8669225.27,694.788,578.691,114.743,693.434,115.74,111.662,0.267,certain_temperate
dronbreen-20220329-DAT_0235_A1_1,4340.0,538706.34,8669226.47,694.545,579.281,113.909,693.19,114.906,110.828,0.267,certain_temperate
dronbreen-20220329-DAT_0235_A1_1,4345.0,538702.05,8669227.4,694.4,579.865,113.18,693.045,114.176,110.099,0.267,certain_temperate
dronbreen-20220329-DAT_0235_A1_1,4350.0,538696.49,8669228.55,694.244,580.856,112.033,692.89,113.03,108.952,0.267,certain_temperate
dronbreen-20220329-DAT_0235_A1_1,4355.0,538692.43,8669229.55,694.124,581.569,111.2,692.769,112.196,108.119,0.267,certain_temperate
dronbreen-20220329-DAT_0235_A1_1,4360.0,538686.99,8669230.63,693.94,582.323,110.262,692.585,111.258,107.181,0.267,certain_temperate
dronbreen-20220329-DAT_0235_A1_1,4365.0,538682.92,8669231.51,693.763,582.876,109.532,692.408,110.529,106.451,0.267,certain_temperate
dronbreen-20220329-DAT_0235_A1_1,4370.0,538676.94,8669232.85,693.495,583.65,108.49,692.14,109.486,105.409,0.267,certain_temperate
dronbreen-20220329-DAT_0235_A1_1,4375.0,538672.67,8669233.75,693.324,585.772,106.197,691.97,107.194,103.116,0.267,certain_temperate
dronbreen-20220329-DAT_0235_A1_1,4380.0,538667.35,8669234.97,693.124,586.405,105.363,691.769,106.36,102.283,0.267,certain_temperate
dronbreen-20220329-DAT_0235_A1_1,4385.0,538663.32,8669236.16,692.921,586.828,104.738,691.566,105.735,101.657,0.267,certain_temperate
dronbreen-20220329-DAT_0235_A1_1,4390.0,538658.0,8669237.4,692.585,587.639,103.592,691.231,104.588,100.511,0.267,certain_temperate
dronbreen-20220329-DAT_0235_A1_1,4395.0,538653.11,8669238.47,692.232,588.432,102.445,690.877,103.442,99.364,0.267,certain_temperate
dronbreen-20220329-DAT_0235_A1_1,4400.0,538648.17,8669239.54,691.889,589.34,101.195,690.534,102.191,98.114,0.267,certain_temperate
dronbreen-20220329-DAT_0235_A1_1,4405.0,538643.26,8669240.6,691.633,591.063,99.215,690.278,100.211,96.134,0.267,certain_temperate
dronbreen-20220329-DAT_0235_A1_1,4410.0,538638.3,8669241.7,691.494,592.696,97.443,690.139,98.439,94.362,0.267,certain_temperate
dronbreen-20220329-DAT_0235_A1_1,4415.0,538633.51,8669243.05,691.386,593.317,96.713,690.031,97.71,93.633,0.267,certain_temperate
dronbreen-20220329-DAT_0235_A1_1,4420.0,538628.4,8669244.46,691.256,593.918,95.984,689.902,96.98,92.903,0.267,certain_temperate
dronbreen-20220329-DAT_0235_A1_1,4425.0,538623.9,8669246.0,690.967,594.358,95.254,689.612,96.251,92.174,0.267,certain_temperate
dronbreen-20220329-DAT_0235_A1_1,4430.0,538618.9,8669247.58,690.579,594.595,94.629,689.224,95.626,91.548,0.267,certain_temperate
dronbreen-20220329-DAT_0235_A1_1,4435.0,538614.48,8669249.08,690.242,594.884,94.004,688.888,95.0,90.923,0.267,certain_temperate
dronbreen-20220329-DAT_0235_A1_1,4440.0,538610.18,8669250.54,690.001,595.164,93.483,688.646,94.479,90.402,0.267,certain_temperate
dronbreen-20220329-DAT_0235_A1_1,4445.0,538605.38,8669251.99,689.847,595.53,92.962,688.492,93.958,89.881,0.267,certain_temperate
dronbreen-20220329-DAT_0235_A1_1,4450.0,538599.8,8669254.0,689.62,595.721,92.545,688.265,93.541,89.36,0.267,certain_temperate
dronbreen-20220329-DAT_0235_A1_1,4455.0,538595.9,8669255.62,689.353,595.871,92.128,687.999,93.124,88.943,0.267,certain_temperate
dronbreen-20220329-DAT_0235_A1_1,4460.0,538590.81,8669258.24,688.895,595.725,91.815,687.54,92.812,88.63,0.267,certain_temperate
dronbreen-20220329-DAT_0235_A1_1,4465.0,538587.37,8669260.4,688.549,595.587,91.607,687.194,92.603,88.422,0.267,certain_temperate
dronbreen-20220329-DAT_0235_A1_1,4470.0,538583.2,8669264.38,688.06,595.202,91.503,686.705,92.499,88.317,0.267,certain_temperate
dronbreen-20220329-DAT_0235_A1_1,4475.0,538580.9,8669268.78,687.602,594.849,91.398,686.247,92.291,88.213,0.267,certain_temperate
dronbreen-20220329-DAT_0235_A1_1,4480.0,538580.18,8669273.52,687.082,594.433,91.294,685.727,92.186,88.109,0.267,certain_temperate
dronbreen-20220329-DAT_0235_A1_1,4485.0,538580.03,8669278.74,686.473,594.032,91.086,685.118,91.978,87.901,0.267,certain_temperate
dronbreen-20220329-DAT_0235_A1_1,4490.0,538580.59,8669283.28,685.89,593.137,91.398,684.536,92.291,88.213,0.267,certain_temperate
dronbreen-20220329-DAT_0235_A1_1,4495.0,538581.41,8669288.64,685.207,591.829,92.024,683.852,92.916,88.839,0.267,certain_temperate
dronbreen-20220329-DAT_0235_A1_1,4500.0,538582.86,8669292.87,684.728,590.932,92.441,683.373,93.333,89.255,0.267,certain_temperate
dronbreen-20220329-DAT_0235_A1_1,4505.0,538585.43,8669297.75,684.2,589.884,92.962,682.845,93.854,89.777,0.267,certain_temperate
dronbreen-20220329-DAT_0235_A1_1,4510.0,538588.7,8669301.15,683.855,589.018,93.483,682.501,94.375,90.298,0.267,certain_temperate
dronbreen-20220329-DAT_0235_A1_1,4515.0,538592.91,8669303.61,683.608,588.354,93.9,682.254,94.792,90.714,0.267,certain_temperate
dronbreen-20220329-DAT_0235_A1_1,4520.0,538597.89,8669304.71,683.472,587.592,94.525,682.117,95.417,91.34,0.267,certain_temperate
dronbreen-20220329-DAT_0235_A1_1,4525.0,538602.82,8669304.52,683.429,587.029,95.046,682.075,95.938,91.861,0.267,certain_temperate
dronbreen-20220329-DAT_0235_A1_1,4530.0,538607.74,8669303.97,683.407,586.485,95.567,682.052,96.482,92.359,0.267,certain_temperate
dronbreen-20220329-DAT_0235_A1_1,4535.0,538612.46,8669303.36,683.408,586.174,95.984,682.157,96.795,92.672,0.267,certain_temperate
dronbreen-20220329-DAT_0235_A1_1,4540.0,538617.8,8669303.02,683.473,585.717,96.505,682.222,97.293,93.216,0.267,certain_temperate
dronbreen-20220329-DAT_0235_A1_1,4545.0,538622.86,8669302.81,683.585,585.412,96.922,682.334,97.71,93.633,0.267,certain_temperate
dronbreen-20220329-DAT_0235_A1_1,4550.0,538627.49,8669302.73,683.707,585.222,97.235,682.456,98.022,93.945,0.267,certain_temperate
dronbreen-20220329-DAT_0235_A1_1,4555.0,538632.69,8669302.45,683.88,584.978,97.651,682.629,98.439,94.258,0.267,certain_temperate
dronbreen-20220329-DAT_0235_A1_1,4560.0,538637.83,8669302.1,684.03,584.607,98.172,682.779,98.96,94.779,0.267,certain_temperate
dronbreen-20220329-DAT_0235_A1_1,4565.0,538643.08,8669302.13,684.121,584.281,98.589,682.87,99.377,95.196,0.267,certain_temperate
dronbreen-20220329-DAT_0235_A1_1,4570.0,538647.61,8669302.56,684.162,583.697,99.215,682.911,100.003,95.821,0.267,certain_temperate
dronbreen-20220329-DAT_0235_A1_1,4575.0,538652.99,8669303.1,684.222,583.028,99.944,682.972,100.732,96.551,0.267,certain_temperate
dronbreen-20220329-DAT_0235_A1_1,4580.0,538657.56,8669303.35,684.326,582.402,100.674,683.075,101.462,97.28,0.267,certain_temperate
dronbreen-20220329-DAT_0235_A1_1,4585.0,538662.5,8669303.49,684.47,581.399,101.82,683.219,102.608,98.427,0.267,certain_temperate
dronbreen-20220329-DAT_0235_A1_1,4590.0,538667.54,8669303.14,684.639,581.048,102.341,683.389,103.129,98.948,0.267,certain_temperate
dronbreen-20220329-DAT_0235_A1_1,4595.0,538672.53,8669302.61,684.816,580.39,103.175,683.565,103.963,99.782,0.267,certain_temperate
dronbreen-20220329-DAT_0235_A1_1,4600.0,538677.27,8669301.9,684.994,579.735,104.009,683.744,104.797,100.615,0.267,certain_temperate
dronbreen-20220329-DAT_0235_A1_1,4605.0,538682.5,8669301.09,685.213,579.329,104.634,683.963,105.422,101.241,0.267,certain_temperate
dronbreen-20220329-DAT_0235_A1_1,4610.0,538687.73,8669300.31,685.442,578.933,105.259,684.192,106.047,101.866,0.267,certain_temperate
dronbreen-20220329-DAT_0235_A1_1,4615.0,538692.87,8669299.71,685.675,578.54,105.885,684.425,106.672,102.491,0.267,certain_temperate
dronbreen-20220329-DAT_0235_A1_1,4620.0,538697.91,8669299.3,685.88,577.912,106.718,684.63,107.506,103.325,0.267,certain_temperate
dronbreen-20220329-DAT_0235_A1_1,4625.0,538702.98,8669298.95,686.074,577.375,107.448,684.823,108.236,104.054,0.267,certain_temperate
dronbreen-20220329-DAT_0235_A1_1,4630.0,538706.91,8669298.69,686.213,576.993,107.969,684.962,108.757,104.576,0.267,certain_temperate
dronbreen-20220329-DAT_0235_A1_1,4635.0,538712.48,8669298.46,686.378,576.324,108.803,685.127,109.591,105.409,0.267,certain_temperate
dronbreen-20220329-DAT_0235_A1_1,4640.0,538717.19,8669298.18,686.522,575.635,109.636,685.271,110.424,106.243,0.267,certain_temperate
dronbreen-20220329-DAT_0235_A1_1,4645.0,538721.96,8669297.7,686.651,574.93,110.47,685.4,111.258,107.077,0.267,certain_temperate
dronbreen-20220329-DAT_0235_A1_1,4650.0,538727.07,8669297.11,686.808,573.941,111.616,685.558,112.404,108.223,0.267,certain_temperate
dronbreen-20220329-DAT_0235_A1_1,4655.0,538731.83,8669296.55,687.001,573.301,112.45,685.751,113.238,109.057,0.267,certain_temperate
dronbreen-20220329-DAT_0235_A1_1,4660.0,538737.16,8669295.96,687.285,572.75,113.284,686.034,114.072,109.891,0.267,certain_temperate
dronbreen-20220329-DAT_0235_A1_1,4665.0,538741.88,8669295.45,687.552,572.184,114.118,686.301,114.906,110.724,0.267,certain_temperate
dronbreen-20220329-DAT_0235_A1_1,4670.0,538746.71,8669294.93,687.802,571.808,114.743,686.551,115.531,111.35,0.267,certain_temperate
dronbreen-20220329-DAT_0235_A1_1,4675.0,538752.17,8669294.35,688.042,570.902,115.889,686.791,116.677,112.392,0.267,certain_temperate
dronbreen-20220329-DAT_0235_A1_1,4680.0,538756.81,8669293.84,688.171,569.78,117.14,686.92,117.928,113.642,0.267,certain_temperate
dronbreen-20220329-DAT_0235_A1_1,4685.0,538762.36,8669293.34,688.311,568.566,118.495,687.06,119.283,114.997,0.267,certain_temperate
dronbreen-20220329-DAT_0235_A1_1,4690.0,538767.18,8669293.04,688.417,568.046,119.12,687.166,119.908,115.623,0.267,certain_temperate
dronbreen-20220329-DAT_0235_A1_1,4695.0,538772.65,8669292.7,688.53,567.534,119.745,687.28,120.533,116.248,0.267,certain_temperate
dronbreen-20220329-DAT_0235_A1_1,4700.0,538777.67,8669292.1,688.677,566.952,120.475,687.427,121.263,116.977,0.267,certain_temperate
dronbreen-20220329-DAT_0235_A1_1,4705.0,538782.03,8669291.48,688.799,566.448,121.1,687.548,121.888,117.603,0.267,certain_temperate
dronbreen-20220329-DAT_0235_A1_1,4710.0,538786.68,8669290.75,688.932,565.956,121.726,687.681,122.513,118.228,0.267,certain_temperate
dronbreen-20220329-DAT_0235_A1_1,4715.0,538791.78,8669289.9,689.054,565.348,122.455,687.803,123.243,118.958,0.267,certain_temperate
dronbreen-20220329-DAT_0235_A1_1,4720.0,538796.92,8669288.81,689.187,564.752,123.185,687.937,123.972,119.687,0.267,certain_temperate
dronbreen-20220329-DAT_0235_A1_1,4725.0,538801.81,8669287.77,689.299,564.656,123.393,688.049,124.181,119.895,0.267,certain_temperate
dronbreen-20220329-DAT_0235_A1_1,4730.0,538806.65,8669286.79,689.407,564.555,123.601,688.156,124.389,120.104,0.267,certain_temperate
dronbreen-20220329-DAT_0235_A1_1,4735.0,538811.71,8669285.95,689.56,564.5,123.81,688.31,124.598,120.312,0.267,certain_temperate
dronbreen-20220329-DAT_0235_A1_1,4740.0,538816.85,8669285.23,689.753,564.276,124.227,688.503,125.015,120.729,0.267,certain_temperate
dronbreen-20220329-DAT_0235_A1_1,4745.0,538822.04,8669284.63,689.972,564.286,124.435,688.721,125.223,120.938,0.267,certain_temperate
dronbreen-20220329-DAT_0235_A1_1,4750.0,538825.93,8669284.0,690.148,564.254,124.644,688.898,125.431,121.146,0.267,certain_temperate
dronbreen-20220329-DAT_0235_A1_1,4755.0,538830.84,8669282.95,690.355,564.044,125.06,689.104,125.848,121.563,0.267,certain_temperate
dronbreen-20220329-DAT_0235_A1_1,4760.0,538836.25,8669281.77,690.536,564.121,125.165,689.286,125.953,121.667,0.267,certain_temperate
dronbreen-20220329-DAT_0235_A1_1,4765.0,538840.97,8669280.71,690.672,564.049,125.373,689.422,126.161,121.876,0.267,certain_temperate
dronbreen-20220329-DAT_0235_A1_1,4770.0,538845.86,8669279.86,690.789,563.852,125.686,689.538,126.497,122.165,0.267,certain_temperate
dronbreen-20220329-DAT_0235_A1_1,4775.0,538850.62,8669279.0,690.89,563.746,125.998,689.744,126.705,122.374,0.267,certain_temperate
dronbreen-20220329-DAT_0235_A1_1,4780.0,538856.25,8669278.07,690.962,563.505,126.311,689.816,126.995,122.71,0.267,certain_temperate
dronbreen-20220329-DAT_0235_A1_1,4785.0,538860.92,8669277.25,691.016,563.35,126.52,689.869,127.203,122.918,0.267,certain_temperate
dronbreen-20220329-DAT_0235_A1_1,4790.0,538865.62,8669276.4,691.071,563.197,126.728,689.925,127.411,123.126,0.267,certain_temperate
dronbreen-20220329-DAT_0235_A1_1,4795.0,538870.28,8669275.66,691.139,563.056,126.936,689.993,127.62,123.335,0.267,certain_temperate
dronbreen-20220329-DAT_0235_A1_1,4800.0,538875.75,8669274.64,691.277,563.09,127.041,690.131,127.724,123.439,0.267,certain_temperate
dronbreen-20220329-DAT_0235_A1_1,4805.0,538881.1,8669273.68,691.424,563.446,126.832,690.278,127.516,123.231,0.267,certain_temperate
dronbreen-20220329-DAT_0235_A1_1,4810.0,538884.97,8669272.99,691.53,563.655,126.728,690.383,127.411,123.126,0.267,certain_temperate
dronbreen-20220329-DAT_0235_A1_1,4815.0,538889.81,8669272.13,691.63,563.964,126.52,690.484,127.203,122.918,0.267,certain_temperate
dronbreen-20220329-DAT_0235_A1_1,4820.0,538895.71,8669271.31,691.685,564.749,125.79,690.539,126.473,122.188,0.267,certain_temperate
dronbreen-20220329-DAT_0235_A1_1,4825.0,538900.54,8669270.52,691.731,565.42,125.165,690.585,125.848,121.563,0.267,certain_temperate
dronbreen-20220329-DAT_0235_A1_1,4830.0,538904.97,8669269.9,691.782,565.992,124.644,690.636,125.327,121.042,0.267,certain_temperate
dronbreen-20220329-DAT_0235_A1_1,4835.0,538909.93,8669269.3,691.84,566.362,124.331,690.693,125.014,120.729,0.267,certain_temperate
dronbreen-20220329-DAT_0235_A1_1,4840.0,538914.67,8669268.74,691.888,567.036,123.706,690.741,124.389,120.104,0.267,certain_temperate
dronbreen-20220329-DAT_0235_A1_1,4845.0,538920.18,8669267.99,691.933,567.602,123.185,690.787,123.868,119.583,0.267,certain_temperate
dronbreen-20220329-DAT_0235_A1_1,4850.0,538924.75,8669267.15,691.959,568.045,122.768,690.813,123.451,119.166,0.267,certain_temperate
dronbreen-20220329-DAT_0235_A1_1,4855.0,538930.25,8669266.1,691.986,568.593,122.247,690.839,122.93,118.645,0.267,certain_temperate
dronbreen-20220329-DAT_0235_A1_1,4860.0,538934.91,8669265.19,692.02,569.148,121.726,690.874,122.409,118.124,0.267,certain_temperate
dronbreen-20220329-DAT_0235_A1_1,4865.0,538940.01,8669264.15,692.087,569.736,121.204,690.941,121.888,117.603,0.267,certain_temperate
dronbreen-20220329-DAT_0235_A1_1,4870.0,538945.0,8669263.0,692.193,570.78,120.266,691.047,120.95,116.665,0.267,certain_temperate
dronbreen-20220329-DAT_0235_A1_1,4875.0,538949.63,8669261.8,692.331,571.752,119.433,691.185,120.116,115.831,0.267,certain_temperate
dronbreen-20220329-DAT_0235_A1_1,4880.0,538954.8,8669260.36,692.523,572.569,118.807,691.377,119.491,115.206,0.267,certain_temperate
dronbreen-20220329-DAT_0235_A1_1,4885.0,538958.63,8669259.48,692.636,572.891,118.599,691.49,119.282,114.997,0.267,certain_temperate
dronbreen-20220329-DAT_0235_A1_1,4890.0,538963.82,8669258.39,692.749,573.421,118.182,691.603,118.866,114.581,0.267,certain_temperate
dronbreen-20220329-DAT_0235_A1_1,4895.0,538968.89,8669257.42,692.786,573.874,117.765,691.639,118.449,114.164,0.267,certain_temperate
dronbreen-20220329-DAT_0235_A1_1,4900.0,538974.24,8669256.32,692.816,574.426,117.244,691.67,117.928,113.643,0.267,certain_temperate
dronbreen-20220329-DAT_0235_A1_1,4905.0,538978.96,8669255.48,692.837,574.968,116.723,691.691,117.407,113.122,0.267,certain_temperate
dronbreen-20220329-DAT_0235_A1_1,4910.0,538984.12,8669254.7,692.888,575.436,116.306,691.742,116.99,112.705,0.267,certain_temperate
dronbreen-20220329-DAT_0235_A1_1,4915.0,538989.13,8669253.97,692.969,576.037,115.785,691.822,116.469,112.184,0.267,certain_temperate
dronbreen-20220329-DAT_0235_A1_1,4920.0,538993.13,8669253.28,693.047,576.741,115.16,691.901,115.843,111.558,0.267,certain_temperate
dronbreen-20220329-DAT_0235_A1_1,4925.0,538999.04,8669252.28,693.162,577.689,114.326,692.015,115.01,110.725,0.267,certain_temperate
dronbreen-20220329-DAT_0235_A1_1,4930.0,539002.82,8669251.64,693.204,578.357,113.701,692.058,114.407,110.076,0.267,certain_temperate
dronbreen-20220329-DAT_0235_A1_1,4935.0,539008.26,8669250.74,693.246,579.649,112.346,691.995,113.157,108.826,0.267,certain_temperate
dronbreen-20220329-DAT_0235_A1_1,4940.0,539012.92,8669249.95,693.275,580.408,111.616,692.024,112.404,108.119,0.267,certain_temperate
dronbreen-20220329-DAT_0235_A1_1,4945.0,539018.71,8669248.72,693.317,581.179,110.887,692.066,111.675,107.389,0.267,certain_temperate
dronbreen-20220329-DAT_0235_A1_1,4950.0,539023.39,8669247.65,693.371,581.963,110.157,692.12,110.945,106.66,0.267,certain_temperate
dronbreen-20220329-DAT_0235_A1_1,4955.0,539028.25,8669246.48,693.425,583.059,109.115,692.175,109.903,105.618,0.267,certain_temperate
dronbreen-20220329-DAT_0235_A1_1,4960.0,539032.54,8669245.31,693.454,583.818,108.386,692.204,109.174,104.888,0.267,certain_temperate
dronbreen-20220329-DAT_0235_A1_1,4965.0,539037.6,8669243.78,693.484,584.473,107.76,692.234,108.548,104.263,0.267,certain_temperate
dronbreen-20220329-DAT_0235_A1_1,4970.0,539041.9,8669242.41,693.51,585.125,107.135,692.26,107.923,103.638,0.267,certain_temperate
dronbreen-20220329-DAT_0235_A1_1,4975.0,539047.11,8669241.08,693.563,585.386,106.927,692.312,107.715,103.429,0.267,certain_temperate
dronbreen-20220329-DAT_0235_A1_1,4980.0,539052.3,8669239.61,693.644,585.988,106.406,692.394,107.194,102.908,0.267,certain_temperate
dronbreen-20220329-DAT_0235_A1_1,4985.0,539056.47,8669238.32,693.721,586.378,106.093,692.471,106.881,102.595,0.267,certain_temperate
dronbreen-20220329-DAT_0235_A1_1,4990.0,539061.26,8669236.93,693.806,586.879,105.676,692.556,106.464,102.179,0.267,certain_temperate
dronbreen-20220329-DAT_0235_A1_1,4995.0,539066.43,8669235.43,693.898,587.284,105.363,692.648,106.151,101.866,0.267,certain_temperate
dronbreen-20220329-DAT_0235_A1_1,5000.0,539071.12,8669233.96,693.998,587.696,105.051,692.747,105.839,101.553,0.267,certain_temperate
dronbreen-20220329-DAT_0235_A1_1,5005.0,539075.87,8669232.48,694.126,588.346,104.53,692.876,105.318,101.032,0.267,certain_temperate
dronbreen-20220329-DAT_0235_A1_1,5010.0,539081.33,8669230.9,694.295,588.931,104.113,693.044,104.901,100.615,0.267,certain_temperate
dronbreen-20220329-DAT_0235_A1_1,5015.0,539085.4,8669229.53,694.427,589.48,103.696,693.176,104.484,100.198,0.267,certain_temperate
dronbreen-20220329-DAT_0235_A1_1,5020.0,539090.54,8669227.87,694.547,590.018,103.279,693.297,104.067,99.782,0.267,certain_temperate
dronbreen-20220329-DAT_0235_A1_1,5025.0,539094.98,8669226.52,694.62,590.715,102.654,693.369,103.442,99.156,0.267,certain_temperate
dronbreen-20220329-DAT_0235_A1_1,5030.0,539100.4,8669224.82,694.728,591.553,101.924,693.477,102.712,98.427,0.267,certain_temperate
dronbreen-20220329-DAT_0235_A1_1,5035.0,539104.9,8669223.54,694.842,592.292,101.299,693.591,102.087,97.801,0.267,certain_temperate
dronbreen-20220329-DAT_0235_A1_1,5040.0,539108.73,8669222.58,694.95,593.235,100.465,693.7,101.253,96.968,0.267,certain_temperate
dronbreen-20220329-DAT_0235_A1_1,5045.0,539114.24,8669221.06,695.144,594.47,99.423,693.893,100.211,95.926,0.267,certain_temperate
dronbreen-20220329-DAT_0235_A1_1,5050.0,539119.39,8669219.63,695.34,595.291,98.798,694.089,99.586,95.3,0.267,certain_temperate
dronbreen-20220329-DAT_0235_A1_1,5055.0,539123.48,8669218.63,695.52,596.305,97.964,694.269,98.752,94.467,0.267,certain_temperate
dronbreen-20220329-DAT_0235_A1_1,5060.0,539129.23,8669217.22,695.817,598.374,96.192,694.567,96.98,92.695,0.267,certain_temperate
dronbreen-20220329-DAT_0235_A1_1,5065.0,539133.25,8669216.34,696.018,599.513,95.254,694.768,96.042,91.757,0.267,certain_temperate
dronbreen-20220329-DAT_0235_A1_1,5070.0,539139.13,8669215.57,696.262,601.425,93.587,695.012,94.375,90.089,0.267,certain_temperate
dronbreen-20220329-DAT_0235_A1_1,5075.0,539143.47,8669215.26,696.423,602.523,92.649,695.172,93.437,89.151,0.267,certain_temperate
dronbreen-20220329-DAT_0235_A1_1,5080.0,539148.35,8669216.29,696.54,603.579,91.711,695.29,92.626,88.191,0.267,certain_temperate
dronbreen-20220329-DAT_0235_A1_1,5085.0,539152.39,8669219.69,696.523,605.125,90.044,695.168,91.063,86.627,0.267,certain_temperate
dronbreen-20220329-DAT_0235_A1_1,5090.0,539153.39,8669223.94,696.328,605.66,89.314,694.974,90.311,85.92,0.267,certain_temperate
dronbreen-20220329-DAT_0235_A1_1,5095.0,539152.6,8669229.34,695.966,604.88,89.731,694.611,90.727,86.337,0.267,certain_temperate
dronbreen-20220329-DAT_0235_A1_1,5100.0,539151.15,8669233.86,695.608,604.21,90.044,694.254,91.04,86.65,0.267,certain_temperate
dronbreen-20220329-DAT_0235_A1_1,5105.0,539149.5,8669238.56,695.225,603.305,90.565,693.87,91.561,87.171,0.267,certain_temperate
dronbreen-20220329-DAT_0235_A1_1,5110.0,539147.88,8669243.07,694.848,602.303,91.19,693.493,92.186,87.796,0.267,certain_temperate
dronbreen-20220329-DAT_0235_A1_1,5115.0,539144.91,8669247.73,694.412,601.033,92.024,693.057,93.02,88.63,0.267,certain_temperate
dronbreen-20220329-DAT_0235_A1_1,5120.0,539141.23,8669251.43,694.023,599.915,92.753,692.668,93.75,89.36,0.267,certain_temperate
dronbreen-20220329-DAT_0235_A1_1,5125.0,539136.74,8669254.16,693.72,598.987,93.378,692.365,94.375,89.985,0.267,certain_temperate
dronbreen-20220329-DAT_0235_A1_1,5130.0,539132.8,8669256.49,693.477,597.597,94.525,692.122,95.521,91.131,0.267,certain_temperate
dronbreen-20220329-DAT_0235_A1_1,5135.0,539128.56,8669258.79,693.263,596.446,95.463,691.908,96.459,92.069,0.267,certain_temperate
dronbreen-20220329-DAT_0235_A1_1,5140.0,539123.43,8669260.78,693.061,595.409,96.297,691.706,97.293,92.903,0.267,certain_temperate
dronbreen-20220329-DAT_0235_A1_1,5145.0,539119.5,8669262.0,692.944,594.354,97.235,691.589,98.231,93.841,0.267,certain_temperate
dronbreen-20220329-DAT_0235_A1_1,5150.0,539113.94,8669263.61,692.794,593.266,98.172,691.439,99.169,94.779,0.267,certain_temperate
dronbreen-20220329-DAT_0235_A1_1,5155.0,539109.83,8669264.73,692.658,592.714,98.589,691.303,99.586,95.196,0.267,certain_temperate
dronbreen-20220329-DAT_0235_A1_1,5160.0,539104.72,8669265.88,692.463,591.789,99.319,691.108,100.315,95.925,0.267,certain_temperate
dronbreen-20220329-DAT_0235_A1_1,5165.0,539099.16,8669267.05,692.233,591.142,99.736,690.878,100.732,96.342,0.267,certain_temperate
dronbreen-20220329-DAT_0235_A1_1,5170.0,539094.82,8669268.0,692.056,590.34,100.361,690.701,101.358,96.967,0.267,certain_temperate
dronbreen-20220329-DAT_0235_A1_1,5175.0,539089.67,8669269.29,691.886,589.441,101.091,690.531,102.087,97.697,0.267,certain_temperate
dronbreen-20220329-DAT_0235_A1_1,5180.0,539084.95,8669270.46,691.791,588.824,101.612,690.436,102.608,98.218,0.267,certain_temperate
dronbreen-20220329-DAT_0235_A1_1,5185.0,539080.15,8669271.81,691.727,588.239,102.133,690.372,103.129,98.739,0.267,certain_temperate
dronbreen-20220329-DAT_0235_A1_1,5190.0,539075.05,8669273.1,691.698,587.793,102.55,690.343,103.546,99.156,0.267,certain_temperate
dronbreen-20220329-DAT_0235_A1_1,5195.0,539070.59,8669274.13,691.68,587.255,103.071,690.326,104.067,99.677,0.267,certain_temperate
dronbreen-20220329-DAT_0235_A1_1,5200.0,539066.05,8669275.35,691.635,586.793,103.488,690.281,104.484,100.094,0.267,certain_temperate
dronbreen-20220329-DAT_0235_A1_1,5205.0,539060.69,8669276.64,691.542,586.074,104.113,690.187,105.109,100.719,0.267,certain_temperate
dronbreen-20220329-DAT_0235_A1_1,5210.0,539056.05,8669277.75,691.422,585.538,104.53,690.068,105.526,101.136,0.267,certain_temperate
dronbreen-20220329-DAT_0235_A1_1,5215.0,539051.56,8669278.79,691.305,584.795,105.155,689.95,106.152,101.761,0.267,certain_temperate
dronbreen-20220329-DAT_0235_A1_1,5220.0,539046.57,8669280.0,691.218,584.187,105.676,689.863,106.673,102.283,0.267,certain_temperate
dronbreen-20220329-DAT_0235_A1_1,5225.0,539042.01,8669280.94,691.199,583.855,105.989,689.844,107.008,102.572,0.267,certain_temperate
dronbreen-20220329-DAT_0235_A1_1,5230.0,539036.22,8669282.13,691.184,583.424,106.301,689.725,107.425,102.989,0.267,certain_temperate
dronbreen-20220329-DAT_0235_A1_1,5235.0,539031.08,8669283.17,691.144,583.071,106.614,689.685,107.715,103.325,0.267,certain_temperate
dronbreen-20220329-DAT_0235_A1_1,5240.0,539026.17,8669284.2,691.095,582.605,107.031,689.636,108.132,103.741,0.267,certain_temperate
dronbreen-20220329-DAT_0235_A1_1,5245.0,539022.19,8669285.01,691.039,582.236,107.344,689.58,108.445,104.054,0.267,certain_temperate
dronbreen-20220329-DAT_0235_A1_1,5250.0,539017.1,8669286.79,690.926,581.707,107.76,689.467,108.861,104.471,0.267,certain_temperate
dronbreen-20220329-DAT_0235_A1_1,5255.0,539012.29,8669289.38,690.788,581.152,108.177,689.329,109.278,104.888,0.267,certain_temperate
dronbreen-20220329-DAT_0235_A1_1,5260.0,539008.88,8669291.58,690.665,580.82,108.386,689.206,109.487,105.096,0.267,certain_temperate
dronbreen-20220329-DAT_0235_A1_1,5265.0,539004.37,8669294.55,690.495,579.817,109.219,689.036,110.32,105.93,0.267,certain_temperate
dronbreen-20220329-DAT_0235_A1_1,5270.0,538999.82,8669297.64,690.305,578.688,110.157,688.846,111.258,106.868,0.267,certain_temperate
dronbreen-20220329-DAT_0235_A1_1,5275.0,538995.77,8669300.44,690.1,577.649,110.991,688.641,112.092,107.702,0.267,certain_temperate
dronbreen-20220329-DAT_0235_A1_1,5280.0,538991.55,8669303.48,689.848,576.669,111.721,688.389,112.822,108.431,0.267,certain_temperate
dronbreen-20220329-DAT_0235_A1_1,5285.0,538987.9,8669306.17,689.616,575.498,112.659,688.157,113.76,109.369,0.267,certain_temperate
dronbreen-20220329-DAT_0235_A1_1,5290.0,538983.95,8669308.94,689.394,574.546,113.388,687.935,114.489,110.099,0.267,certain_temperate
dronbreen-20220329-DAT_0235_A1_1,5295.0,538979.51,8669312.25,689.161,573.793,113.909,687.702,115.01,110.62,0.267,certain_temperate
dronbreen-20220329-DAT_0235_A1_1,5300.0,538975.59,8669314.93,688.993,573.312,114.222,687.534,115.323,110.932,0.267,certain_temperate
dronbreen-20220329-DAT_0235_A1_1,5305.0,538971.71,8669317.61,688.803,572.705,114.639,687.344,115.74,111.349,0.267,certain_temperate
dronbreen-20220329-DAT_0235_A1_1,5310.0,538967.71,8669320.28,688.55,571.931,115.16,687.091,116.261,111.87,0.267,certain_temperate
dronbreen-20220329-DAT_0235_A1_1,5315.0,538963.68,8669322.96,688.31,571.274,115.577,686.851,116.573,112.287,0.267,certain_temperate
dronbreen-20220329-DAT_0235_A1_1,5320.0,538959.05,8669325.91,688.122,570.565,116.098,686.663,117.095,112.808,0.267,certain_temperate
dronbreen-20220329-DAT_0235_A1_1,5325.0,538954.15,8669328.89,687.92,569.843,116.619,686.461,117.616,113.329,0.267,certain_temperate
dronbreen-20220329-DAT_0235_A1_1,5330.0,538950.32,8669330.99,687.74,569.245,117.036,686.281,118.033,113.746,0.267,certain_temperate
dronbreen-20220329-DAT_0235_A1_1,5335.0,538946.2,8669333.43,687.488,568.472,117.557,686.029,118.554,114.267,0.267,certain_temperate
dronbreen-20220329-DAT_0235_A1_1,5340.0,538941.51,8669336.27,687.191,567.654,118.078,685.732,119.075,114.788,0.267,certain_temperate
dronbreen-20220329-DAT_0235_A1_1,5345.0,538937.23,8669338.57,686.988,566.93,118.599,685.529,119.596,115.309,0.267,certain_temperate
dronbreen-20220329-DAT_0235_A1_1,5350.0,538933.06,8669340.68,686.812,566.233,119.12,685.353,120.117,115.831,0.267,certain_temperate
dronbreen-20220329-DAT_0235_A1_1,5355.0,538928.13,8669343.02,686.566,565.257,119.85,685.107,120.846,116.56,0.267,certain_temperate
dronbreen-20220329-DAT_0235_A1_1,5360.0,538923.43,8669345.37,686.25,564.941,119.85,684.791,120.846,116.56,0.267,certain_temperate
dronbreen-20220329-DAT_0235_A1_1,5365.0,538919.67,8669347.13,685.969,564.556,119.954,684.51,120.951,116.664,0.267,certain_temperate
dronbreen-20220329-DAT_0235_A1_1,5370.0,538915.42,8669349.1,685.654,564.137,120.058,684.195,121.055,116.769,0.267,certain_temperate
dronbreen-20220329-DAT_0235_A1_1,5375.0,538910.88,8669351.27,685.323,563.702,120.162,683.864,121.159,116.873,0.267,certain_temperate
dronbreen-20220329-DAT_0235_A1_1,5380.0,538905.85,8669353.62,685.03,563.513,120.058,683.571,121.055,116.769,0.267,certain_temperate
dronbreen-20220329-DAT_0235_A1_1,5385.0,538901.29,8669355.77,684.834,563.317,120.058,683.375,121.055,116.769,0.267,certain_temperate
dronbreen-20220329-DAT_0235_A1_1,5390.0,538896.36,8669357.92,684.676,563.263,119.954,683.216,120.973,116.641,0.267,certain_temperate
dronbreen-20220329-DAT_0235_A1_1,5395.0,538891.87,8669359.96,684.515,563.102,119.85,682.951,120.974,116.641,0.267,certain_temperate
dronbreen-20220329-DAT_0235_A1_1,5400.0,538887.33,8669362.13,684.272,562.963,119.745,682.708,120.847,116.56,0.267,certain_temperate
dronbreen-20220329-DAT_0235_A1_1,5405.0,538883.14,8669364.08,683.973,562.665,119.745,682.41,120.847,116.56,0.267,certain_temperate
dronbreen-20220329-DAT_0235_A1_1,5410.0,538878.28,8669366.45,683.563,562.151,119.85,682.0,120.951,116.664,0.267,certain_temperate
dronbreen-20220329-DAT_0235_A1_1,5415.0,538874.36,8669368.2,683.282,561.66,120.058,681.718,121.159,116.873,0.267,certain_temperate
dronbreen-20220329-DAT_0235_A1_1,5420.0,538869.17,8669370.81,682.919,561.089,120.266,681.356,121.368,117.081,0.267,certain_temperate
dronbreen-20220329-DAT_0235_A1_1,5425.0,538865.31,8669372.84,682.643,560.605,120.475,681.08,121.576,117.289,0.267,certain_temperate
dronbreen-20220329-DAT_0235_A1_1,5430.0,538860.81,8669375.16,682.308,560.165,120.579,680.745,121.68,117.394,0.267,certain_temperate
dronbreen-20220329-DAT_0235_A1_1,5435.0,538856.28,8669377.42,681.945,559.594,120.788,680.382,121.889,117.602,0.267,certain_temperate
dronbreen-20220329-DAT_0235_A1_1,5440.0,538852.03,8669379.51,681.602,559.252,120.788,680.039,121.889,117.602,0.267,certain_temperate
dronbreen-20220329-DAT_0235_A1_1,5445.0,538847.15,8669382.12,681.193,559.05,120.579,679.629,121.68,117.394,0.267,certain_temperate
dronbreen-20220329-DAT_0235_A1_1,5450.0,538842.76,8669384.44,680.819,558.677,120.579,679.256,121.68,117.394,0.267,certain_temperate
dronbreen-20220329-DAT_0235_A1_1,5455.0,538838.17,8669386.88,680.425,558.179,120.683,678.862,121.785,117.498,0.267,certain_temperate
dronbreen-20220329-DAT_0235_A1_1,5460.0,538834.58,8669388.83,680.101,557.855,120.683,678.538,121.785,117.498,0.267,certain_temperate
dronbreen-20220329-DAT_0235_A1_1,5465.0,538830.35,8669391.06,679.692,557.237,120.892,678.129,121.993,117.706,0.267,certain_temperate
dronbreen-20220329-DAT_0235_A1_1,5470.0,538825.39,8669393.65,679.18,556.621,120.996,677.617,122.097,117.81,0.267,certain_temperate
dronbreen-20220329-DAT_0235_A1_1,5475.0,538820.53,8669396.24,678.691,555.82,121.309,677.128,122.41,118.123,0.267,certain_temperate
dronbreen-20220329-DAT_0235_A1_1,5480.0,538816.89,8669398.18,678.335,555.359,121.413,676.772,122.514,118.227,0.267,certain_temperate
dronbreen-20220329-DAT_0235_A1_1,5485.0,538812.42,8669400.61,677.888,555.016,121.309,676.324,122.433,118.204,0.267,certain_temperate
dronbreen-20220329-DAT_0235_A1_1,5490.0,538807.62,8669403.5,677.321,554.345,121.309,675.654,122.976,117.211,0.268,certain_temperate
dronbreen-20220329-DAT_0235_A1_1,5495.0,538803.33,8669406.16,676.749,553.564,120.266,673.83,123.107,117.634,0.272,certain_temperate
dronbreen-20220329-DAT_0235_A1_1,5500.0,538799.66,8669408.29,676.285,553.205,120.162,673.367,122.673,117.547,0.272,certain_temperate
dronbreen-20220329-DAT_0235_A1_1,5505.0,538794.66,8669410.88,675.778,552.802,119.12,671.922,122.976,116.779,0.277,certain_temperate
dronbreen-20220329-DAT_0235_A1_1,5510.0,538789.87,8669413.47,675.334,552.462,118.391,670.853,122.042,115.573,0.28,certain_temperate
dronbreen-20220329-DAT_0235_A1_1,5515.0,538786.39,8669415.29,675.031,552.263,118.286,670.549,120.485,114.837,0.28,certain_temperate
dronbreen-20220329-DAT_0235_A1_1,5520.0,538781.88,8669417.64,674.632,552.177,117.557,669.734,120.778,109.541,0.283,certain_temperate
dronbreen-20220329-DAT_0235_A1_1,5525.0,538777.6,8669419.96,674.244,552.101,115.473,667.574,122.142,103.167,0.297,certain_temperate
dronbreen-20220329-DAT_0235_A1_1,5530.0,538772.58,8669422.74,673.789,552.063,111.825,663.888,121.726,97.99,0.331,certain_temperate
dronbreen-20220329-DAT_0235_A1_1,5535.0,538767.91,8669425.43,673.374,551.961,108.907,660.868,117.165,97.106,0.365,certain_temperate
dronbreen-20220329-DAT_0235_A1_1,5540.0,538764.2,8669427.37,673.084,551.775,107.552,659.327,114.669,93.661,0.382,certain_temperate
dronbreen-20220329-DAT_0235_A1_1,5545.0,538759.23,8669430.2,672.687,551.796,103.175,654.97,113.377,90.471,0.443,certain_temperate
dronbreen-20220329-DAT_0235_A1_1,5550.0,538755.74,8669432.23,672.427,551.848,100.882,652.73,106.843,89.71,0.475,certain_temperate
dronbreen-20220329-DAT_0235_A1_1,5555.0,538751.57,8669434.66,672.129,552.384,97.026,649.41,106.502,84.528,0.526,certain_temperate
dronbreen-20220329-DAT_0235_A1_1,5560.0,538746.79,8669437.33,671.802,552.578,92.336,644.914,103.468,81.83,0.6,certain_temperate
dronbreen-20220329-DAT_0235_A1_1,5565.0,538742.38,8669439.77,671.461,552.653,89.106,641.759,99.261,81.451,0.651,certain_temperate
dronbreen-20220329-DAT_0235_A1_1,5570.0,538737.83,8669442.3,671.051,552.66,86.396,639.056,96.302,79.72,0.693,certain_temperate
dronbreen-20220329-DAT_0235_A1_1,5575.0,538733.62,8669444.49,670.705,552.731,83.791,636.521,93.019,76.647,0.733,certain_temperate
dronbreen-20220329-DAT_0235_A1_1,5580.0,538728.7,8669447.0,670.328,552.772,80.456,633.227,87.674,73.446,0.788,certain_temperate
dronbreen-20220329-DAT_0235_A1_1,5585.0,538724.88,8669448.75,670.114,552.87,78.475,631.345,85.282,70.835,0.82,certain_temperate
dronbreen-20220329-DAT_0235_A1_1,5590.0,538719.79,8669451.21,669.881,553.158,75.036,628.195,83.25,67.135,0.875,certain_temperate
dronbreen-20220329-DAT_0235_A1_1,5595.0,538714.87,8669453.43,669.722,553.207,72.535,625.742,79.835,66.799,0.919,certain_temperate
dronbreen-20220329-DAT_0235_A1_1,5600.0,538711.25,8669455.06,669.627,553.112,70.972,624.084,78.376,65.652,0.949,certain_temperate
dronbreen-20220329-DAT_0235_A1_1,5605.0,538706.55,8669457.16,669.526,552.907,68.887,621.795,76.302,63.766,0.991,certain_temperate
dronbreen-20220329-DAT_0235_A1_1,5610.0,538702.04,8669459.2,669.457,553.046,67.116,620.162,73.676,61.806,1.021,certain_temperate
dronbreen-20220329-DAT_0235_A1_1,5615.0,538697.46,8669461.05,669.404,552.994,65.553,618.546,72.451,59.488,1.051,certain_temperate
dronbreen-20220329-DAT_0235_A1_1,5620.0,538692.83,8669463.09,669.351,553.149,63.364,616.513,70.5,57.27,1.09,certain_temperate
dronbreen-20220329-DAT_0235_A1_1,5625.0,538688.1,8669464.91,669.296,553.303,61.175,614.478,67.678,55.82,1.128,certain_temperate
dronbreen-20220329-DAT_0235_A1_1,5630.0,538683.31,8669466.63,669.233,553.343,59.508,612.851,65.81,54.352,1.158,certain_temperate
dronbreen-20220329-DAT_0235_A1_1,5635.0,538678.35,8669468.45,669.184,553.399,57.424,610.823,63.529,52.36,1.197,certain_temperate
dronbreen-20220329-DAT_0235_A1_1,5640.0,538673.51,8669470.48,669.175,553.494,55.756,609.251,61.235,51.424,1.228,certain_temperate
dronbreen-20220329-DAT_0235_A1_1,5645.0,538669.28,8669472.09,669.204,553.627,54.089,607.716,59.793,49.739,1.258,certain_temperate
dronbreen-20220329-DAT_0235_A1_1,5650.0,538664.07,8669474.2,669.186,554.026,51.796,605.822,57.404,47.96,1.295,certain_temperate
dronbreen-20220329-DAT_0235_A1_1,5655.0,538659.59,8669476.09,669.139,554.187,50.233,604.42,53.984,47.107,1.321,certain_temperate
dronbreen-20220329-DAT_0235_A1_1,5660.0,538655.73,8669477.84,669.033,554.29,49.086,603.376,52.429,45.639,1.34,certain_temperate
dronbreen-20220329-DAT_0235_A1_1,5665.0,538650.87,8669479.94,668.853,554.318,47.523,601.841,51.072,43.349,1.366,certain_temperate
dronbreen-20220329-DAT_0235_A1_1,5670.0,538646.63,8669481.86,668.703,554.273,45.96,600.233,49.728,42.088,1.395,certain_temperate
dronbreen-20220329-DAT_0235_A1_1,5675.0,538641.22,8669484.5,668.556,554.646,43.98,598.626,47.155,40.908,1.424,certain_temperate
dronbreen-20220329-DAT_0235_A1_1,5680.0,538637.64,8669486.26,668.47,554.769,42.937,597.706,45.65,40.33,1.44,certain_temperate
dronbreen-20220329-DAT_0235_A1_1,5685.0,538633.43,8669488.88,668.344,554.956,41.687,596.643,44.978,38.292,1.458,certain_temperate
dronbreen-20220329-DAT_0235_A1_1,5690.0,538629.01,8669491.78,668.201,555.334,39.707,595.04,43.617,35.692,1.487,certain_temperate
dronbreen-20220329-DAT_0235_A1_1,5695.0,538624.84,8669495.24,668.028,555.577,37.831,593.408,42.167,33.39,1.516,certain_temperate
dronbreen-20220329-DAT_0235_A1_1,5700.0,538621.75,8669499.39,667.778,555.745,35.746,591.491,40.407,30.773,1.549,certain_temperate
dronbreen-20220329-DAT_0235_A1_1,5705.0,538619.68,8669503.79,667.455,555.526,34.079,589.605,38.655,29.711,1.579,certain_temperate
dronbreen-20220329-DAT_0235_A1_1,5710.0,538618.89,8669508.19,667.116,555.5,32.412,587.911,36.812,29.157,1.606,certain_temperate
dronbreen-20220329-DAT_0235_A1_1,5715.0,538619.21,8669513.08,666.758,554.516,31.89,586.406,35.998,28.408,1.629,certain_temperate
dronbreen-20220329-DAT_0235_A1_1,5720.0,538621.09,8669518.35,666.387,553.415,31.369,584.785,35.002,27.633,1.654,certain_temperate
dronbreen-20220329-DAT_0235_A1_1,5725.0,538623.1,8669522.41,666.108,552.511,31.161,583.672,34.122,27.158,1.67,certain_temperate
dronbreen-20220329-DAT_0235_A1_1,5730.0,538625.19,8669526.65,665.833,551.403,31.057,582.46,33.995,26.868,1.688,certain_temperate
dronbreen-20220329-DAT_0235_A1_1,5735.0,538627.68,8669531.16,665.546,550.386,30.744,581.13,34.061,25.968,1.709,certain_temperate
dronbreen-20220329-DAT_0235_A1_1,5740.0,538630.53,8669536.02,665.236,549.451,30.015,579.465,33.566,25.108,1.736,certain_temperate
dronbreen-20220329-DAT_0235_A1_1,5745.0,538633.06,8669539.78,664.99,548.684,29.598,578.282,32.44,25.192,1.754,certain_temperate
dronbreen-20220329-DAT_0235_A1_1,5750.0,538636.45,8669543.91,664.712,547.78,29.91,577.691,32.482,24.629,1.761,certain_temperate
dronbreen-20220329-DAT_0235_A1_1,5755.0,538640.14,8669547.55,664.464,546.803,29.806,576.609,33.174,24.041,1.777,certain_temperate
dronbreen-20220329-DAT_0235_A1_1,5760.0,538643.7,8669550.63,664.258,545.972,29.598,575.569,33.559,23.656,1.794,certain_temperate
dronbreen-20220329-DAT_0235_A1_1,5765.0,538647.46,8669553.34,664.089,544.865,29.493,574.358,34.162,24.2,1.814,certain_temperate
dronbreen-20220329-DAT_0235_A1_1,5770.0,538652.46,8669555.91,663.952,543.685,29.493,573.179,34.609,24.795,1.835,certain_temperate
dronbreen-20220329-DAT_0235_A1_1,5775.0,538656.56,8669557.42,663.873,542.877,29.285,572.162,34.687,25.863,1.853,certain_temperate
dronbreen-20220329-DAT_0235_A1_1,5780.0,538661.27,8669559.14,663.772,542.047,29.285,571.332,34.398,27.194,1.868,certain_temperate
dronbreen-20220329-DAT_0235_A1_1,5785.0,538666.71,8669560.9,663.646,540.878,30.431,571.309,34.916,27.51,1.866,certain_temperate
dronbreen-20220329-DAT_0235_A1_1,5790.0,538671.29,8669562.03,663.526,539.716,31.578,571.294,35.852,28.346,1.864,certain_temperate
dronbreen-20220329-DAT_0235_A1_1,5795.0,538675.87,8669563.14,663.405,538.866,32.412,571.278,36.465,28.983,1.862,certain_temperate
dronbreen-20220329-DAT_0235_A1_1,5800.0,538681.04,8669564.49,663.263,537.786,33.141,570.927,37.353,29.867,1.866,certain_temperate
dronbreen-20220329-DAT_0235_A1_1,5805.0,538685.71,8669565.23,663.171,536.964,33.662,570.627,38.012,30.667,1.87,certain_temperate
dronbreen-20220329-DAT_0235_A1_1,5810.0,538690.52,8669565.56,663.116,535.971,34.287,570.259,38.574,31.773,1.876,certain_temperate
dronbreen-20220329-DAT_0235_A1_1,5815.0,538695.33,8669565.57,663.1,535.226,35.121,570.347,38.885,32.608,1.874,certain_temperate
dronbreen-20220329-DAT_0235_A1_1,5820.0,538700.58,8669565.23,663.105,534.189,36.268,570.456,39.404,33.653,1.872,certain_temperate
dronbreen-20220329-DAT_0235_A1_1,5825.0,538705.92,8669564.82,663.111,533.048,37.518,570.567,40.444,34.905,1.87,certain_temperate
dronbreen-20220329-DAT_0235_A1_1,5830.0,538710.54,8669564.27,663.128,532.335,38.352,570.687,41.275,35.845,1.868,certain_temperate
dronbreen-20220329-DAT_0235_A1_1,5835.0,538715.84,8669563.77,663.133,531.403,39.394,570.797,42.42,36.994,1.866,certain_temperate
dronbreen-20220329-DAT_0235_A1_1,5840.0,538720.08,8669563.24,663.125,530.874,40.019,570.893,42.939,37.621,1.864,certain_temperate
dronbreen-20220329-DAT_0235_A1_1,5845.0,538724.99,8669562.64,663.104,530.54,40.436,570.976,43.249,38.04,1.862,certain_temperate
dronbreen-20220329-DAT_0235_A1_1,5850.0,538730.51,8669561.77,663.063,530.394,40.645,571.039,43.352,38.25,1.86,certain_temperate
dronbreen-20220329-DAT_0235_A1_1,5855.0,538735.9,8669561.09,662.998,529.809,41.27,571.079,43.732,39.016,1.857,certain_temperate
dronbreen-20220329-DAT_0235_A1_1,5860.0,538740.45,8669560.52,662.937,529.331,42.104,571.435,44.088,39.807,1.849,certain_temperate
dronbreen-20220329-DAT_0235_A1_1,5865.0,538745.66,8669559.88,662.884,529.069,42.208,571.277,45.028,40.222,1.851,certain_temperate
dronbreen-20220329-DAT_0235_A1_1,5870.0,538750.58,8669559.28,662.844,528.717,42.937,571.654,45.667,40.103,1.843,certain_temperate
dronbreen-20220329-DAT_0235_A1_1,5875.0,538755.44,8669558.92,662.791,528.247,43.875,572.122,46.231,40.373,1.833,certain_temperate
dronbreen-20220329-DAT_0235_A1_1,5880.0,538760.89,8669558.41,662.735,527.67,44.709,572.379,46.695,41.994,1.827,certain_temperate
dronbreen-20220329-DAT_0235_A1_1,5885.0,538765.82,8669558.04,662.665,527.704,44.709,572.413,46.797,42.621,1.824,certain_temperate
dronbreen-20220329-DAT_0235_A1_1,5890.0,538769.71,8669557.78,662.593,527.527,45.126,572.653,47.213,42.935,1.818,certain_temperate
dronbreen-20220329-DAT_0235_A1_1,5895.0,538775.6,8669557.3,662.49,527.112,45.856,572.967,48.352,43.568,1.81,certain_temperate
dronbreen-20220329-DAT_0235_A1_1,5900.0,538779.87,8669556.88,662.445,527.068,46.168,573.236,49.505,43.457,1.804,certain_temperate
dronbreen-20220329-DAT_0235_A1_1,5905.0,538785.53,8669556.38,662.404,527.13,46.898,574.028,51.357,43.584,1.787,certain_temperate
dronbreen-20220329-DAT_0235_A1_1,5910.0,538790.76,8669555.97,662.385,527.215,47.94,575.155,52.55,43.642,1.765,certain_temperate
dronbreen-20220329-DAT_0235_A1_1,5915.0,538795.37,8669555.45,662.364,527.611,48.669,576.28,53.085,44.671,1.742,certain_temperate
dronbreen-20220329-DAT_0235_A1_1,5920.0,538799.97,8669554.93,662.325,527.885,49.295,577.179,53.985,45.125,1.723,certain_temperate
dronbreen-20220329-DAT_0235_A1_1,5925.0,538804.95,8669554.15,662.277,528.15,50.337,578.487,54.776,45.689,1.697,certain_temperate
dronbreen-20220329-DAT_0235_A1_1,5930.0,538809.58,8669553.41,662.244,528.638,51.066,579.704,54.876,46.215,1.672,certain_temperate
dronbreen-20220329-DAT_0235_A1_1,5935.0,538815.36,8669552.58,662.237,529.152,51.796,580.948,55.32,47.438,1.647,certain_temperate
dronbreen-20220329-DAT_0235_A1_1,5940.0,538819.63,8669551.59,662.276,529.504,52.317,581.821,56.278,48.356,1.631,certain_temperate
dronbreen-20220329-DAT_0235_A1_1,5945.0,538824.36,8669550.55,662.327,529.868,53.046,582.914,57.997,48.721,1.61,certain_temperate
dronbreen-20220329-DAT_0235_A1_1,5950.0,538829.8,8669549.2,662.393,530.246,53.88,584.126,59.434,49.265,1.588,certain_temperate
dronbreen-20220329-DAT_0235_A1_1,5955.0,538834.55,8669548.01,662.442,530.712,54.61,585.322,60.951,49.936,1.565,certain_temperate
dronbreen-20220329-DAT_0235_A1_1,5960.0,538838.79,8669546.93,662.493,531.179,55.965,587.144,62.494,50.999,1.53,certain_temperate
dronbreen-20220329-DAT_0235_A1_1,5965.0,538844.29,8669545.73,662.567,531.566,57.319,588.885,63.212,52.364,1.497,certain_temperate
dronbreen-20220329-DAT_0235_A1_1,5970.0,538848.83,8669544.8,662.649,531.961,58.362,590.322,64.451,52.793,1.471,certain_temperate
dronbreen-20220329-DAT_0235_A1_1,5975.0,538854.23,8669544.54,662.714,532.547,59.925,592.472,66.329,53.833,1.43,certain_temperate
dronbreen-20220329-DAT_0235_A1_1,5980.0,538859.52,8669544.37,662.766,533.12,61.488,594.608,66.719,55.736,1.389,certain_temperate
dronbreen-20220329-DAT_0235_A1_1,5985.0,538864.22,8669544.19,662.8,533.466,62.739,596.205,67.332,56.999,1.358,certain_temperate
dronbreen-20220329-DAT_0235_A1_1,5990.0,538869.07,8669543.81,662.84,533.819,64.406,598.225,69.401,58.682,1.319,certain_temperate
dronbreen-20220329-DAT_0235_A1_1,5995.0,538874.15,8669543.38,662.868,534.16,65.553,599.712,70.947,60.992,1.291,certain_temperate
dronbreen-20220329-DAT_0235_A1_1,6000.0,538879.18,8669542.99,662.881,534.59,66.49,601.08,72.814,62.668,1.264,certain_temperate
dronbreen-20220329-DAT_0235_A1_1,6005.0,538883.92,8669542.47,662.912,534.725,67.637,602.362,74.784,64.033,1.24,certain_temperate
dronbreen-20220329-DAT_0235_A1_1,6010.0,538888.62,8669541.8,662.963,534.88,68.887,603.768,76.548,65.083,1.213,certain_temperate
dronbreen-20220329-DAT_0235_A1_1,6015.0,538893.58,8669540.88,663.064,535.086,70.451,605.536,81.266,63.595,1.181,certain_temperate
dronbreen-20220329-DAT_0235_A1_1,6020.0,538898.89,8669540.13,663.175,535.509,74.411,609.92,83.149,65.047,1.098,certain_temperate
dronbreen-20220329-DAT_0235_A1_1,6025.0,538903.9,8669539.48,663.285,536.14,75.87,612.01,84.338,69.173,1.059,certain_temperate
dronbreen-20220329-DAT_0235_A1_1,6030.0,538908.36,8669539.08,663.364,536.532,77.225,613.757,86.54,69.89,1.027,certain_temperate
dronbreen-20220329-DAT_0235_A1_1,6035.0,538914.03,8669538.74,663.398,537.504,78.684,616.188,88.614,71.255,0.981,certain_temperate
dronbreen-20220329-DAT_0235_A1_1,6040.0,538918.36,8669538.44,663.388,538.119,79.726,617.845,90.066,72.2,0.949,certain_temperate
dronbreen-20220329-DAT_0235_A1_1,6045.0,538923.9,8669538.28,663.326,538.995,81.185,620.18,93.81,71.791,0.903,certain_temperate
dronbreen-20220329-DAT_0235_A1_1,6050.0,538928.25,8669537.98,663.29,540.001,83.374,623.374,96.156,71.946,0.841,certain_temperate
dronbreen-20220329-DAT_0235_A1_1,6055.0,538933.87,8669537.83,663.207,540.752,85.771,626.522,97.248,74.398,0.78,certain_temperate
dronbreen-20220329-DAT_0235_A1_1,6060.0,538938.39,8669537.71,663.157,540.91,88.168,629.078,99.687,75.606,0.732,certain_temperate
dronbreen-20220329-DAT_0235_A1_1,6065.0,538944.16,8669537.51,663.144,541.314,91.607,632.921,102.494,78.323,0.66,certain_temperate
dronbreen-20220329-DAT_0235_A1_1,6070.0,538948.62,8669537.26,663.166,541.649,93.9,635.549,99.774,83.127,0.613,certain_temperate
dronbreen-20220329-DAT_0235_A1_1,6075.0,538954.04,8669536.99,663.241,541.933,94.733,636.666,98.933,88.554,0.594,certain_temperate
dronbreen-20220329-DAT_0235_A1_1,6080.0,538958.65,8669536.81,663.321,542.221,94.421,636.641,100.123,90.698,0.596,certain_temperate
dronbreen-20220329-DAT_0235_A1_1,6085.0,538963.83,8669537.05,663.333,542.337,94.421,636.758,104.073,90.604,0.594,certain_temperate
dronbreen-20220329-DAT_0235_A1_1,6090.0,538968.24,8669538.57,663.167,542.275,96.713,638.989,107.852,89.118,0.552,certain_temperate
dronbreen-20220329-DAT_0235_A1_1,6095.0,538972.21,8669542.35,662.748,541.856,98.798,640.654,109.5,89.242,0.516,certain_temperate
dronbreen-20220329-DAT_0235_A1_1,6100.0,538974.79,8669545.83,662.33,541.334,101.091,642.425,111.821,88.797,0.479,certain_temperate
dronbreen-20220329-DAT_0235_A1_1,6105.0,538977.11,8669550.85,661.751,540.234,104.113,644.347,119.339,84.823,0.438,certain_temperate
dronbreen-20220329-DAT_0235_A1_1,6110.0,538978.77,8669555.67,661.196,539.262,110.783,650.045,115.937,89.787,0.347,certain_temperate
dronbreen-20220329-DAT_0235_A1_1,6115.0,538980.23,8669560.2,660.608,538.049,109.324,647.373,112.283,94.067,0.375,certain_temperate
dronbreen-20220329-DAT_0235_A1_1,6120.0,538982.15,8669565.32,660.045,537.068,111.095,648.164,112.695,94.593,0.356,certain_temperate
dronbreen-20220329-DAT_0235_A1_1,6125.0,538984.0,8669569.63,659.603,536.002,110.991,646.993,114.062,93.33,0.366,certain_temperate
dronbreen-20220329-DAT_0235_A1_1,6130.0,538986.2,8669574.2,659.113,534.991,110.991,645.982,113.481,91.618,0.374,certain_temperate
dronbreen-20220329-DAT_0235_A1_1,6135.0,538988.14,8669577.98,658.713,534.174,109.949,644.123,113.567,89.864,0.395,certain_temperate
dronbreen-20220329-DAT_0235_A1_1,6140.0,538990.75,8669583.09,658.172,533.111,108.803,641.914,113.185,88.683,0.42,certain_temperate
dronbreen-20220329-DAT_0235_A1_1,6145.0,538993.09,8669587.54,657.699,532.118,107.448,639.566,116.313,85.139,0.45,certain_temperate
dronbreen-20220329-DAT_0235_A1_1,6150.0,538995.12,8669591.64,657.283,531.285,103.592,634.876,117.54,83.495,0.521,certain_temperate
dronbreen-20220329-DAT_0235_A1_1,6155.0,538997.55,8669596.46,656.818,530.402,101.195,631.597,112.374,72.298,0.57,certain_temperate
dronbreen-20220329-DAT_0235_A1_1,6160.0,538999.5,8669600.45,656.47,529.742,96.713,626.455,114.747,53.356,0.656,certain_temperate
dronbreen-20220329-DAT_0235_A1_1,6165.0,539001.98,8669605.56,656.063,528.814,85.875,614.689,117.491,37.063,0.869,certain_temperate
dronbreen-20220329-DAT_0235_A1_1,6170.0,539004.05,8669609.45,655.832,528.061,68.679,596.741,100.25,45.445,1.211,certain_temperate
dronbreen-20220329-DAT_0235_A1_1,6175.0,539006.74,8669614.56,655.549,526.945,68.992,595.937,77.772,47.81,1.221,certain_temperate
dronbreen-20220329-DAT_0235_A1_1,6180.0,539008.55,8669618.45,655.346,526.325,68.992,595.317,74.932,48.357,1.23,certain_temperate
dronbreen-20220329-DAT_0235_A1_1,6185.0,539010.81,8669622.9,654.848,525.306,70.138,595.444,72.071,50.801,1.217,certain_temperate
dronbreen-20220329-DAT_0235_A1_1,6190.0,539013.39,8669627.53,654.399,524.44,69.096,593.536,72.522,47.64,1.246,certain_temperate
dronbreen-20220329-DAT_0235_A1_1,6195.0,539016.12,8669632.01,653.973,523.389,69.304,592.694,71.856,48.619,1.254,certain_temperate
dronbreen-20220329-DAT_0235_A1_1,6200.0,539018.84,8669636.15,653.578,522.473,69.304,591.777,72.628,47.951,1.264,certain_temperate
dronbreen-20220329-DAT_0235_A1_1,6205.0,539021.47,8669640.41,653.201,521.784,68.158,589.942,71.272,48.37,1.293,certain_temperate
