radar_key,distance,easting,northing,elevation,bed_elevation,temperate,temperate_elevation,temperate_lower,temperate_upper,temperate_gpr_uncertainty,bed_type
dronbreen-20220328-DAT_0226_A1_1,0.0,540086.08,8670678.58,563.781,404.642,0.0,404.642,0.0,0.0,3.194,certain_cold
dronbreen-20220328-DAT_0226_A1_1,5.0,540089.86,8670682.17,563.397,403.424,0.0,403.424,0.0,0.0,3.208,certain_cold
dronbreen-20220328-DAT_0226_A1_1,10.0,540093.17,8670685.3,563.091,402.492,0.0,402.492,0.0,0.0,3.219,certain_cold
dronbreen-20220328-DAT_0226_A1_1,15.0,540096.73,8670688.92,562.755,401.74,0.0,401.74,0.0,0.0,3.229,certain_cold
dronbreen-20220328-DAT_0226_A1_1,20.0,540100.27,8670692.21,562.417,401.089,0.0,401.089,0.0,0.0,3.235,certain_cold
dronbreen-20220328-DAT_0226_A1_1,25.0,540104.44,8670696.06,561.971,400.226,0.0,400.226,0.0,0.0,3.244,certain_cold
dronbreen-20220328-DAT_0226_A1_1,30.0,540108.05,8670699.49,561.547,399.072,0.0,399.072,0.0,0.0,3.252,certain_cold
dronbreen-20220328-DAT_0226_A1_1,35.0,540111.57,8670702.79,561.127,397.923,0.0,397.923,0.0,0.0,3.267,certain_cold
dronbreen-20220328-DAT_0226_A1_1,40.0,540114.91,8670705.96,560.736,397.115,0.0,397.115,0.0,0.0,3.281,certain_cold
dronbreen-20220328-DAT_0226_A1_1,45.0,540118.4,8670709.13,560.354,396.108,0.0,396.108,0.0,0.0,3.296,certain_cold
dronbreen-20220328-DAT_0226_A1_1,50.0,540122.21,8670712.84,559.943,394.967,0.0,394.967,0.0,0.0,3.31,certain_cold
dronbreen-20220328-DAT_0226_A1_1,55.0,540126.1,8670716.71,559.531,393.825,0.0,393.825,0.0,0.0,3.325,certain_cold
dronbreen-20220328-DAT_0226_A1_1,60.0,540129.46,8670720.25,559.149,393.027,0.0,393.027,0.0,0.0,3.333,certain_cold
dronbreen-20220328-DAT_0226_A1_1,65.0,540132.54,8670723.6,558.795,392.36,0.0,392.36,0.0,0.0,3.339,certain_cold
dronbreen-20220328-DAT_0226_A1_1,70.0,540136.19,8670727.62,558.401,391.445,0.0,391.445,0.0,0.0,3.35,certain_cold
dronbreen-20220328-DAT_0226_A1_1,75.0,540139.61,8670731.35,558.112,390.739,0.0,390.739,0.0,0.0,3.358,certain_cold
dronbreen-20220328-DAT_0226_A1_1,80.0,540142.87,8670734.98,557.842,390.156,0.0,390.156,0.0,0.0,3.364,certain_cold
dronbreen-20220328-DAT_0226_A1_1,85.0,540145.95,8670738.49,557.588,390.007,0.0,390.007,0.0,0.0,3.362,certain_cold
dronbreen-20220328-DAT_0226_A1_1,90.0,540149.73,8670742.44,557.262,389.368,0.0,389.368,0.0,0.0,3.368,certain_cold
dronbreen-20220328-DAT_0226_A1_1,95.0,540153.25,8670746.22,556.913,388.707,0.0,388.707,0.0,0.0,3.375,certain_cold
dronbreen-20220328-DAT_0226_A1_1,100.0,540156.42,8670749.71,556.584,388.273,0.0,388.273,0.0,0.0,3.377,certain_cold
dronbreen-20220328-DAT_0226_A1_1,105.0,540159.96,8670753.45,556.23,387.815,0.0,387.815,0.0,0.0,3.379,certain_cold
dronbreen-20220328-DAT_0226_A1_1,110.0,540163.28,8670757.11,555.885,387.471,0.0,387.471,0.0,0.0,3.379,certain_cold
dronbreen-20220328-DAT_0226_A1_1,115.0,540166.13,8670760.43,555.588,387.174,0.0,387.174,0.0,0.0,3.379,certain_cold
dronbreen-20220328-DAT_0226_A1_1,120.0,540169.98,8670764.69,555.214,386.799,0.0,386.799,0.0,0.0,3.379,certain_cold
dronbreen-20220328-DAT_0226_A1_1,125.0,540172.85,8670767.88,554.926,386.511,0.0,386.511,0.0,0.0,3.379,certain_cold
dronbreen-20220328-DAT_0226_A1_1,130.0,540176.28,8670771.71,554.615,386.2,0.0,386.2,0.0,0.0,3.379,certain_cold
dronbreen-20220328-DAT_0226_A1_1,135.0,540179.94,8670775.49,554.328,386.018,0.0,386.018,0.0,0.0,3.379,certain_cold
dronbreen-20220328-DAT_0226_A1_1,140.0,540183.43,8670779.05,554.081,385.875,0.0,385.875,0.0,0.0,3.375,certain_cold
dronbreen-20220328-DAT_0226_A1_1,145.0,540186.81,8670782.44,553.857,385.651,0.0,385.651,0.0,0.0,3.377,certain_cold
dronbreen-20220328-DAT_0226_A1_1,150.0,540190.39,8670786.09,553.677,385.262,0.0,385.262,0.0,0.0,3.379,certain_cold
dronbreen-20220328-DAT_0226_A1_1,155.0,540193.99,8670789.79,553.519,385.104,0.0,385.104,0.0,0.0,3.383,certain_cold
dronbreen-20220328-DAT_0226_A1_1,160.0,540197.56,8670793.64,553.378,384.755,0.0,384.755,0.0,0.0,3.385,certain_cold
dronbreen-20220328-DAT_0226_A1_1,165.0,540200.64,8670797.0,553.262,384.431,0.0,384.431,0.0,0.0,3.387,certain_cold
dronbreen-20220328-DAT_0226_A1_1,170.0,540203.99,8670800.63,553.153,384.112,0.0,384.112,0.0,0.0,3.391,certain_cold
dronbreen-20220328-DAT_0226_A1_1,175.0,540208.01,8670804.6,553.077,384.037,0.0,384.037,0.0,0.0,3.391,certain_cold
dronbreen-20220328-DAT_0226_A1_1,180.0,540211.15,8670807.84,553.022,383.878,0.0,383.878,0.0,0.0,3.393,certain_cold
dronbreen-20220328-DAT_0226_A1_1,185.0,540214.55,8670811.23,552.974,383.725,0.0,383.725,0.0,0.0,3.395,certain_cold
dronbreen-20220328-DAT_0226_A1_1,190.0,540218.28,8670814.58,552.94,383.171,0.0,383.171,0.0,0.0,3.406,certain_cold
dronbreen-20220328-DAT_0226_A1_1,195.0,540221.66,8670818.14,552.865,382.992,0.0,382.992,0.0,0.0,3.408,certain_cold
dronbreen-20220328-DAT_0226_A1_1,200.0,540224.79,8670822.1,552.747,382.873,0.0,382.873,0.0,0.0,3.408,certain_cold
dronbreen-20220328-DAT_0226_A1_1,205.0,540227.89,8670826.28,552.628,382.754,0.0,382.754,0.0,0.0,3.408,certain_cold
dronbreen-20220328-DAT_0226_A1_1,210.0,540230.9,8670830.03,552.544,382.775,0.0,382.775,0.0,0.0,3.406,certain_cold
dronbreen-20220328-DAT_0226_A1_1,215.0,540234.7,8670833.87,552.501,382.731,0.0,382.731,0.0,0.0,3.406,certain_cold
dronbreen-20220328-DAT_0226_A1_1,220.0,540238.46,8670837.21,552.486,382.613,0.0,382.613,0.0,0.0,3.408,certain_cold
dronbreen-20220328-DAT_0226_A1_1,225.0,540241.35,8670840.39,552.44,382.567,0.0,382.567,0.0,0.0,3.408,certain_cold
dronbreen-20220328-DAT_0226_A1_1,230.0,540245.1,8670844.66,552.355,382.377,0.0,382.377,0.0,0.0,3.41,certain_cold
dronbreen-20220328-DAT_0226_A1_1,235.0,540248.08,8670848.29,552.262,382.388,0.0,382.388,0.0,0.0,3.408,certain_cold
dronbreen-20220328-DAT_0226_A1_1,240.0,540251.29,8670852.85,552.109,382.34,0.0,382.34,0.0,0.0,3.406,certain_cold
dronbreen-20220328-DAT_0226_A1_1,245.0,540253.48,8670856.14,551.987,382.322,0.0,382.322,0.0,0.0,3.406,certain_cold
dronbreen-20220328-DAT_0226_A1_1,250.0,540256.37,8670860.44,551.824,382.262,0.0,382.262,0.0,0.0,3.404,certain_cold
dronbreen-20220328-DAT_0226_A1_1,255.0,540259.3,8670864.69,551.652,382.195,0.0,382.195,0.0,0.0,3.4,certain_cold
dronbreen-20220328-DAT_0226_A1_1,260.0,540262.57,8670868.86,551.468,382.115,0.0,382.115,0.0,0.0,3.397,certain_cold
dronbreen-20220328-DAT_0226_A1_1,265.0,540265.61,8670872.26,551.307,382.059,0.0,382.059,0.0,0.0,3.395,certain_cold
dronbreen-20220328-DAT_0226_A1_1,270.0,540269.6,8670876.72,551.075,381.931,0.0,381.931,0.0,0.0,3.397,certain_cold
dronbreen-20220328-DAT_0226_A1_1,275.0,540272.39,8670880.28,550.868,381.828,0.0,381.828,0.0,0.0,3.395,certain_cold
dronbreen-20220328-DAT_0226_A1_1,280.0,540275.5,8670884.22,550.635,381.595,0.0,381.595,0.0,0.0,3.391,certain_cold
dronbreen-20220328-DAT_0226_A1_1,285.0,540278.69,8670888.34,550.39,381.35,0.0,381.35,0.0,0.0,3.393,certain_cold
dronbreen-20220328-DAT_0226_A1_1,290.0,540281.5,8670891.85,550.197,381.052,0.0,381.052,0.0,0.0,3.393,certain_cold
dronbreen-20220328-DAT_0226_A1_1,295.0,540284.62,8670895.96,549.976,380.623,0.0,380.623,0.0,0.0,3.4,certain_cold
dronbreen-20220328-DAT_0226_A1_1,300.0,540287.72,8670899.9,549.771,380.314,0.0,380.314,0.0,0.0,3.404,certain_cold
dronbreen-20220328-DAT_0226_A1_1,305.0,540290.67,8670903.71,549.578,380.017,0.0,380.017,0.0,0.0,3.406,certain_cold
dronbreen-20220328-DAT_0226_A1_1,310.0,540293.54,8670907.89,549.354,379.688,0.0,379.688,0.0,0.0,3.408,certain_cold
dronbreen-20220328-DAT_0226_A1_1,315.0,540296.18,8670911.69,549.146,379.376,0.0,379.376,0.0,0.0,3.41,certain_cold
dronbreen-20220328-DAT_0226_A1_1,320.0,540299.54,8670916.26,548.885,378.907,0.0,378.907,0.0,0.0,3.414,certain_cold
dronbreen-20220328-DAT_0226_A1_1,325.0,540302.43,8670919.94,548.66,378.474,0.0,378.474,0.0,0.0,3.416,certain_cold
dronbreen-20220328-DAT_0226_A1_1,330.0,540305.51,8670923.65,548.432,378.142,0.0,378.142,0.0,0.0,3.42,certain_cold
dronbreen-20220328-DAT_0226_A1_1,335.0,540308.83,8670927.33,548.205,377.81,0.0,377.81,0.0,0.0,3.424,certain_cold
dronbreen-20220328-DAT_0226_A1_1,340.0,540312.63,8670931.54,547.947,377.135,0.0,377.135,0.0,0.0,3.427,certain_cold
dronbreen-20220328-DAT_0226_A1_1,345.0,540315.55,8670934.6,547.777,376.757,0.0,376.757,0.0,0.0,3.431,certain_cold
dronbreen-20220328-DAT_0226_A1_1,350.0,540319.14,8670938.25,547.582,376.249,0.0,376.249,0.0,0.0,3.437,certain_cold
dronbreen-20220328-DAT_0226_A1_1,355.0,540322.5,8670942.07,547.357,375.92,0.0,375.92,0.0,0.0,3.441,certain_cold
dronbreen-20220328-DAT_0226_A1_1,360.0,540325.96,8670946.08,547.074,375.533,0.0,375.533,0.0,0.0,3.443,certain_cold
dronbreen-20220328-DAT_0226_A1_1,365.0,540329.02,8670950.03,546.74,375.094,0.0,375.094,0.0,0.0,3.443,certain_cold
dronbreen-20220328-DAT_0226_A1_1,370.0,540332.25,8670954.09,546.382,374.632,0.0,374.632,0.0,0.0,3.445,certain_cold
dronbreen-20220328-DAT_0226_A1_1,375.0,540334.84,8670957.82,546.04,374.29,0.0,374.29,0.0,0.0,3.449,certain_cold
dronbreen-20220328-DAT_0226_A1_1,380.0,540338.1,8670962.26,545.655,373.801,0.0,373.801,0.0,0.0,3.449,certain_cold
dronbreen-20220328-DAT_0226_A1_1,385.0,540340.69,8670966.19,545.346,373.388,0.0,373.388,0.0,0.0,3.451,certain_cold
dronbreen-20220328-DAT_0226_A1_1,390.0,540343.4,8670970.14,545.041,373.083,0.0,373.083,0.0,0.0,3.454,certain_cold
dronbreen-20220328-DAT_0226_A1_1,395.0,540346.27,8670974.35,544.717,372.655,0.0,372.655,0.0,0.0,3.454,certain_cold
dronbreen-20220328-DAT_0226_A1_1,400.0,540349.12,8670978.27,544.408,372.346,0.0,372.346,0.0,0.0,3.451,certain_cold
dronbreen-20220328-DAT_0226_A1_1,405.0,540352.42,8670982.66,544.019,371.957,0.0,371.957,0.0,0.0,3.454,certain_cold
dronbreen-20220328-DAT_0226_A1_1,410.0,540355.39,8670986.79,543.609,371.651,0.0,371.651,0.0,0.0,3.456,certain_cold
dronbreen-20220328-DAT_0226_A1_1,415.0,540358.1,8670990.5,543.223,371.265,0.0,371.265,0.0,0.0,3.456,certain_cold
dronbreen-20220328-DAT_0226_A1_1,420.0,540361.07,8670994.59,542.804,370.742,0.0,370.742,0.0,0.0,3.456,certain_cold
dronbreen-20220328-DAT_0226_A1_1,425.0,540364.09,8670998.82,542.388,370.221,0.0,370.221,0.0,0.0,3.458,certain_cold
dronbreen-20220328-DAT_0226_A1_1,430.0,540367.18,8671002.96,541.986,369.819,0.0,369.819,0.0,0.0,3.458,certain_cold
dronbreen-20220328-DAT_0226_A1_1,435.0,540370.05,8671006.58,541.659,369.388,0.0,369.388,0.0,0.0,3.46,certain_cold
dronbreen-20220328-DAT_0226_A1_1,440.0,540372.93,8671010.39,541.302,368.927,0.0,368.927,0.0,0.0,3.46,certain_cold
dronbreen-20220328-DAT_0226_A1_1,445.0,540376.38,8671014.98,540.861,368.382,0.0,368.382,0.0,0.0,3.46,certain_cold
dronbreen-20220328-DAT_0226_A1_1,450.0,540379.36,8671018.93,540.475,367.996,0.0,367.996,0.0,0.0,3.462,certain_cold
dronbreen-20220328-DAT_0226_A1_1,455.0,540381.94,8671022.38,540.149,367.566,0.0,367.566,0.0,0.0,3.462,certain_cold
dronbreen-20220328-DAT_0226_A1_1,460.0,540384.99,8671026.38,539.768,367.289,0.0,367.289,0.0,0.0,3.462,certain_cold
dronbreen-20220328-DAT_0226_A1_1,465.0,540388.07,8671030.57,539.374,366.999,0.0,366.999,0.0,0.0,3.462,certain_cold
dronbreen-20220328-DAT_0226_A1_1,470.0,540391.04,8671034.51,539.0,366.625,0.0,366.625,0.0,0.0,3.458,certain_cold
dronbreen-20220328-DAT_0226_A1_1,475.0,540394.3,8671038.76,538.581,366.31,0.0,366.31,0.0,0.0,3.456,certain_cold
dronbreen-20220328-DAT_0226_A1_1,480.0,540397.06,8671042.5,538.201,366.035,0.0,366.035,0.0,0.0,3.454,certain_cold
dronbreen-20220328-DAT_0226_A1_1,485.0,540399.98,8671046.42,537.79,365.728,0.0,365.728,0.0,0.0,3.451,certain_cold
dronbreen-20220328-DAT_0226_A1_1,490.0,540403.19,8671050.68,537.346,365.492,0.0,365.492,0.0,0.0,3.447,certain_cold
dronbreen-20220328-DAT_0226_A1_1,495.0,540405.84,8671054.36,536.986,365.445,0.0,365.445,0.0,0.0,3.441,certain_cold
dronbreen-20220328-DAT_0226_A1_1,500.0,540409.24,8671059.12,536.511,365.387,0.0,365.387,0.0,0.0,3.433,certain_cold
dronbreen-20220328-DAT_0226_A1_1,505.0,540411.64,8671062.44,536.16,365.348,0.0,365.348,0.0,0.0,3.427,certain_cold
dronbreen-20220328-DAT_0226_A1_1,510.0,540414.79,8671066.73,535.683,364.976,0.0,364.976,0.0,0.0,3.424,certain_cold
dronbreen-20220328-DAT_0226_A1_1,515.0,540417.96,8671071.01,535.187,364.688,0.0,364.688,0.0,0.0,3.42,certain_cold
dronbreen-20220328-DAT_0226_A1_1,520.0,540421.17,8671075.29,534.682,364.391,0.0,364.391,0.0,0.0,3.416,certain_cold
dronbreen-20220328-DAT_0226_A1_1,525.0,540423.79,8671078.81,534.309,364.331,0.0,364.331,0.0,0.0,3.41,certain_cold
dronbreen-20220328-DAT_0226_A1_1,530.0,540427.14,8671083.18,533.932,364.37,0.0,364.37,0.0,0.0,3.402,certain_cold
dronbreen-20220328-DAT_0226_A1_1,535.0,540430.25,8671087.23,533.49,363.929,0.0,363.929,0.0,0.0,3.402,certain_cold
dronbreen-20220328-DAT_0226_A1_1,540.0,540433.01,8671090.66,533.007,363.55,0.0,363.55,0.0,0.0,3.4,certain_cold
dronbreen-20220328-DAT_0226_A1_1,545.0,540435.79,8671094.15,532.597,363.452,0.0,363.452,0.0,0.0,3.393,certain_cold
dronbreen-20220328-DAT_0226_A1_1,550.0,540439.19,8671098.35,532.115,363.284,0.0,363.284,0.0,0.0,3.387,certain_cold
dronbreen-20220328-DAT_0226_A1_1,555.0,540442.23,8671102.16,531.697,363.073,0.0,363.073,0.0,0.0,3.383,certain_cold
dronbreen-20220328-DAT_0226_A1_1,560.0,540445.42,8671106.26,531.254,362.631,0.0,362.631,0.0,0.0,3.383,certain_cold
dronbreen-20220328-DAT_0226_A1_1,565.0,540448.83,8671110.73,530.767,362.456,0.0,362.456,0.0,0.0,3.377,certain_cold
dronbreen-20220328-DAT_0226_A1_1,570.0,540451.77,8671114.54,530.326,362.224,0.0,362.224,0.0,0.0,3.373,certain_cold
dronbreen-20220328-DAT_0226_A1_1,575.0,540454.68,8671118.35,529.881,361.883,0.0,361.883,0.0,0.0,3.37,certain_cold
dronbreen-20220328-DAT_0226_A1_1,580.0,540457.58,8671122.16,529.436,361.647,0.0,361.647,0.0,0.0,3.366,certain_cold
dronbreen-20220328-DAT_0226_A1_1,585.0,540460.67,8671126.04,529.0,361.21,0.0,361.21,0.0,0.0,3.366,certain_cold
dronbreen-20220328-DAT_0226_A1_1,590.0,540464.0,8671130.22,528.544,360.754,0.0,360.754,0.0,0.0,3.366,certain_cold
dronbreen-20220328-DAT_0226_A1_1,595.0,540466.97,8671133.8,528.155,360.261,0.0,360.261,0.0,0.0,3.368,certain_cold
dronbreen-20220328-DAT_0226_A1_1,600.0,540470.16,8671138.01,527.679,359.681,0.0,359.681,0.0,0.0,3.37,certain_cold
dronbreen-20220328-DAT_0226_A1_1,605.0,540472.84,8671141.6,527.255,359.257,0.0,359.257,0.0,0.0,3.37,certain_cold
dronbreen-20220328-DAT_0226_A1_1,610.0,540475.67,8671145.6,526.756,358.654,0.0,358.654,0.0,0.0,3.373,certain_cold
dronbreen-20220328-DAT_0226_A1_1,615.0,540479.24,8671150.48,526.106,357.9,0.0,357.9,0.0,0.0,3.375,certain_cold
dronbreen-20220328-DAT_0226_A1_1,620.0,540481.99,8671154.11,525.627,357.421,0.0,357.421,0.0,0.0,3.375,certain_cold
dronbreen-20220328-DAT_0226_A1_1,625.0,540484.67,8671157.59,525.17,356.86,0.0,356.86,0.0,0.0,3.377,certain_cold
dronbreen-20220328-DAT_0226_A1_1,630.0,540487.76,8671161.84,524.652,356.342,0.0,356.342,0.0,0.0,3.377,certain_cold
dronbreen-20220328-DAT_0226_A1_1,635.0,540490.93,8671166.01,524.115,355.7,0.0,355.7,0.0,0.0,3.379,certain_cold
dronbreen-20220328-DAT_0226_A1_1,640.0,540493.81,8671169.77,523.601,355.082,0.0,355.082,0.0,0.0,3.381,certain_cold
dronbreen-20220328-DAT_0226_A1_1,645.0,540497.49,8671174.23,522.973,354.454,0.0,354.454,0.0,0.0,3.381,certain_cold
dronbreen-20220328-DAT_0226_A1_1,650.0,540500.32,8671177.97,522.487,353.864,0.0,353.864,0.0,0.0,3.383,certain_cold
dronbreen-20220328-DAT_0226_A1_1,655.0,540503.32,8671181.65,522.013,353.39,0.0,353.39,0.0,0.0,3.383,certain_cold
dronbreen-20220328-DAT_0226_A1_1,660.0,540506.67,8671185.74,521.494,352.767,0.0,352.767,0.0,0.0,3.385,certain_cold
dronbreen-20220328-DAT_0226_A1_1,665.0,540509.61,8671189.23,521.096,352.264,0.0,352.264,0.0,0.0,3.387,certain_cold
dronbreen-20220328-DAT_0226_A1_1,670.0,540512.64,8671192.98,520.749,351.813,0.0,351.813,0.0,0.0,3.389,certain_cold
dronbreen-20220328-DAT_0226_A1_1,675.0,540516.3,8671197.43,520.166,351.23,0.0,351.23,0.0,0.0,3.389,certain_cold
dronbreen-20220328-DAT_0226_A1_1,680.0,540519.05,8671200.89,519.723,350.787,0.0,350.787,0.0,0.0,3.389,certain_cold
dronbreen-20220328-DAT_0226_A1_1,685.0,540522.13,8671204.74,519.224,350.184,0.0,350.184,0.0,0.0,3.391,certain_cold
dronbreen-20220328-DAT_0226_A1_1,690.0,540525.53,8671208.94,518.667,349.523,0.0,349.523,0.0,0.0,3.393,certain_cold
dronbreen-20220328-DAT_0226_A1_1,695.0,540528.33,8671212.45,518.187,349.043,0.0,349.043,0.0,0.0,3.393,certain_cold
dronbreen-20220328-DAT_0226_A1_1,700.0,540531.9,8671216.62,517.571,348.323,0.0,348.323,0.0,0.0,3.395,certain_cold
dronbreen-20220328-DAT_0226_A1_1,705.0,540535.32,8671220.52,517.009,347.656,0.0,347.656,0.0,0.0,3.397,certain_cold
dronbreen-20220328-DAT_0226_A1_1,710.0,540538.41,8671224.25,516.512,347.159,0.0,347.159,0.0,0.0,3.397,certain_cold
dronbreen-20220328-DAT_0226_A1_1,715.0,540541.46,8671227.97,516.038,346.581,0.0,346.581,0.0,0.0,3.4,certain_cold
dronbreen-20220328-DAT_0226_A1_1,720.0,540544.23,8671231.83,515.602,346.145,0.0,346.145,0.0,0.0,3.4,certain_cold
dronbreen-20220328-DAT_0226_A1_1,725.0,540547.05,8671235.89,515.167,345.71,0.0,345.71,0.0,0.0,3.4,certain_cold
dronbreen-20220328-DAT_0226_A1_1,730.0,540550.48,8671240.64,514.632,345.071,0.0,345.071,0.0,0.0,3.402,certain_cold
dronbreen-20220328-DAT_0226_A1_1,735.0,540553.27,8671244.42,514.203,344.642,0.0,344.642,0.0,0.0,3.402,certain_cold
dronbreen-20220328-DAT_0226_A1_1,740.0,540556.28,8671248.3,513.759,343.989,0.0,343.989,0.0,0.0,3.406,certain_cold
dronbreen-20220328-DAT_0226_A1_1,745.0,540559.13,8671251.97,513.348,343.37,0.0,343.37,0.0,0.0,3.41,certain_cold
dronbreen-20220328-DAT_0226_A1_1,750.0,540562.06,8671255.99,512.904,342.718,0.0,342.718,0.0,0.0,3.414,certain_cold
dronbreen-20220328-DAT_0226_A1_1,755.0,540564.87,8671259.75,512.489,341.989,0.0,341.989,0.0,0.0,3.42,certain_cold
dronbreen-20220328-DAT_0226_A1_1,760.0,540568.0,8671264.07,512.027,341.216,0.0,341.216,0.0,0.0,3.427,certain_cold
dronbreen-20220328-DAT_0226_A1_1,765.0,540571.16,8671268.31,511.625,340.501,0.0,340.501,0.0,0.0,3.433,certain_cold
dronbreen-20220328-DAT_0226_A1_1,770.0,540573.66,8671271.92,511.314,339.981,0.0,339.981,0.0,0.0,3.437,certain_cold
dronbreen-20220328-DAT_0226_A1_1,775.0,540577.04,8671276.68,510.934,339.289,0.0,339.289,0.0,0.0,3.443,certain_cold
dronbreen-20220328-DAT_0226_A1_1,780.0,540579.91,8671280.8,510.655,338.801,0.0,338.801,0.0,0.0,3.447,certain_cold
dronbreen-20220328-DAT_0226_A1_1,785.0,540582.85,8671285.1,510.405,338.342,0.0,338.342,0.0,0.0,3.451,certain_cold
dronbreen-20220328-DAT_0226_A1_1,790.0,540585.29,8671288.6,510.233,337.962,0.0,337.962,0.0,0.0,3.456,certain_cold
dronbreen-20220328-DAT_0226_A1_1,795.0,540588.26,8671292.65,510.063,337.48,0.0,337.48,0.0,0.0,3.462,certain_cold
dronbreen-20220328-DAT_0226_A1_1,800.0,540591.33,8671297.08,509.888,337.096,0.0,337.096,0.0,0.0,3.466,certain_cold
dronbreen-20220328-DAT_0226_A1_1,805.0,540594.05,8671301.01,509.713,336.713,0.0,336.713,0.0,0.0,3.47,certain_cold
dronbreen-20220328-DAT_0226_A1_1,810.0,540596.95,8671305.32,509.493,336.076,0.0,336.076,0.0,0.0,3.479,certain_cold
dronbreen-20220328-DAT_0226_A1_1,815.0,540599.9,8671309.75,509.272,335.542,0.0,335.542,0.0,0.0,3.485,certain_cold
dronbreen-20220328-DAT_0226_A1_1,820.0,540602.51,8671313.55,509.102,334.851,0.0,334.851,0.0,0.0,3.495,certain_cold
dronbreen-20220328-DAT_0226_A1_1,825.0,540605.35,8671317.82,508.92,334.148,0.0,334.148,0.0,0.0,3.506,certain_cold
dronbreen-20220328-DAT_0226_A1_1,830.0,540608.0,8671321.53,508.767,333.682,0.0,333.682,0.0,0.0,3.512,certain_cold
dronbreen-20220328-DAT_0226_A1_1,835.0,540610.9,8671325.46,508.608,333.106,0.0,333.106,0.0,0.0,3.52,certain_cold
dronbreen-20220328-DAT_0226_A1_1,840.0,540614.36,8671329.91,508.434,332.62,0.0,332.62,0.0,0.0,3.526,certain_cold
dronbreen-20220328-DAT_0226_A1_1,845.0,540617.35,8671333.29,508.316,332.189,0.0,332.189,0.0,0.0,3.533,certain_cold
dronbreen-20220328-DAT_0226_A1_1,850.0,540620.56,8671336.79,508.198,331.758,0.0,331.758,0.0,0.0,3.539,certain_cold
dronbreen-20220328-DAT_0226_A1_1,855.0,540623.91,8671340.25,508.085,331.437,0.0,331.437,0.0,0.0,3.549,certain_cold
dronbreen-20220328-DAT_0226_A1_1,860.0,540627.37,8671344.07,507.91,330.949,0.0,330.949,0.0,0.0,3.562,certain_cold
dronbreen-20220328-DAT_0226_A1_1,865.0,540630.91,8671348.13,507.68,330.303,0.0,330.303,0.0,0.0,3.568,certain_cold
dronbreen-20220328-DAT_0226_A1_1,870.0,540634.4,8671352.16,507.444,329.442,0.0,329.442,0.0,0.0,3.576,certain_cold
dronbreen-20220328-DAT_0226_A1_1,875.0,540637.21,8671355.47,507.251,328.831,0.0,328.831,0.0,0.0,3.58,certain_cold
dronbreen-20220328-DAT_0226_A1_1,880.0,540640.63,8671359.45,507.025,328.292,0.0,328.292,0.0,0.0,3.589,certain_cold
dronbreen-20220328-DAT_0226_A1_1,885.0,540643.62,8671363.11,506.818,327.982,0.0,327.982,0.0,0.0,3.597,certain_cold
dronbreen-20220328-DAT_0226_A1_1,890.0,540646.85,8671367.32,506.593,327.548,0.0,327.548,0.0,0.0,3.603,certain_cold
dronbreen-20220328-DAT_0226_A1_1,895.0,540649.48,8671371.08,506.4,327.042,0.0,327.042,0.0,0.0,3.607,certain_cold
dronbreen-20220328-DAT_0226_A1_1,900.0,540652.34,8671375.16,506.203,326.533,0.0,326.533,0.0,0.0,3.612,certain_cold
dronbreen-20220328-DAT_0226_A1_1,905.0,540655.34,8671379.53,505.844,325.757,0.0,325.757,0.0,0.0,3.616,certain_cold
dronbreen-20220328-DAT_0226_A1_1,910.0,540658.36,8671384.09,505.475,325.075,0.0,325.075,0.0,0.0,3.618,certain_cold
dronbreen-20220328-DAT_0226_A1_1,915.0,540661.08,8671387.95,505.286,324.678,0.0,324.678,0.0,0.0,3.622,certain_cold
dronbreen-20220328-DAT_0226_A1_1,920.0,540663.87,8671392.01,505.079,324.263,0.0,324.263,0.0,0.0,3.626,certain_cold
dronbreen-20220328-DAT_0226_A1_1,925.0,540666.62,8671396.25,504.865,323.84,0.0,323.84,0.0,0.0,3.63,certain_cold
dronbreen-20220328-DAT_0226_A1_1,930.0,540669.35,8671400.24,504.689,323.56,0.0,323.56,0.0,0.0,3.632,certain_cold
dronbreen-20220328-DAT_0226_A1_1,935.0,540672.05,8671404.04,504.545,323.207,0.0,323.207,0.0,0.0,3.636,certain_cold
dronbreen-20220328-DAT_0226_A1_1,940.0,540675.16,8671408.55,504.382,322.836,0.0,322.836,0.0,0.0,3.641,certain_cold
dronbreen-20220328-DAT_0226_A1_1,945.0,540677.84,8671412.47,504.242,322.488,0.0,322.488,0.0,0.0,3.645,certain_cold
dronbreen-20220328-DAT_0226_A1_1,950.0,540680.92,8671417.09,504.089,322.23,0.0,322.23,0.0,0.0,3.647,certain_cold
dronbreen-20220328-DAT_0226_A1_1,955.0,540683.71,8671421.14,503.942,322.084,0.0,322.084,0.0,0.0,3.647,certain_cold
dronbreen-20220328-DAT_0226_A1_1,960.0,540686.56,8671425.37,503.79,322.035,0.0,322.035,0.0,0.0,3.645,certain_cold
dronbreen-20220328-DAT_0226_A1_1,965.0,540689.0,8671428.99,503.662,321.907,0.0,321.907,0.0,0.0,3.645,certain_cold
dronbreen-20220328-DAT_0226_A1_1,970.0,540691.69,8671433.04,503.519,321.66,0.0,321.66,0.0,0.0,3.647,certain_cold
dronbreen-20220328-DAT_0226_A1_1,975.0,540695.0,8671438.04,503.342,321.171,0.0,321.171,0.0,0.0,3.653,certain_cold
dronbreen-20220328-DAT_0226_A1_1,980.0,540697.7,8671441.97,503.244,320.864,0.0,320.864,0.0,0.0,3.657,certain_cold
dronbreen-20220328-DAT_0226_A1_1,985.0,540700.14,8671445.51,503.246,320.554,0.0,320.554,0.0,0.0,3.663,certain_cold
dronbreen-20220328-DAT_0226_A1_1,990.0,540703.18,8671449.83,503.228,320.223,0.0,320.223,0.0,0.0,3.67,certain_cold
dronbreen-20220328-DAT_0226_A1_1,995.0,540706.62,8671454.4,503.01,319.901,0.0,319.901,0.0,0.0,3.672,certain_cold
dronbreen-20220328-DAT_0226_A1_1,1000.0,540709.47,8671457.96,502.84,319.523,0.0,319.523,0.0,0.0,3.676,certain_cold
dronbreen-20220328-DAT_0226_A1_1,1005.0,540712.48,8671461.4,502.683,319.261,0.0,319.261,0.0,0.0,3.678,certain_cold
dronbreen-20220328-DAT_0226_A1_1,1010.0,540716.01,8671465.34,502.487,318.961,0.0,318.961,0.0,0.0,3.682,certain_cold
dronbreen-20220328-DAT_0226_A1_1,1015.0,540718.97,8671468.85,502.269,318.535,0.0,318.535,0.0,0.0,3.686,certain_cold
dronbreen-20220328-DAT_0226_A1_1,1020.0,540722.62,8671473.35,501.925,317.878,0.0,317.878,0.0,0.0,3.693,certain_cold
dronbreen-20220328-DAT_0226_A1_1,1025.0,540725.1,8671476.8,501.731,317.475,0.0,317.475,0.0,0.0,3.695,certain_cold
dronbreen-20220328-DAT_0226_A1_1,1030.0,540728.29,8671481.36,501.455,317.095,0.0,317.095,0.0,0.0,3.699,certain_cold
dronbreen-20220328-DAT_0226_A1_1,1035.0,540730.93,8671485.41,501.209,316.849,0.0,316.849,0.0,0.0,3.697,certain_cold
dronbreen-20220328-DAT_0226_A1_1,1040.0,540733.49,8671489.27,500.992,316.736,0.0,316.736,0.0,0.0,3.699,certain_cold
dronbreen-20220328-DAT_0226_A1_1,1045.0,540736.59,8671494.15,500.723,316.571,0.0,316.571,0.0,0.0,3.699,certain_cold
dronbreen-20220328-DAT_0226_A1_1,1050.0,540739.02,8671497.81,500.502,316.455,0.0,316.455,0.0,0.0,3.697,certain_cold
dronbreen-20220328-DAT_0226_A1_1,1055.0,540741.89,8671502.36,500.214,316.27,0.0,316.27,0.0,0.0,3.695,certain_cold
dronbreen-20220328-DAT_0226_A1_1,1060.0,540744.29,8671506.03,499.975,316.136,0.0,316.136,0.0,0.0,3.693,certain_cold
dronbreen-20220328-DAT_0226_A1_1,1065.0,540747.02,8671510.33,499.678,315.944,0.0,315.944,0.0,0.0,3.686,certain_cold
dronbreen-20220328-DAT_0226_A1_1,1070.0,540750.06,8671515.08,499.342,315.712,0.0,315.712,0.0,0.0,3.682,certain_cold
dronbreen-20220328-DAT_0226_A1_1,1075.0,540752.38,8671518.74,499.083,315.557,0.0,315.557,0.0,0.0,3.68,certain_cold
dronbreen-20220328-DAT_0226_A1_1,1080.0,540755.51,8671523.57,498.744,315.322,0.0,315.322,0.0,0.0,3.678,certain_cold
dronbreen-20220328-DAT_0226_A1_1,1085.0,540758.27,8671527.61,498.462,315.144,0.0,315.144,0.0,0.0,3.676,certain_cold
dronbreen-20220328-DAT_0226_A1_1,1090.0,540760.78,8671531.41,498.215,315.001,0.0,315.001,0.0,0.0,3.674,certain_cold
dronbreen-20220328-DAT_0226_A1_1,1095.0,540763.9,8671535.87,497.892,314.782,0.0,314.782,0.0,0.0,3.672,certain_cold
dronbreen-20220328-DAT_0226_A1_1,1100.0,540766.74,8671539.96,497.592,314.587,0.0,314.587,0.0,0.0,3.678,certain_cold
dronbreen-20220328-DAT_0226_A1_1,1105.0,540769.65,8671544.24,497.276,314.375,0.0,314.375,0.0,0.0,3.678,certain_cold
dronbreen-20220328-DAT_0226_A1_1,1110.0,540772.2,8671547.85,497.008,314.211,0.0,314.211,0.0,0.0,3.676,certain_cold
dronbreen-20220328-DAT_0226_A1_1,1115.0,540775.26,8671552.38,496.675,313.982,0.0,313.982,0.0,0.0,3.67,certain_cold
dronbreen-20220328-DAT_0226_A1_1,1120.0,540777.99,8671556.68,496.363,313.775,0.0,313.775,0.0,0.0,3.666,certain_cold
dronbreen-20220328-DAT_0226_A1_1,1125.0,540780.35,8671560.2,496.096,313.612,0.0,313.612,0.0,0.0,3.661,certain_cold
dronbreen-20220328-DAT_0226_A1_1,1130.0,540783.4,8671564.75,495.737,313.462,0.0,313.462,0.0,0.0,3.655,certain_cold
dronbreen-20220328-DAT_0226_A1_1,1135.0,540786.04,8671568.64,495.417,313.245,0.0,313.245,0.0,0.0,3.653,certain_cold
dronbreen-20220328-DAT_0226_A1_1,1140.0,540788.67,8671572.63,495.077,312.906,0.0,312.906,0.0,0.0,3.653,certain_cold
dronbreen-20220328-DAT_0226_A1_1,1145.0,540791.94,8671577.54,494.682,312.615,0.0,312.615,0.0,0.0,3.651,certain_cold
dronbreen-20220328-DAT_0226_A1_1,1150.0,540794.54,8671581.37,494.369,312.406,0.0,312.406,0.0,0.0,3.649,certain_cold
dronbreen-20220328-DAT_0226_A1_1,1155.0,540797.17,8671585.36,494.027,312.168,0.0,312.168,0.0,0.0,3.647,certain_cold
dronbreen-20220328-DAT_0226_A1_1,1160.0,540799.76,8671589.16,493.698,311.943,0.0,311.943,0.0,0.0,3.645,certain_cold
dronbreen-20220328-DAT_0226_A1_1,1165.0,540802.92,8671593.86,493.291,311.641,0.0,311.641,0.0,0.0,3.643,certain_cold
dronbreen-20220328-DAT_0226_A1_1,1170.0,540805.78,8671598.03,492.951,311.509,0.0,311.509,0.0,0.0,3.639,certain_cold
dronbreen-20220328-DAT_0226_A1_1,1175.0,540808.49,8671601.89,492.632,311.295,0.0,311.295,0.0,0.0,3.636,certain_cold
dronbreen-20220328-DAT_0226_A1_1,1180.0,540811.46,8671606.35,492.272,311.038,0.0,311.038,0.0,0.0,3.634,certain_cold
dronbreen-20220328-DAT_0226_A1_1,1185.0,540814.47,8671610.63,491.906,310.777,0.0,310.777,0.0,0.0,3.632,certain_cold
dronbreen-20220328-DAT_0226_A1_1,1190.0,540816.91,8671613.9,491.613,310.484,0.0,310.484,0.0,0.0,3.632,certain_cold
dronbreen-20220328-DAT_0226_A1_1,1195.0,540820.17,8671618.25,491.219,310.299,0.0,310.299,0.0,0.0,3.628,certain_cold
dronbreen-20220328-DAT_0226_A1_1,1200.0,540823.09,8671622.25,490.868,310.156,0.0,310.156,0.0,0.0,3.624,certain_cold
dronbreen-20220328-DAT_0226_A1_1,1205.0,540825.98,8671626.3,490.533,310.029,0.0,310.029,0.0,0.0,3.62,certain_cold
dronbreen-20220328-DAT_0226_A1_1,1210.0,540828.72,8671630.02,490.211,309.915,0.0,309.915,0.0,0.0,3.618,certain_cold
dronbreen-20220328-DAT_0226_A1_1,1215.0,540831.93,8671634.24,489.822,309.735,0.0,309.735,0.0,0.0,3.614,certain_cold
dronbreen-20220328-DAT_0226_A1_1,1220.0,540835.13,8671638.68,489.41,309.635,0.0,309.635,0.0,0.0,3.609,certain_cold
dronbreen-20220328-DAT_0226_A1_1,1225.0,540837.67,8671642.23,489.082,309.516,0.0,309.516,0.0,0.0,3.605,certain_cold
dronbreen-20220328-DAT_0226_A1_1,1230.0,540840.38,8671646.03,488.714,309.461,0.0,309.461,0.0,0.0,3.601,certain_cold
dronbreen-20220328-DAT_0226_A1_1,1235.0,540843.59,8671650.6,488.269,309.224,0.0,309.224,0.0,0.0,3.599,certain_cold
dronbreen-20220328-DAT_0226_A1_1,1240.0,540846.26,8671654.45,487.881,309.044,0.0,309.044,0.0,0.0,3.595,certain_cold
dronbreen-20220328-DAT_0226_A1_1,1245.0,540849.42,8671659.15,487.407,308.884,0.0,308.884,0.0,0.0,3.589,certain_cold
dronbreen-20220328-DAT_0226_A1_1,1250.0,540851.71,8671662.44,487.08,308.66,0.0,308.66,0.0,0.0,3.587,certain_cold
dronbreen-20220328-DAT_0226_A1_1,1255.0,540855.01,8671667.13,486.634,308.423,0.0,308.423,0.0,0.0,3.582,certain_cold
dronbreen-20220328-DAT_0226_A1_1,1260.0,540857.66,8671671.31,486.261,308.258,0.0,308.258,0.0,0.0,3.578,certain_cold
dronbreen-20220328-DAT_0226_A1_1,1265.0,540860.21,8671675.29,485.909,308.115,0.0,308.115,0.0,0.0,3.574,certain_cold
dronbreen-20220328-DAT_0226_A1_1,1270.0,540863.08,8671680.0,485.504,308.023,0.0,308.023,0.0,0.0,3.57,certain_cold
dronbreen-20220328-DAT_0226_A1_1,1275.0,540865.69,8671684.2,485.134,307.86,0.0,307.86,0.0,0.0,3.566,certain_cold
dronbreen-20220328-DAT_0226_A1_1,1280.0,540868.22,8671688.31,484.78,307.611,0.0,307.611,0.0,0.0,3.562,certain_cold
dronbreen-20220328-DAT_0226_A1_1,1285.0,540871.04,8671692.88,484.372,307.307,0.0,307.307,0.0,0.0,3.557,certain_cold
dronbreen-20220328-DAT_0226_A1_1,1290.0,540873.58,8671696.91,484.018,306.953,0.0,306.953,0.0,0.0,3.555,certain_cold
dronbreen-20220328-DAT_0226_A1_1,1295.0,540876.29,8671701.06,483.637,306.676,0.0,306.676,0.0,0.0,3.551,certain_cold
dronbreen-20220328-DAT_0226_A1_1,1300.0,540878.63,8671704.75,483.301,306.444,0.0,306.444,0.0,0.0,3.547,certain_cold
dronbreen-20220328-DAT_0226_A1_1,1305.0,540881.34,8671709.15,482.919,306.271,0.0,306.271,0.0,0.0,3.543,certain_cold
dronbreen-20220328-DAT_0226_A1_1,1310.0,540883.9,8671713.23,482.586,306.146,0.0,306.146,0.0,0.0,3.539,certain_cold
dronbreen-20220328-DAT_0226_A1_1,1315.0,540887.13,8671717.89,482.187,306.164,0.0,306.164,0.0,0.0,3.533,certain_cold
dronbreen-20220328-DAT_0226_A1_1,1320.0,540890.14,8671722.17,481.795,306.085,0.0,306.085,0.0,0.0,3.528,certain_cold
dronbreen-20220328-DAT_0226_A1_1,1325.0,540892.71,8671726.03,481.435,306.038,0.0,306.038,0.0,0.0,3.526,certain_cold
dronbreen-20220328-DAT_0226_A1_1,1330.0,540895.41,8671730.33,481.022,306.042,0.0,306.042,0.0,0.0,3.522,certain_cold
dronbreen-20220328-DAT_0226_A1_1,1335.0,540897.9,8671734.5,480.632,305.86,0.0,305.86,0.0,0.0,3.52,certain_cold
dronbreen-20220328-DAT_0226_A1_1,1340.0,540900.35,8671738.59,480.256,305.692,0.0,305.692,0.0,0.0,3.514,certain_cold
dronbreen-20220328-DAT_0226_A1_1,1345.0,540903.15,8671742.93,479.852,305.393,0.0,305.393,0.0,0.0,3.503,certain_cold
dronbreen-20220328-DAT_0226_A1_1,1350.0,540905.69,8671746.83,479.509,305.258,0.0,305.258,0.0,0.0,3.495,certain_cold
dronbreen-20220328-DAT_0226_A1_1,1355.0,540908.37,8671751.07,479.166,305.227,0.0,305.227,0.0,0.0,3.489,certain_cold
dronbreen-20220328-DAT_0226_A1_1,1360.0,540911.54,8671756.13,478.786,305.16,0.0,305.16,0.0,0.0,3.483,certain_cold
dronbreen-20220328-DAT_0226_A1_1,1365.0,540913.97,8671759.69,478.514,305.409,0.0,305.409,0.0,0.0,3.472,certain_cold
dronbreen-20220328-DAT_0226_A1_1,1370.0,540916.65,8671763.73,478.209,305.521,0.0,305.521,0.0,0.0,3.464,certain_cold
dronbreen-20220328-DAT_0226_A1_1,1375.0,540919.78,8671768.35,477.861,305.382,0.0,305.382,0.0,0.0,3.46,certain_cold
dronbreen-20220328-DAT_0226_A1_1,1380.0,540922.62,8671772.65,477.532,305.365,0.0,305.365,0.0,0.0,3.454,certain_cold
dronbreen-20220328-DAT_0226_A1_1,1385.0,540925.22,8671776.45,477.252,305.19,0.0,305.19,0.0,0.0,3.451,certain_cold
dronbreen-20220328-DAT_0226_A1_1,1390.0,540928.16,8671780.76,476.945,305.091,0.0,305.091,0.0,0.0,3.447,certain_cold
dronbreen-20220328-DAT_0226_A1_1,1395.0,540931.02,8671784.94,476.636,304.886,0.0,304.886,0.0,0.0,3.445,certain_cold
dronbreen-20220328-DAT_0226_A1_1,1400.0,540933.25,8671788.66,476.365,304.719,0.0,304.719,0.0,0.0,3.443,certain_cold
dronbreen-20220328-DAT_0226_A1_1,1405.0,540935.79,8671793.15,476.051,304.614,0.0,304.614,0.0,0.0,3.439,certain_cold
dronbreen-20220328-DAT_0226_A1_1,1410.0,540938.58,8671797.27,475.77,304.437,0.0,304.437,0.0,0.0,3.439,certain_cold
dronbreen-20220328-DAT_0226_A1_1,1415.0,540941.34,8671801.45,475.503,304.378,0.0,304.378,0.0,0.0,3.439,certain_cold
dronbreen-20220328-DAT_0226_A1_1,1420.0,540944.58,8671806.07,475.207,303.979,0.0,303.979,0.0,0.0,3.439,certain_cold
dronbreen-20220328-DAT_0226_A1_1,1425.0,540946.79,8671809.43,475.001,303.772,0.0,303.772,0.0,0.0,3.437,certain_cold
dronbreen-20220328-DAT_0226_A1_1,1430.0,540950.08,8671814.51,474.692,303.464,0.0,303.464,0.0,0.0,3.437,certain_cold
dronbreen-20220328-DAT_0226_A1_1,1435.0,540952.54,8671818.41,474.458,303.334,0.0,303.334,0.0,0.0,3.437,certain_cold
dronbreen-20220328-DAT_0226_A1_1,1440.0,540955.3,8671822.64,474.213,303.088,0.0,303.088,0.0,0.0,3.435,certain_cold
dronbreen-20220328-DAT_0226_A1_1,1445.0,540958.24,8671826.96,473.956,303.04,0.0,303.04,0.0,0.0,3.433,certain_cold
dronbreen-20220328-DAT_0226_A1_1,1450.0,540960.94,8671830.95,473.694,302.882,0.0,302.882,0.0,0.0,3.429,certain_cold
dronbreen-20220328-DAT_0226_A1_1,1455.0,540963.77,8671835.29,473.427,302.719,0.0,302.719,0.0,0.0,3.424,certain_cold
dronbreen-20220328-DAT_0226_A1_1,1460.0,540966.43,8671839.45,473.178,302.679,0.0,302.679,0.0,0.0,3.42,certain_cold
dronbreen-20220328-DAT_0226_A1_1,1465.0,540969.08,8671843.29,473.013,302.723,0.0,302.723,0.0,0.0,3.416,certain_cold
dronbreen-20220328-DAT_0226_A1_1,1470.0,540971.71,8671847.28,472.913,302.831,0.0,302.831,0.0,0.0,3.414,certain_cold
dronbreen-20220328-DAT_0226_A1_1,1475.0,540974.46,8671851.58,472.764,302.89,0.0,302.89,0.0,0.0,3.412,certain_cold
dronbreen-20220328-DAT_0226_A1_1,1480.0,540976.94,8671855.63,472.581,302.916,0.0,302.916,0.0,0.0,3.404,certain_cold
dronbreen-20220328-DAT_0226_A1_1,1485.0,540979.69,8671859.9,472.397,302.94,0.0,302.94,0.0,0.0,3.402,certain_cold
dronbreen-20220328-DAT_0226_A1_1,1490.0,540982.62,8671864.36,472.192,302.839,0.0,302.839,0.0,0.0,3.4,certain_cold
dronbreen-20220328-DAT_0226_A1_1,1495.0,540985.26,8671868.41,472.006,302.757,0.0,302.757,0.0,0.0,3.4,certain_cold
dronbreen-20220328-DAT_0226_A1_1,1500.0,540987.78,8671872.57,471.812,302.667,0.0,302.667,0.0,0.0,3.393,certain_cold
dronbreen-20220328-DAT_0226_A1_1,1505.0,540990.43,8671876.76,471.601,302.666,0.0,302.666,0.0,0.0,3.389,certain_cold
dronbreen-20220328-DAT_0226_A1_1,1510.0,540993.38,8671881.07,471.386,302.762,0.0,302.762,0.0,0.0,3.383,certain_cold
dronbreen-20220328-DAT_0226_A1_1,1515.0,540995.85,8671885.05,471.179,302.869,0.0,302.869,0.0,0.0,3.379,certain_cold
dronbreen-20220328-DAT_0226_A1_1,1520.0,540998.39,8671889.59,470.931,302.829,0.0,302.829,0.0,0.0,3.373,certain_cold
dronbreen-20220328-DAT_0226_A1_1,1525.0,541001.04,8671893.95,470.672,302.779,0.0,302.779,0.0,0.0,3.368,certain_cold
dronbreen-20220328-DAT_0226_A1_1,1530.0,541003.71,8671898.25,470.387,302.91,0.0,302.91,0.0,0.0,3.362,certain_cold
dronbreen-20220328-DAT_0226_A1_1,1535.0,541006.42,8671902.43,470.121,302.852,0.0,302.852,0.0,0.0,3.358,certain_cold
dronbreen-20220328-DAT_0226_A1_1,1540.0,541009.37,8671906.92,469.878,302.818,0.0,302.818,0.0,0.0,3.354,certain_cold
dronbreen-20220328-DAT_0226_A1_1,1545.0,541012.04,8671910.94,469.678,302.826,0.0,302.826,0.0,0.0,3.35,certain_cold
dronbreen-20220328-DAT_0226_A1_1,1550.0,541014.4,8671914.52,469.516,302.873,0.0,302.873,0.0,0.0,3.346,certain_cold
dronbreen-20220328-DAT_0226_A1_1,1555.0,541017.3,8671918.83,469.367,302.828,0.0,302.828,0.0,0.0,3.341,certain_cold
dronbreen-20220328-DAT_0226_A1_1,1560.0,541020.33,8671923.67,469.298,303.072,0.0,303.072,0.0,0.0,3.335,certain_cold
dronbreen-20220328-DAT_0226_A1_1,1565.0,541022.61,8671927.36,469.028,302.906,0.0,302.906,0.0,0.0,3.333,certain_cold
dronbreen-20220328-DAT_0226_A1_1,1570.0,541025.72,8671932.36,468.628,302.714,0.0,302.714,0.0,0.0,3.329,certain_cold
dronbreen-20220328-DAT_0226_A1_1,1575.0,541028.16,8671936.19,468.373,302.772,0.0,302.772,0.0,0.0,3.323,certain_cold
dronbreen-20220328-DAT_0226_A1_1,1580.0,541031.03,8671940.59,468.132,302.844,0.0,302.844,0.0,0.0,3.316,certain_cold
dronbreen-20220328-DAT_0226_A1_1,1585.0,541033.32,8671944.25,467.939,302.859,0.0,302.859,0.0,0.0,3.312,certain_cold
dronbreen-20220328-DAT_0226_A1_1,1590.0,541036.11,8671948.57,467.713,302.946,0.0,302.946,0.0,0.0,3.306,certain_cold
dronbreen-20220328-DAT_0226_A1_1,1595.0,541038.77,8671952.61,467.51,303.055,0.0,303.055,0.0,0.0,3.3,certain_cold
dronbreen-20220328-DAT_0226_A1_1,1600.0,541041.52,8671956.79,467.28,303.138,0.0,303.138,0.0,0.0,3.294,certain_cold
dronbreen-20220328-DAT_0226_A1_1,1605.0,541044.34,8671960.87,467.038,303.104,0.0,303.104,0.0,0.0,3.289,certain_cold
dronbreen-20220328-DAT_0226_A1_1,1610.0,541047.21,8671965.46,466.752,303.131,0.0,303.131,0.0,0.0,3.283,certain_cold
dronbreen-20220328-DAT_0226_A1_1,1615.0,541049.72,8671969.5,466.488,303.076,0.0,303.076,0.0,0.0,3.279,certain_cold
dronbreen-20220328-DAT_0226_A1_1,1620.0,541052.53,8671974.12,466.204,303.0,0.0,303.0,0.0,0.0,3.275,certain_cold
dronbreen-20220328-DAT_0226_A1_1,1625.0,541055.27,8671978.36,465.955,303.168,0.0,303.168,0.0,0.0,3.267,certain_cold
dronbreen-20220328-DAT_0226_A1_1,1630.0,541057.91,8671982.49,465.74,303.266,0.0,303.266,0.0,0.0,3.26,certain_cold
dronbreen-20220328-DAT_0226_A1_1,1635.0,541060.59,8671986.65,465.535,303.478,0.0,303.478,0.0,0.0,3.252,certain_cold
dronbreen-20220328-DAT_0226_A1_1,1640.0,541063.29,8671990.81,465.317,303.572,0.0,303.572,0.0,0.0,3.246,certain_cold
dronbreen-20220328-DAT_0226_A1_1,1645.0,541066.17,8671995.31,465.003,303.571,0.0,303.571,0.0,0.0,3.24,certain_cold
dronbreen-20220328-DAT_0226_A1_1,1650.0,541068.46,8671999.17,464.683,303.459,0.0,303.459,0.0,0.0,3.235,certain_cold
dronbreen-20220328-DAT_0226_A1_1,1655.0,541070.77,8672003.08,464.304,303.288,0.0,303.288,0.0,0.0,3.231,certain_cold
dronbreen-20220328-DAT_0226_A1_1,1660.0,541073.64,8672007.73,463.875,303.172,0.0,303.172,0.0,0.0,3.225,certain_cold
dronbreen-20220328-DAT_0226_A1_1,1665.0,541076.06,8672011.76,463.569,303.179,0.0,303.179,0.0,0.0,3.219,certain_cold
dronbreen-20220328-DAT_0226_A1_1,1670.0,541079.02,8672016.86,463.295,303.218,0.0,303.218,0.0,0.0,3.213,certain_cold
dronbreen-20220328-DAT_0226_A1_1,1675.0,541081.49,8672021.15,462.994,303.125,0.0,303.125,0.0,0.0,3.208,certain_cold
dronbreen-20220328-DAT_0226_A1_1,1680.0,541083.97,8672025.45,462.626,303.07,0.0,303.07,0.0,0.0,3.202,certain_cold
dronbreen-20220328-DAT_0226_A1_1,1685.0,541086.49,8672029.74,462.325,303.185,0.0,303.185,0.0,0.0,3.194,certain_cold
dronbreen-20220328-DAT_0226_A1_1,1690.0,541088.66,8672033.5,462.097,303.27,0.0,303.27,0.0,0.0,3.188,certain_cold
dronbreen-20220328-DAT_0226_A1_1,1695.0,541091.33,8672037.95,461.951,303.645,0.0,303.645,0.0,0.0,3.177,certain_cold
dronbreen-20220328-DAT_0226_A1_1,1700.0,541093.69,8672042.01,461.651,303.658,0.0,303.658,0.0,0.0,3.171,certain_cold
dronbreen-20220328-DAT_0226_A1_1,1705.0,541096.32,8672046.48,461.316,303.635,0.0,303.635,0.0,0.0,3.165,certain_cold
dronbreen-20220328-DAT_0226_A1_1,1710.0,541099.03,8672051.22,460.951,303.896,0.0,303.896,0.0,0.0,3.152,certain_cold
dronbreen-20220328-DAT_0226_A1_1,1715.0,541101.23,8672055.19,460.653,304.015,0.0,304.015,0.0,0.0,3.144,certain_cold
dronbreen-20220328-DAT_0226_A1_1,1720.0,541103.78,8672059.52,460.346,304.229,0.0,304.229,0.0,0.0,3.134,certain_cold
dronbreen-20220328-DAT_0226_A1_1,1725.0,541106.19,8672063.67,460.061,304.465,0.0,304.465,0.0,0.0,3.123,certain_cold
dronbreen-20220328-DAT_0226_A1_1,1730.0,541108.99,8672068.64,459.72,304.645,0.0,304.645,0.0,0.0,3.113,certain_cold
dronbreen-20220328-DAT_0226_A1_1,1735.0,541111.15,8672072.3,459.36,304.493,0.0,304.493,0.0,0.0,3.109,certain_cold
dronbreen-20220328-DAT_0226_A1_1,1740.0,541113.94,8672077.11,458.964,304.514,0.0,304.514,0.0,0.0,3.1,certain_cold
dronbreen-20220328-DAT_0226_A1_1,1745.0,541116.4,8672081.52,458.629,304.492,0.0,304.492,0.0,0.0,3.094,certain_cold
dronbreen-20220328-DAT_0226_A1_1,1750.0,541118.65,8672085.68,458.315,304.595,0.0,304.595,0.0,0.0,3.086,certain_cold
dronbreen-20220328-DAT_0226_A1_1,1755.0,541120.87,8672089.66,458.026,304.827,0.0,304.827,0.0,0.0,3.078,certain_cold
dronbreen-20220328-DAT_0226_A1_1,1760.0,541123.62,8672094.44,457.712,305.034,0.0,305.034,0.0,0.0,3.067,certain_cold
dronbreen-20220328-DAT_0226_A1_1,1765.0,541126.26,8672099.0,457.453,305.087,0.0,305.087,0.0,0.0,3.059,certain_cold
dronbreen-20220328-DAT_0226_A1_1,1770.0,541128.71,8672103.3,457.138,305.086,0.0,305.086,0.0,0.0,3.053,certain_cold
dronbreen-20220328-DAT_0226_A1_1,1775.0,541130.79,8672107.13,456.84,305.099,0.0,305.099,0.0,0.0,3.046,certain_cold
dronbreen-20220328-DAT_0226_A1_1,1780.0,541133.16,8672111.44,456.48,305.053,0.0,305.053,0.0,0.0,3.04,certain_cold
dronbreen-20220328-DAT_0226_A1_1,1785.0,541135.63,8672115.85,456.114,304.999,0.0,304.999,0.0,0.0,3.036,certain_cold
dronbreen-20220328-DAT_0226_A1_1,1790.0,541138.08,8672120.21,455.735,304.933,0.0,304.933,0.0,0.0,3.03,certain_cold
dronbreen-20220328-DAT_0226_A1_1,1795.0,541140.96,8672125.31,455.237,304.852,0.0,304.852,0.0,0.0,3.021,certain_cold
dronbreen-20220328-DAT_0226_A1_1,1800.0,541142.93,8672128.79,454.901,304.829,0.0,304.829,0.0,0.0,3.013,certain_cold
dronbreen-20220328-DAT_0226_A1_1,1805.0,541145.96,8672133.97,454.521,304.865,0.0,304.865,0.0,0.0,3.005,certain_cold
dronbreen-20220328-DAT_0226_A1_1,1810.0,541148.2,8672137.72,454.273,304.93,0.0,304.93,0.0,0.0,2.999,certain_cold
dronbreen-20220328-DAT_0226_A1_1,1815.0,541150.6,8672141.74,453.957,305.031,0.0,305.031,0.0,0.0,2.99,certain_cold
dronbreen-20220328-DAT_0226_A1_1,1820.0,541153.48,8672146.73,453.576,305.067,0.0,305.067,0.0,0.0,2.982,certain_cold
dronbreen-20220328-DAT_0226_A1_1,1825.0,541155.82,8672150.84,453.237,304.936,0.0,304.936,0.0,0.0,2.978,certain_cold
dronbreen-20220328-DAT_0226_A1_1,1830.0,541158.12,8672155.0,452.895,304.907,0.0,304.907,0.0,0.0,2.972,certain_cold
dronbreen-20220328-DAT_0226_A1_1,1835.0,541160.96,8672159.83,452.488,304.812,0.0,304.812,0.0,0.0,2.965,certain_cold
dronbreen-20220328-DAT_0226_A1_1,1840.0,541163.21,8672163.59,452.179,304.816,0.0,304.816,0.0,0.0,2.959,certain_cold
dronbreen-20220328-DAT_0226_A1_1,1845.0,541165.7,8672167.89,451.828,304.778,0.0,304.778,0.0,0.0,2.953,certain_cold
dronbreen-20220328-DAT_0226_A1_1,1850.0,541168.4,8672172.44,451.579,304.841,0.0,304.841,0.0,0.0,2.947,certain_cold
dronbreen-20220328-DAT_0226_A1_1,1855.0,541171.09,8672176.98,451.35,305.03,0.104,305.134,0.73,0.0,2.936,certain_cold
dronbreen-20220328-DAT_0226_A1_1,1860.0,541173.57,8672181.28,451.057,305.049,3.335,308.383,10.899,0.0,2.866,uncertain_temperate
dronbreen-20220328-DAT_0226_A1_1,1865.0,541176.04,8672185.57,450.72,304.92,5.94,310.861,17.547,0.0,2.81,uncertain_temperate
dronbreen-20220328-DAT_0226_A1_1,1870.0,541178.48,8672189.87,450.349,304.758,9.275,314.033,25.884,0.0,2.739,uncertain_temperate
dronbreen-20220328-DAT_0226_A1_1,1875.0,541181.1,8672194.6,449.918,304.639,13.131,317.77,32.626,0.0,2.656,uncertain_temperate
dronbreen-20220328-DAT_0226_A1_1,1880.0,541183.33,8672198.64,449.569,304.499,16.258,320.757,38.233,1.89,2.59,certain_temperate
dronbreen-20220328-DAT_0226_A1_1,1885.0,541185.74,8672203.11,449.242,304.381,20.218,324.599,43.107,3.999,2.507,certain_temperate
dronbreen-20220328-DAT_0226_A1_1,1890.0,541188.22,8672207.16,449.013,304.36,23.345,327.704,44.338,5.582,2.441,certain_temperate
dronbreen-20220328-DAT_0226_A1_1,1895.0,541190.85,8672211.7,448.705,304.26,27.305,331.565,46.853,6.819,2.358,certain_temperate
dronbreen-20220328-DAT_0226_A1_1,1900.0,541193.28,8672215.86,448.414,304.177,31.265,335.442,48.5,8.819,2.275,certain_temperate
dronbreen-20220328-DAT_0226_A1_1,1905.0,541195.91,8672220.42,448.081,304.053,35.225,339.278,48.196,12.667,2.192,certain_temperate
dronbreen-20220328-DAT_0226_A1_1,1910.0,541198.3,8672224.53,447.772,303.849,37.622,341.471,45.799,17.878,2.143,certain_temperate
dronbreen-20220328-DAT_0226_A1_1,1915.0,541200.65,8672228.76,447.425,303.606,38.143,341.749,46.21,20.281,2.13,certain_temperate
dronbreen-20220328-DAT_0226_A1_1,1920.0,541203.05,8672232.8,447.089,303.478,39.602,343.08,49.685,19.202,2.097,certain_temperate
dronbreen-20220328-DAT_0226_A1_1,1925.0,541206.07,8672237.85,446.633,303.126,42.729,345.855,50.497,22.351,2.033,certain_temperate
dronbreen-20220328-DAT_0226_A1_1,1930.0,541208.09,8672241.48,446.298,302.896,43.459,346.354,49.369,25.98,2.016,certain_temperate
dronbreen-20220328-DAT_0226_A1_1,1935.0,541210.6,8672246.12,445.845,302.651,44.188,346.839,49.725,27.604,1.998,certain_temperate
dronbreen-20220328-DAT_0226_A1_1,1940.0,541213.03,8672250.57,445.419,302.329,45.126,347.455,50.003,29.41,1.977,certain_temperate
dronbreen-20220328-DAT_0226_A1_1,1945.0,541215.54,8672255.02,445.044,302.058,46.064,348.122,49.157,32.028,1.957,certain_temperate
dronbreen-20220328-DAT_0226_A1_1,1950.0,541217.98,8672259.12,444.733,301.747,46.064,347.811,48.646,33.894,1.957,certain_temperate
dronbreen-20220328-DAT_0226_A1_1,1955.0,541220.42,8672263.54,444.422,301.436,46.064,347.5,48.545,35.975,1.957,certain_temperate
dronbreen-20220328-DAT_0226_A1_1,1960.0,541223.0,8672268.25,444.085,301.099,46.168,347.267,48.647,37.957,1.954,certain_temperate
dronbreen-20220328-DAT_0226_A1_1,1965.0,541225.4,8672272.84,443.737,300.855,46.064,346.919,48.543,39.521,1.954,certain_temperate
dronbreen-20220328-DAT_0226_A1_1,1970.0,541227.48,8672276.78,443.457,300.68,46.064,346.744,48.541,39.627,1.952,certain_temperate
dronbreen-20220328-DAT_0226_A1_1,1975.0,541230.24,8672281.71,443.183,300.405,46.064,346.469,48.655,40.034,1.952,certain_temperate
dronbreen-20220328-DAT_0226_A1_1,1980.0,541232.38,8672285.49,442.967,300.294,45.751,346.045,48.542,40.251,1.957,certain_temperate
dronbreen-20220328-DAT_0226_A1_1,1985.0,541234.88,8672289.96,442.732,300.268,45.751,346.019,48.358,40.331,1.952,certain_temperate
dronbreen-20220328-DAT_0226_A1_1,1990.0,541237.26,8672294.3,442.5,300.139,45.751,345.891,48.236,40.661,1.95,certain_temperate
dronbreen-20220328-DAT_0226_A1_1,1995.0,541239.62,8672298.18,442.292,299.931,45.856,345.787,48.301,40.805,1.948,certain_temperate
dronbreen-20220328-DAT_0226_A1_1,2000.0,541242.63,8672303.42,442.05,299.794,46.168,345.962,48.264,41.154,1.94,certain_temperate
dronbreen-20220328-DAT_0226_A1_1,2005.0,541244.69,8672306.87,441.877,299.621,46.168,345.789,48.744,40.987,1.94,certain_temperate
dronbreen-20220328-DAT_0226_A1_1,2010.0,541247.74,8672312.02,441.607,299.247,46.898,346.144,49.652,41.747,1.928,certain_temperate
dronbreen-20220328-DAT_0226_A1_1,2015.0,541249.93,8672315.81,441.382,298.813,47.315,346.127,50.776,42.081,1.924,certain_temperate
dronbreen-20220328-DAT_0226_A1_1,2020.0,541252.33,8672319.91,441.094,298.42,48.565,346.986,51.66,42.031,1.901,certain_temperate
dronbreen-20220328-DAT_0226_A1_1,2025.0,541254.98,8672324.21,440.734,297.956,49.399,347.355,51.964,42.769,1.886,certain_temperate
dronbreen-20220328-DAT_0226_A1_1,2030.0,541257.7,8672328.51,440.346,297.465,50.233,347.697,52.467,43.517,1.872,certain_temperate
dronbreen-20220328-DAT_0226_A1_1,2035.0,541260.39,8672333.0,439.947,297.066,50.441,347.507,52.884,44.038,1.868,certain_temperate
dronbreen-20220328-DAT_0226_A1_1,2040.0,541263.15,8672337.57,439.553,296.671,50.649,347.32,52.88,44.355,1.864,certain_temperate
dronbreen-20220328-DAT_0226_A1_1,2045.0,541265.61,8672341.78,439.261,296.484,50.754,347.237,52.748,44.591,1.86,certain_temperate
dronbreen-20220328-DAT_0226_A1_1,2050.0,541268.07,8672346.01,439.025,296.144,50.962,347.106,53.031,45.037,1.857,certain_temperate
dronbreen-20220328-DAT_0226_A1_1,2055.0,541270.35,8672350.05,438.831,295.845,51.066,346.911,53.112,45.373,1.857,certain_temperate
dronbreen-20220328-DAT_0226_A1_1,2060.0,541272.98,8672354.79,438.585,295.495,50.649,346.145,53.196,45.914,1.868,certain_temperate
dronbreen-20220328-DAT_0226_A1_1,2065.0,541275.11,8672358.68,438.352,295.158,50.858,346.016,53.432,46.303,1.866,certain_temperate
dronbreen-20220328-DAT_0226_A1_1,2070.0,541277.52,8672363.07,438.035,294.841,51.275,346.116,53.395,46.758,1.857,certain_temperate
dronbreen-20220328-DAT_0226_A1_1,2075.0,541280.32,8672368.1,437.683,294.384,51.379,345.764,53.667,47.319,1.857,certain_temperate
dronbreen-20220328-DAT_0226_A1_1,2080.0,541282.66,8672372.36,437.479,294.181,51.587,345.768,54.12,47.596,1.853,certain_temperate
dronbreen-20220328-DAT_0226_A1_1,2085.0,541284.97,8672376.62,437.321,294.022,51.796,345.818,54.991,47.455,1.849,certain_temperate
dronbreen-20220328-DAT_0226_A1_1,2090.0,541287.42,8672381.41,437.109,293.81,52.942,346.752,56.087,47.817,1.827,certain_temperate
dronbreen-20220328-DAT_0226_A1_1,2095.0,541289.45,8672385.32,436.904,293.606,53.255,346.86,56.698,48.457,1.82,certain_temperate
dronbreen-20220328-DAT_0226_A1_1,2100.0,541291.96,8672389.77,436.579,293.177,53.776,346.953,57.629,48.985,1.812,certain_temperate
dronbreen-20220328-DAT_0226_A1_1,2105.0,541294.47,8672394.22,436.243,292.84,54.089,346.929,58.192,48.526,1.806,certain_temperate
dronbreen-20220328-DAT_0226_A1_1,2110.0,541296.94,8672398.48,435.951,292.548,54.61,347.158,58.711,47.59,1.796,certain_temperate
dronbreen-20220328-DAT_0226_A1_1,2115.0,541299.6,8672402.93,435.658,292.151,55.235,347.386,59.286,46.703,1.785,certain_temperate
dronbreen-20220328-DAT_0226_A1_1,2120.0,541302.12,8672406.92,435.388,291.881,55.86,347.742,59.63,45.942,1.773,certain_temperate
dronbreen-20220328-DAT_0226_A1_1,2125.0,541304.56,8672410.72,435.127,291.62,56.277,347.898,59.939,45.424,1.765,certain_temperate
dronbreen-20220328-DAT_0226_A1_1,2130.0,541307.79,8672415.65,434.814,291.307,56.486,347.792,60.571,44.375,1.761,certain_temperate
dronbreen-20220328-DAT_0226_A1_1,2135.0,541310.29,8672419.27,434.607,290.996,56.069,347.065,61.608,43.234,1.771,certain_temperate
dronbreen-20220328-DAT_0226_A1_1,2140.0,541312.98,8672423.69,434.427,290.816,55.548,346.364,63.379,42.193,1.781,certain_temperate
dronbreen-20220328-DAT_0226_A1_1,2145.0,541315.31,8672427.8,434.285,290.674,54.714,345.388,64.346,40.601,1.798,certain_temperate
dronbreen-20220328-DAT_0226_A1_1,2150.0,541318.08,8672432.45,434.097,290.485,53.255,343.74,63.466,38.98,1.827,certain_temperate
dronbreen-20220328-DAT_0226_A1_1,2155.0,541320.53,8672436.52,433.896,290.181,51.796,341.977,62.126,38.235,1.857,certain_temperate
dronbreen-20220328-DAT_0226_A1_1,2160.0,541323.13,8672440.88,433.605,289.889,50.337,340.226,60.48,37.484,1.886,certain_temperate
dronbreen-20220328-DAT_0226_A1_1,2165.0,541325.66,8672445.42,433.234,289.623,48.774,338.397,58.636,36.827,1.915,certain_temperate
dronbreen-20220328-DAT_0226_A1_1,2170.0,541327.83,8672449.64,432.915,289.304,47.523,336.827,57.399,36.292,1.94,certain_temperate
dronbreen-20220328-DAT_0226_A1_1,2175.0,541330.58,8672454.69,432.491,288.984,45.96,334.944,55.747,35.651,1.969,certain_temperate
dronbreen-20220328-DAT_0226_A1_1,2180.0,541332.74,8672458.52,432.207,288.7,44.709,333.409,54.34,35.391,1.994,certain_temperate
dronbreen-20220328-DAT_0226_A1_1,2185.0,541335.44,8672463.21,431.92,288.413,43.563,331.976,52.47,35.072,2.016,certain_temperate
dronbreen-20220328-DAT_0226_A1_1,2190.0,541337.79,8672467.19,431.73,288.223,42.833,331.056,51.175,34.908,2.031,certain_temperate
dronbreen-20220328-DAT_0226_A1_1,2195.0,541340.25,8672471.24,431.558,288.051,42.208,330.259,50.419,34.31,2.043,certain_temperate
dronbreen-20220328-DAT_0226_A1_1,2200.0,541342.75,8672475.53,431.358,287.747,41.478,329.225,49.637,33.632,2.06,certain_temperate
dronbreen-20220328-DAT_0226_A1_1,2205.0,541345.42,8672479.95,431.073,287.566,40.54,328.106,48.399,32.89,2.076,certain_temperate
dronbreen-20220328-DAT_0226_A1_1,2210.0,541347.9,8672484.01,430.748,287.241,39.707,326.948,47.265,32.252,2.093,certain_temperate
dronbreen-20220328-DAT_0226_A1_1,2215.0,541350.53,8672488.43,430.355,286.848,38.873,325.721,44.881,31.614,2.109,certain_temperate
dronbreen-20220328-DAT_0226_A1_1,2220.0,541353.0,8672492.85,429.941,286.434,38.039,324.473,43.19,31.221,2.126,certain_temperate
dronbreen-20220328-DAT_0226_A1_1,2225.0,541355.33,8672497.14,429.539,286.137,37.31,323.446,42.031,30.295,2.138,certain_temperate
dronbreen-20220328-DAT_0226_A1_1,2230.0,541357.79,8672501.86,429.141,285.738,36.059,321.797,41.165,28.974,2.163,certain_temperate
dronbreen-20220328-DAT_0226_A1_1,2235.0,541360.02,8672506.03,428.811,285.513,34.496,320.008,39.687,27.95,2.192,certain_temperate
dronbreen-20220328-DAT_0226_A1_1,2240.0,541362.66,8672510.57,428.469,285.275,32.828,318.103,38.465,27.296,2.223,certain_temperate
dronbreen-20220328-DAT_0226_A1_1,2245.0,541365.2,8672515.3,428.184,285.198,31.265,316.463,36.381,27.191,2.25,certain_temperate
dronbreen-20220328-DAT_0226_A1_1,2250.0,541367.18,8672518.83,428.04,285.054,30.744,315.798,35.464,27.171,2.26,certain_temperate
dronbreen-20220328-DAT_0226_A1_1,2255.0,541369.72,8672523.59,427.875,284.993,29.91,314.904,34.763,25.579,2.275,certain_temperate
dronbreen-20220328-DAT_0226_A1_1,2260.0,541372.33,8672528.36,427.721,284.839,28.868,313.707,33.457,24.071,2.296,certain_temperate
dronbreen-20220328-DAT_0226_A1_1,2265.0,541374.49,8672532.15,427.546,284.769,28.139,312.907,32.395,23.048,2.308,certain_temperate
dronbreen-20220328-DAT_0226_A1_1,2270.0,541377.1,8672536.7,427.241,284.568,27.201,311.769,32.265,21.511,2.325,certain_temperate
dronbreen-20220328-DAT_0226_A1_1,2275.0,541379.57,8672540.99,426.854,284.181,26.471,310.652,31.571,20.329,2.339,certain_temperate
dronbreen-20220328-DAT_0226_A1_1,2280.0,541381.99,8672545.04,426.464,283.791,25.95,309.741,30.588,19.228,2.35,certain_temperate
dronbreen-20220328-DAT_0226_A1_1,2285.0,541384.45,8672549.37,426.087,283.518,25.221,308.738,29.46,17.646,2.362,certain_temperate
dronbreen-20220328-DAT_0226_A1_1,2290.0,541387.07,8672554.13,425.719,283.254,24.387,307.641,28.491,15.905,2.376,certain_temperate
dronbreen-20220328-DAT_0226_A1_1,2295.0,541389.33,8672558.23,425.474,283.114,23.553,306.667,27.905,14.512,2.391,certain_temperate
dronbreen-20220328-DAT_0226_A1_1,2300.0,541391.91,8672562.79,425.241,282.88,22.615,305.495,27.086,13.142,2.41,certain_temperate
dronbreen-20220328-DAT_0226_A1_1,2305.0,541394.6,8672567.68,424.996,282.74,21.781,304.521,25.97,11.861,2.424,certain_temperate
dronbreen-20220328-DAT_0226_A1_1,2310.0,541397.04,8672572.01,424.741,282.589,21.052,303.641,24.933,10.501,2.437,certain_temperate
dronbreen-20220328-DAT_0226_A1_1,2315.0,541399.24,8672575.72,424.485,282.437,20.427,302.864,24.322,9.236,2.447,certain_temperate
dronbreen-20220328-DAT_0226_A1_1,2320.0,541402.1,8672580.77,424.165,282.325,19.384,301.71,23.512,0.0,2.463,uncertain_temperate
dronbreen-20220328-DAT_0226_A1_1,2325.0,541404.34,8672584.43,423.909,282.278,17.196,299.474,22.495,0.0,2.503,uncertain_temperate
dronbreen-20220328-DAT_0226_A1_1,2330.0,541406.64,8672588.47,423.619,282.093,16.258,298.35,21.162,0.0,2.519,uncertain_temperate
dronbreen-20220328-DAT_0226_A1_1,2335.0,541409.65,8672593.72,423.234,281.915,15.007,296.923,20.145,0.0,2.54,uncertain_temperate
dronbreen-20220328-DAT_0226_A1_1,2340.0,541411.57,8672597.12,422.967,281.753,14.382,296.134,19.571,0.0,2.551,uncertain_temperate
dronbreen-20220328-DAT_0226_A1_1,2345.0,541414.45,8672601.96,422.574,281.464,13.34,294.804,18.944,0.0,2.569,uncertain_temperate
dronbreen-20220328-DAT_0226_A1_1,2350.0,541416.61,8672605.72,422.252,281.246,12.402,293.648,25.05,0.0,2.586,uncertain_temperate
dronbreen-20220328-DAT_0226_A1_1,2355.0,541419.23,8672610.25,421.889,281.092,4.169,285.26,17.728,0.0,2.745,uncertain_temperate
dronbreen-20220328-DAT_0226_A1_1,2360.0,541422.0,8672614.99,421.57,280.877,10.005,290.882,19.46,0.0,2.627,uncertain_temperate
dronbreen-20220328-DAT_0226_A1_1,2365.0,541424.59,8672619.73,421.304,280.716,9.275,289.991,15.169,0.0,2.64,uncertain_temperate
dronbreen-20220328-DAT_0226_A1_1,2370.0,541426.82,8672623.77,421.07,280.69,8.65,289.34,14.447,0.0,2.648,uncertain_temperate
dronbreen-20220328-DAT_0226_A1_1,2375.0,541429.2,8672628.19,420.787,280.51,7.921,288.431,13.624,0.0,2.66,uncertain_temperate
dronbreen-20220328-DAT_0226_A1_1,2380.0,541431.29,8672632.08,420.476,280.408,7.295,287.703,12.798,0.0,2.669,uncertain_temperate
dronbreen-20220328-DAT_0226_A1_1,2385.0,541434.04,8672637.27,420.07,280.106,6.566,286.672,11.976,0.0,2.681,uncertain_temperate
dronbreen-20220328-DAT_0226_A1_1,2390.0,541436.4,8672641.81,419.735,279.876,6.045,285.921,11.279,0.0,2.689,uncertain_temperate
dronbreen-20220328-DAT_0226_A1_1,2395.0,541438.17,8672645.21,419.503,279.748,5.524,285.271,10.637,0.0,2.698,uncertain_temperate
dronbreen-20220328-DAT_0226_A1_1,2400.0,541441.07,8672650.64,419.2,279.654,4.69,284.344,9.814,0.0,2.71,uncertain_temperate
dronbreen-20220328-DAT_0226_A1_1,2405.0,541443.39,8672655.05,418.991,279.653,4.064,283.718,8.988,0.0,2.718,uncertain_temperate
dronbreen-20220328-DAT_0226_A1_1,2410.0,541445.58,8672659.27,418.853,279.723,3.231,282.954,8.062,0.0,2.731,uncertain_temperate
dronbreen-20220328-DAT_0226_A1_1,2415.0,541447.71,8672663.18,418.719,279.589,2.814,282.403,7.593,0.0,2.739,uncertain_temperate
dronbreen-20220328-DAT_0226_A1_1,2420.0,541450.35,8672667.92,418.53,279.609,1.876,281.485,6.46,0.0,2.754,uncertain_temperate
dronbreen-20220328-DAT_0226_A1_1,2425.0,541452.6,8672671.83,418.346,279.633,1.251,280.884,5.653,0.0,2.762,uncertain_cold
dronbreen-20220328-DAT_0226_A1_1,2430.0,541455.36,8672676.66,418.133,279.524,0.625,280.149,5.935,0.0,2.772,uncertain_cold
dronbreen-20220328-DAT_0226_A1_1,2435.0,541457.52,8672680.56,417.983,279.375,0.73,280.104,5.177,0.0,2.77,uncertain_cold
dronbreen-20220328-DAT_0226_A1_1,2440.0,541460.12,8672685.34,417.824,279.319,0.313,279.632,4.444,0.0,2.777,uncertain_cold
dronbreen-20220328-DAT_0226_A1_1,2445.0,541462.41,8672689.63,417.684,279.179,0.625,279.805,1.146,0.0,2.77,certain_cold
dronbreen-20220328-DAT_0226_A1_1,2450.0,541464.77,8672694.18,417.493,279.093,0.0,279.093,0.0,0.0,2.777,certain_cold
dronbreen-20220328-DAT_0226_A1_1,2455.0,541467.15,8672698.77,417.308,278.804,0.0,278.804,0.0,0.0,2.779,certain_cold
dronbreen-20220328-DAT_0226_A1_1,2460.0,541469.19,8672702.68,417.149,278.749,0.0,278.749,0.0,0.0,2.781,certain_cold
dronbreen-20220328-DAT_0226_A1_1,2465.0,541471.43,8672706.84,416.972,278.571,0.0,278.571,0.0,0.0,2.781,certain_cold
dronbreen-20220328-DAT_0226_A1_1,2470.0,541474.23,8672711.83,416.769,278.264,0.0,278.264,0.0,0.0,2.781,certain_cold
dronbreen-20220328-DAT_0226_A1_1,2475.0,541476.44,8672715.62,416.659,277.946,0.0,277.946,0.0,0.0,2.781,certain_cold
dronbreen-20220328-DAT_0226_A1_1,2480.0,541479.19,8672720.17,416.567,277.854,0.0,277.854,0.0,0.0,2.785,certain_cold
dronbreen-20220328-DAT_0226_A1_1,2485.0,541481.79,8672724.59,416.542,277.62,0.0,277.62,0.0,0.0,2.789,certain_cold
dronbreen-20220328-DAT_0226_A1_1,2490.0,541484.14,8672728.7,416.525,277.499,0.0,277.499,0.0,0.0,2.791,certain_cold
dronbreen-20220328-DAT_0226_A1_1,2495.0,541486.84,8672733.3,416.487,277.149,0.0,277.149,0.0,0.0,2.799,certain_cold
dronbreen-20220328-DAT_0226_A1_1,2500.0,541489.2,8672737.23,416.418,276.871,0.0,276.871,0.0,0.0,2.801,certain_cold
dronbreen-20220328-DAT_0226_A1_1,2505.0,541491.89,8672741.65,416.328,276.677,0.0,276.677,0.0,0.0,2.804,certain_cold
dronbreen-20220328-DAT_0226_A1_1,2510.0,541494.49,8672746.08,416.183,276.428,0.0,276.428,0.0,0.0,2.808,certain_cold
dronbreen-20220328-DAT_0226_A1_1,2515.0,541496.99,8672750.49,416.042,276.078,0.0,276.078,0.0,0.0,2.812,certain_cold
dronbreen-20220328-DAT_0226_A1_1,2520.0,541499.32,8672754.82,415.934,275.762,0.0,275.762,0.0,0.0,2.816,certain_cold
dronbreen-20220328-DAT_0226_A1_1,2525.0,541501.56,8672758.96,415.858,275.478,0.0,275.478,0.0,0.0,2.818,certain_cold
dronbreen-20220328-DAT_0226_A1_1,2530.0,541504.48,8672764.06,415.786,275.197,0.0,275.197,0.0,0.0,2.822,certain_cold
dronbreen-20220328-DAT_0226_A1_1,2535.0,541507.11,8672768.36,415.677,274.775,0.0,274.775,0.0,0.0,2.828,certain_cold
dronbreen-20220328-DAT_0226_A1_1,2540.0,541509.21,8672771.71,415.591,274.481,0.0,274.481,0.0,0.0,2.831,certain_cold
dronbreen-20220328-DAT_0226_A1_1,2545.0,541512.06,8672776.27,415.479,274.16,0.0,274.16,0.0,0.0,2.835,certain_cold
dronbreen-20220328-DAT_0226_A1_1,2550.0,541514.88,8672780.54,415.398,273.871,0.0,273.871,0.0,0.0,2.843,certain_cold
dronbreen-20220328-DAT_0226_A1_1,2555.0,541517.91,8672785.26,415.273,273.433,0.0,273.433,0.0,0.0,2.849,certain_cold
dronbreen-20220328-DAT_0226_A1_1,2560.0,541519.89,8672788.48,415.186,273.138,0.0,273.138,0.0,0.0,2.853,certain_cold
dronbreen-20220328-DAT_0226_A1_1,2565.0,541522.66,8672793.03,415.077,272.82,0.0,272.82,0.0,0.0,2.862,certain_cold
dronbreen-20220328-DAT_0226_A1_1,2570.0,541525.52,8672797.78,414.955,272.491,0.0,272.491,0.0,0.0,2.866,certain_cold
dronbreen-20220328-DAT_0226_A1_1,2575.0,541528.16,8672801.89,414.826,272.153,0.0,272.153,0.0,0.0,2.87,certain_cold
dronbreen-20220328-DAT_0226_A1_1,2580.0,541531.0,8672806.44,414.666,271.784,0.0,271.784,0.0,0.0,2.874,certain_cold
dronbreen-20220328-DAT_0226_A1_1,2585.0,541533.56,8672810.56,414.557,271.467,0.0,271.467,0.0,0.0,2.876,certain_cold
dronbreen-20220328-DAT_0226_A1_1,2590.0,541535.81,8672814.25,414.483,271.185,0.0,271.185,0.0,0.0,2.88,certain_cold
dronbreen-20220328-DAT_0226_A1_1,2595.0,541538.98,8672819.22,414.38,270.873,0.0,270.873,0.0,0.0,2.882,certain_cold
dronbreen-20220328-DAT_0226_A1_1,2600.0,541541.64,8672823.27,414.257,270.542,0.0,270.542,0.0,0.0,2.889,certain_cold
dronbreen-20220328-DAT_0226_A1_1,2605.0,541544.35,8672827.33,414.08,270.156,0.0,270.156,0.0,0.0,2.893,certain_cold
dronbreen-20220328-DAT_0226_A1_1,2610.0,541547.14,8672831.2,413.848,269.716,0.0,269.716,0.0,0.0,2.897,certain_cold
dronbreen-20220328-DAT_0226_A1_1,2615.0,541549.93,8672835.25,413.594,269.254,0.0,269.254,0.0,0.0,2.899,certain_cold
dronbreen-20220328-DAT_0226_A1_1,2620.0,541552.79,8672839.31,413.38,268.935,0.0,268.935,0.0,0.0,2.903,certain_cold
dronbreen-20220328-DAT_0226_A1_1,2625.0,541555.85,8672843.78,413.201,268.443,0.0,268.443,0.0,0.0,2.907,certain_cold
dronbreen-20220328-DAT_0226_A1_1,2630.0,541558.15,8672847.35,413.05,268.084,0.0,268.084,0.0,0.0,2.911,certain_cold
dronbreen-20220328-DAT_0226_A1_1,2635.0,541560.69,8672851.46,412.854,267.784,0.0,267.784,0.0,0.0,2.914,certain_cold
dronbreen-20220328-DAT_0226_A1_1,2640.0,541563.21,8672855.7,412.63,267.352,0.0,267.352,0.0,0.0,2.918,certain_cold
dronbreen-20220328-DAT_0226_A1_1,2645.0,541565.9,8672860.14,412.305,266.714,0.0,266.714,0.0,0.0,2.924,certain_cold
dronbreen-20220328-DAT_0226_A1_1,2650.0,541568.8,8672865.3,411.923,266.019,0.0,266.019,0.0,0.0,2.93,certain_cold
dronbreen-20220328-DAT_0226_A1_1,2655.0,541570.96,8672869.09,411.684,265.572,0.0,265.572,0.0,0.0,2.934,certain_cold
dronbreen-20220328-DAT_0226_A1_1,2660.0,541573.25,8672873.13,411.435,265.219,0.0,265.219,0.0,0.0,2.936,certain_cold
dronbreen-20220328-DAT_0226_A1_1,2665.0,541575.81,8672877.61,411.152,264.623,0.0,264.623,0.0,0.0,2.943,certain_cold
dronbreen-20220328-DAT_0226_A1_1,2670.0,541578.44,8672881.98,410.871,264.133,0.0,264.133,0.0,0.0,2.947,certain_cold
dronbreen-20220328-DAT_0226_A1_1,2675.0,541580.85,8672886.09,410.623,263.781,0.0,263.781,0.0,0.0,2.951,certain_cold
dronbreen-20220328-DAT_0226_A1_1,2680.0,541583.61,8672890.7,410.347,263.401,0.0,263.401,0.0,0.0,2.955,certain_cold
dronbreen-20220328-DAT_0226_A1_1,2685.0,541586.2,8672894.56,410.087,262.724,0.0,262.724,0.0,0.0,2.961,certain_cold
dronbreen-20220328-DAT_0226_A1_1,2690.0,541588.8,8672898.73,409.817,262.245,0.0,262.245,0.0,0.0,2.963,certain_cold
dronbreen-20220328-DAT_0226_A1_1,2695.0,541591.5,8672903.04,409.557,261.777,0.0,261.777,0.0,0.0,2.968,certain_cold
dronbreen-20220328-DAT_0226_A1_1,2700.0,541594.71,8672908.35,409.236,261.456,0.0,261.456,0.0,0.0,2.97,certain_cold
dronbreen-20220328-DAT_0226_A1_1,2705.0,541596.92,8672912.23,408.996,261.112,0.0,261.112,0.0,0.0,2.97,certain_cold
dronbreen-20220328-DAT_0226_A1_1,2710.0,541599.31,8672916.68,408.7,261.024,0.0,261.024,0.0,0.0,2.965,certain_cold
dronbreen-20220328-DAT_0226_A1_1,2715.0,541601.87,8672921.04,408.348,260.673,0.104,260.777,1.355,0.0,2.963,certain_cold
dronbreen-20220328-DAT_0226_A1_1,2720.0,541604.33,8672925.7,407.98,260.304,0.0,260.304,7.24,0.0,2.965,uncertain_cold
dronbreen-20220328-DAT_0226_A1_1,2725.0,541606.32,8672929.59,407.692,259.808,0.208,260.017,8.176,0.0,2.965,uncertain_cold
dronbreen-20220328-DAT_0226_A1_1,2730.0,541608.7,8672933.9,407.37,259.382,0.313,259.694,9.012,0.0,2.965,uncertain_cold
dronbreen-20220328-DAT_0226_A1_1,2735.0,541611.05,8672938.16,407.062,258.97,0.313,259.283,9.761,0.0,2.968,uncertain_cold
dronbreen-20220328-DAT_0226_A1_1,2740.0,541613.62,8672942.86,406.741,258.44,0.313,258.753,10.926,0.0,2.972,uncertain_cold
dronbreen-20220328-DAT_0226_A1_1,2745.0,541615.78,8672946.78,406.486,258.185,0.104,258.289,11.634,0.0,2.976,uncertain_cold
dronbreen-20220328-DAT_0226_A1_1,2750.0,541618.51,8672951.64,406.175,257.978,0.0,257.978,12.357,0.0,2.976,uncertain_cold
dronbreen-20220328-DAT_0226_A1_1,2755.0,541620.77,8672955.49,405.918,257.826,0.0,257.826,12.998,0.0,2.974,uncertain_cold
dronbreen-20220328-DAT_0226_A1_1,2760.0,541623.77,8672960.61,405.551,257.563,0.104,257.667,13.713,0.0,2.97,uncertain_cold
dronbreen-20220328-DAT_0226_A1_1,2765.0,541625.74,8672964.02,405.292,257.304,0.104,257.408,14.234,0.0,2.97,uncertain_cold
dronbreen-20220328-DAT_0226_A1_1,2770.0,541628.41,8672968.49,404.932,257.152,0.104,257.256,14.97,0.0,2.965,uncertain_cold
dronbreen-20220328-DAT_0226_A1_1,2775.0,541631.24,8672973.12,404.551,256.98,0.0,256.98,15.801,0.0,2.963,uncertain_cold
dronbreen-20220328-DAT_0226_A1_1,2780.0,541633.5,8672976.85,404.26,256.793,0.104,256.897,16.423,0.0,2.959,uncertain_cold
dronbreen-20220328-DAT_0226_A1_1,2785.0,541636.23,8672981.46,403.903,256.54,0.104,256.644,17.15,0.0,2.957,uncertain_cold
dronbreen-20220328-DAT_0226_A1_1,2790.0,541638.82,8672986.06,403.574,256.42,0.104,256.524,17.786,0.0,2.953,uncertain_cold
dronbreen-20220328-DAT_0226_A1_1,2795.0,541641.07,8672990.05,403.282,256.336,0.104,256.441,18.303,0.0,2.949,uncertain_cold
dronbreen-20220328-DAT_0226_A1_1,2800.0,541643.45,8672994.34,402.945,256.208,0.104,256.312,18.924,0.0,2.945,uncertain_cold
dronbreen-20220328-DAT_0226_A1_1,2805.0,541646.39,8672999.52,402.55,255.917,0.208,256.125,19.754,0.0,2.941,uncertain_cold
dronbreen-20220328-DAT_0226_A1_1,2810.0,541648.75,8673003.81,402.272,255.639,0.417,256.056,20.479,0.0,2.936,uncertain_cold
dronbreen-20220328-DAT_0226_A1_1,2815.0,541651.02,8673008.1,402.026,255.497,0.521,256.018,21.179,0.0,2.932,uncertain_cold
dronbreen-20220328-DAT_0226_A1_1,2820.0,541653.28,8673012.51,401.8,255.479,0.313,255.792,21.691,0.0,2.932,uncertain_cold
dronbreen-20220328-DAT_0226_A1_1,2825.0,541655.55,8673016.86,401.575,255.359,0.208,255.567,22.212,0.0,2.932,uncertain_cold
dronbreen-20220328-DAT_0226_A1_1,2830.0,541657.57,8673020.88,401.337,255.225,0.104,255.329,23.048,0.0,2.932,uncertain_cold
dronbreen-20220328-DAT_0226_A1_1,2835.0,541659.7,8673025.43,401.038,255.03,0.104,255.134,23.776,0.0,2.93,uncertain_cold
dronbreen-20220328-DAT_0226_A1_1,2840.0,541661.58,8673029.7,400.748,254.844,0.0,254.844,24.399,0.0,2.93,uncertain_cold
dronbreen-20220328-DAT_0226_A1_1,2845.0,541663.76,8673034.7,400.381,254.477,0.0,254.477,25.233,0.0,2.93,uncertain_cold
dronbreen-20220328-DAT_0226_A1_1,2850.0,541666.24,8673040.08,400.019,254.01,0.104,254.115,25.858,0.0,2.93,uncertain_cold
dronbreen-20220328-DAT_0226_A1_1,2855.0,541667.96,8673043.86,399.804,253.9,0.0,253.9,26.069,0.0,2.93,uncertain_cold
dronbreen-20220328-DAT_0226_A1_1,2860.0,541670.19,8673048.64,399.546,253.642,0.104,253.746,26.501,0.0,2.928,uncertain_cold
dronbreen-20220328-DAT_0226_A1_1,2865.0,541672.11,8673052.83,399.307,253.507,0.208,253.716,26.705,0.0,2.924,uncertain_cold
dronbreen-20220328-DAT_0226_A1_1,2870.0,541674.02,8673057.01,399.041,253.346,0.208,253.554,26.911,0.0,2.922,uncertain_cold
dronbreen-20220328-DAT_0226_A1_1,2875.0,541676.22,8673061.61,398.774,253.287,0.208,253.495,25.24,0.0,2.918,uncertain_cold
dronbreen-20220328-DAT_0226_A1_1,2880.0,541678.46,8673066.3,398.512,253.025,0.313,253.338,22.32,0.0,2.916,uncertain_cold
dronbreen-20220328-DAT_0226_A1_1,2885.0,541680.64,8673070.71,398.261,252.774,0.521,253.295,19.308,0.0,2.911,uncertain_cold
dronbreen-20220328-DAT_0226_A1_1,2890.0,541683.13,8673075.78,397.958,252.575,0.625,253.201,15.448,0.0,2.907,uncertain_cold
dronbreen-20220328-DAT_0226_A1_1,2895.0,541685.25,8673080.19,397.69,252.411,0.73,253.141,11.573,0.0,2.903,uncertain_cold
dronbreen-20220328-DAT_0226_A1_1,2900.0,541687.2,8673084.28,397.446,252.271,0.73,253.001,8.444,0.0,2.901,uncertain_cold
dronbreen-20220328-DAT_0226_A1_1,2905.0,541689.25,8673088.56,397.183,252.217,0.73,252.946,4.48,0.0,2.897,uncertain_cold
dronbreen-20220328-DAT_0226_A1_1,2910.0,541691.58,8673093.26,396.887,252.026,0.0,252.026,0.0,0.0,2.895,certain_cold
dronbreen-20220328-DAT_0226_A1_1,2915.0,541694.09,8673097.71,396.601,251.948,0.0,251.948,0.0,0.0,2.891,certain_cold
dronbreen-20220328-DAT_0226_A1_1,2920.0,541696.74,8673102.63,396.301,251.856,0.0,251.856,0.0,0.0,2.889,certain_cold
dronbreen-20220328-DAT_0226_A1_1,2925.0,541698.72,8673106.52,396.074,251.733,0.0,251.733,0.0,0.0,2.887,certain_cold
dronbreen-20220328-DAT_0226_A1_1,2930.0,541700.86,8673110.84,395.812,251.576,0.0,251.576,0.0,0.0,2.884,certain_cold
dronbreen-20220328-DAT_0226_A1_1,2935.0,541703.24,8673115.58,395.527,251.499,0.0,251.499,0.0,0.0,2.882,certain_cold
dronbreen-20220328-DAT_0226_A1_1,2940.0,541705.47,8673120.39,395.22,251.4,0.0,251.4,0.0,0.0,2.88,certain_cold
dronbreen-20220328-DAT_0226_A1_1,2945.0,541707.58,8673124.92,394.917,251.202,0.0,251.202,0.0,0.0,2.878,certain_cold
dronbreen-20220328-DAT_0226_A1_1,2950.0,541709.86,8673129.78,394.63,251.123,0.0,251.123,0.0,0.0,2.876,certain_cold
dronbreen-20220328-DAT_0226_A1_1,2955.0,541711.59,8673133.42,394.417,251.014,0.0,251.014,0.0,0.0,2.876,certain_cold
dronbreen-20220328-DAT_0226_A1_1,2960.0,541714.05,8673138.71,394.09,250.896,0.0,250.896,0.0,0.0,2.872,certain_cold
dronbreen-20220328-DAT_0226_A1_1,2965.0,541716.1,8673143.24,393.763,250.777,0.0,250.777,0.0,0.0,2.87,certain_cold
dronbreen-20220328-DAT_0226_A1_1,2970.0,541718.13,8673147.71,393.433,250.552,0.0,250.552,0.0,0.0,2.866,certain_cold
dronbreen-20220328-DAT_0226_A1_1,2975.0,541720.14,8673152.11,393.101,250.428,0.0,250.428,0.0,0.0,2.864,certain_cold
dronbreen-20220328-DAT_0226_A1_1,2980.0,541722.15,8673156.76,392.728,250.159,0.0,250.159,0.0,0.0,2.86,certain_cold
dronbreen-20220328-DAT_0226_A1_1,2985.0,541723.98,8673161.16,392.427,250.067,0.0,250.067,0.0,0.0,2.857,certain_cold
dronbreen-20220328-DAT_0226_A1_1,2990.0,541725.8,8673165.56,392.164,249.908,0.0,249.908,0.0,0.0,2.855,certain_cold
dronbreen-20220328-DAT_0226_A1_1,2995.0,541727.84,8673170.59,391.84,249.687,0.0,249.687,0.0,0.0,2.851,certain_cold
dronbreen-20220328-DAT_0226_A1_1,3000.0,541729.82,8673175.36,391.537,249.594,0.0,249.594,0.0,0.0,2.849,certain_cold
dronbreen-20220328-DAT_0226_A1_1,3005.0,541731.72,8673180.01,391.259,249.524,0.0,249.524,0.0,0.0,2.845,certain_cold
dronbreen-20220328-DAT_0226_A1_1,3010.0,541733.57,8673184.54,390.928,249.401,0.0,249.401,0.0,0.0,2.843,certain_cold
dronbreen-20220328-DAT_0226_A1_1,3015.0,541735.45,8673189.06,390.576,249.154,0.0,249.154,0.0,0.0,2.839,certain_cold
dronbreen-20220328-DAT_0226_A1_1,3020.0,541737.27,8673193.37,390.219,249.005,0.0,249.005,0.0,0.0,2.837,certain_cold
dronbreen-20220328-DAT_0226_A1_1,3025.0,541739.38,8673198.49,389.819,248.813,0.0,248.813,0.0,0.0,2.831,certain_cold
dronbreen-20220328-DAT_0226_A1_1,3030.0,541741.29,8673202.92,389.511,248.818,0.0,248.818,0.0,0.0,2.824,certain_cold
dronbreen-20220328-DAT_0226_A1_1,3035.0,541743.37,8673207.73,389.172,248.687,0.0,248.687,0.0,0.0,2.82,certain_cold
dronbreen-20220328-DAT_0226_A1_1,3040.0,541745.27,8673212.44,388.838,248.667,0.0,248.667,0.0,0.0,2.816,certain_cold
dronbreen-20220328-DAT_0226_A1_1,3045.0,541746.85,8673216.53,388.566,248.602,0.0,248.602,0.0,0.0,2.812,certain_cold
dronbreen-20220328-DAT_0226_A1_1,3050.0,541748.73,8673221.39,388.234,248.583,0.0,248.583,0.0,0.0,2.806,certain_cold
dronbreen-20220328-DAT_0226_A1_1,3055.0,541750.32,8673225.44,387.934,248.492,0.0,248.492,0.0,0.0,2.801,certain_cold
dronbreen-20220328-DAT_0226_A1_1,3060.0,541752.5,8673231.0,387.498,248.264,0.0,248.264,0.0,0.0,2.797,certain_cold
dronbreen-20220328-DAT_0226_A1_1,3065.0,541753.97,8673234.73,387.202,248.176,0.0,248.176,0.0,0.0,2.793,certain_cold
dronbreen-20220328-DAT_0226_A1_1,3070.0,541755.71,8673239.5,386.84,247.919,0.0,247.919,0.0,0.0,2.789,certain_cold
dronbreen-20220328-DAT_0226_A1_1,3075.0,541757.74,8673245.12,386.423,247.815,0.0,247.815,0.0,0.0,2.785,certain_cold
dronbreen-20220328-DAT_0226_A1_1,3080.0,541759.09,8673248.85,386.136,247.632,0.0,247.632,0.0,0.0,2.783,certain_cold
dronbreen-20220328-DAT_0226_A1_1,3085.0,541760.7,8673253.74,385.764,247.26,0.0,247.26,0.0,0.0,2.779,certain_cold
dronbreen-20220328-DAT_0226_A1_1,3090.0,541762.37,8673258.57,385.394,247.098,0.0,247.098,0.0,0.0,2.774,certain_cold
dronbreen-20220328-DAT_0226_A1_1,3095.0,541763.99,8673263.33,385.022,247.038,0.0,247.038,0.0,0.0,2.77,certain_cold
dronbreen-20220328-DAT_0226_A1_1,3100.0,541765.54,8673268.22,384.632,246.753,0.0,246.753,0.0,0.0,2.766,certain_cold
dronbreen-20220328-DAT_0226_A1_1,3105.0,541767.13,8673273.04,384.227,246.556,0.0,246.556,0.0,0.0,2.762,certain_cold
dronbreen-20220328-DAT_0226_A1_1,3110.0,541768.71,8673277.7,383.823,246.361,0.0,246.361,0.0,0.0,2.76,certain_cold
dronbreen-20220328-DAT_0226_A1_1,3115.0,541770.48,8673282.76,383.416,246.162,0.0,246.162,0.0,0.0,2.756,certain_cold
dronbreen-20220328-DAT_0226_A1_1,3120.0,541772.12,8673287.53,383.046,245.896,0.0,245.896,0.0,0.0,2.754,certain_cold
dronbreen-20220328-DAT_0226_A1_1,3125.0,541773.69,8673292.1,382.688,245.851,0.0,245.851,0.0,0.0,2.75,certain_cold
dronbreen-20220328-DAT_0226_A1_1,3130.0,541775.43,8673297.17,382.283,245.655,0.0,245.655,0.0,0.0,2.743,certain_cold
dronbreen-20220328-DAT_0226_A1_1,3135.0,541776.84,8673301.82,381.917,245.393,0.0,245.393,0.0,0.0,2.739,certain_cold
dronbreen-20220328-DAT_0226_A1_1,3140.0,541778.07,8673306.11,381.596,245.28,0.0,245.28,0.0,0.0,2.737,certain_cold
dronbreen-20220328-DAT_0226_A1_1,3145.0,541779.34,8673310.58,381.262,245.051,0.0,245.051,0.0,0.0,2.733,certain_cold
dronbreen-20220328-DAT_0226_A1_1,3150.0,541780.88,8673316.04,380.87,244.867,0.0,244.867,0.0,0.0,2.729,certain_cold
dronbreen-20220328-DAT_0226_A1_1,3155.0,541782.23,8673320.78,380.536,244.741,0.0,244.741,0.0,0.0,2.725,certain_cold
dronbreen-20220328-DAT_0226_A1_1,3160.0,541783.58,8673325.54,380.197,244.611,0.0,244.611,0.0,0.0,2.723,certain_cold
dronbreen-20220328-DAT_0226_A1_1,3165.0,541784.99,8673330.3,379.849,244.471,0.0,244.471,0.0,0.0,2.718,certain_cold
dronbreen-20220328-DAT_0226_A1_1,3170.0,541786.41,8673335.24,379.495,244.326,0.0,244.326,0.0,0.0,2.716,certain_cold
dronbreen-20220328-DAT_0226_A1_1,3175.0,541787.81,8673340.0,379.124,244.058,0.0,244.058,0.0,0.0,2.714,certain_cold
dronbreen-20220328-DAT_0226_A1_1,3180.0,541789.25,8673344.63,378.686,243.725,0.0,243.725,0.0,0.0,2.712,certain_cold
dronbreen-20220328-DAT_0226_A1_1,3185.0,541790.69,8673349.33,378.244,243.491,0.0,243.491,0.0,0.0,2.708,certain_cold
dronbreen-20220328-DAT_0226_A1_1,3190.0,541792.1,8673354.09,377.904,243.256,0.0,243.256,0.0,0.0,2.706,certain_cold
dronbreen-20220328-DAT_0226_A1_1,3195.0,541793.58,8673358.97,377.52,243.08,0.0,243.08,0.0,0.0,2.702,certain_cold
dronbreen-20220328-DAT_0226_A1_1,3200.0,541795.02,8673363.98,377.143,243.015,0.0,243.015,0.0,0.0,2.696,certain_cold
dronbreen-20220328-DAT_0226_A1_1,3205.0,541796.35,8673368.99,376.842,242.923,0.0,242.923,0.0,0.0,2.692,certain_cold
dronbreen-20220328-DAT_0226_A1_1,3210.0,541797.63,8673373.63,376.463,242.753,0.0,242.753,0.0,0.0,2.687,certain_cold
dronbreen-20220328-DAT_0226_A1_1,3215.0,541798.81,8673377.92,376.094,242.488,0.0,242.488,0.0,0.0,2.685,certain_cold
dronbreen-20220328-DAT_0226_A1_1,3220.0,541800.45,8673383.46,375.696,242.298,0.0,242.298,0.0,0.0,2.681,certain_cold
dronbreen-20220328-DAT_0226_A1_1,3225.0,541801.95,8673388.51,375.267,242.077,0.0,242.077,0.0,0.0,2.677,certain_cold
dronbreen-20220328-DAT_0226_A1_1,3230.0,541803.26,8673393.27,374.859,241.774,0.0,241.774,0.0,0.0,2.675,certain_cold
dronbreen-20220328-DAT_0226_A1_1,3235.0,541804.4,8673397.24,374.537,241.66,0.0,241.66,0.0,0.0,2.671,certain_cold
dronbreen-20220328-DAT_0226_A1_1,3240.0,541805.76,8673402.0,374.157,241.385,0.0,241.385,0.0,0.0,2.669,certain_cold
dronbreen-20220328-DAT_0226_A1_1,3245.0,541807.27,8673407.16,373.754,241.19,0.0,241.19,0.0,0.0,2.665,certain_cold
dronbreen-20220328-DAT_0226_A1_1,3250.0,541808.79,8673412.33,373.341,241.09,0.0,241.09,0.0,0.0,2.658,certain_cold
dronbreen-20220328-DAT_0226_A1_1,3255.0,541810.21,8673416.82,372.969,240.822,0.0,240.822,0.0,0.0,2.656,certain_cold
dronbreen-20220328-DAT_0226_A1_1,3260.0,541811.83,8673421.73,372.556,240.617,0.0,240.617,0.0,0.0,2.652,certain_cold
dronbreen-20220328-DAT_0226_A1_1,3265.0,541813.21,8673426.05,372.191,240.564,0.0,240.564,0.0,0.0,2.646,certain_cold
dronbreen-20220328-DAT_0226_A1_1,3270.0,541814.82,8673431.41,371.733,240.316,0.0,240.316,0.0,0.0,2.642,certain_cold
dronbreen-20220328-DAT_0226_A1_1,3275.0,541816.24,8673436.23,371.326,240.117,0.0,240.117,0.0,0.0,2.638,certain_cold
dronbreen-20220328-DAT_0226_A1_1,3280.0,541817.47,8673440.61,370.961,239.96,0.0,239.96,0.0,0.0,2.633,certain_cold
dronbreen-20220328-DAT_0226_A1_1,3285.0,541818.74,8673444.99,370.59,239.693,0.0,239.693,0.0,0.0,2.631,certain_cold
dronbreen-20220328-DAT_0226_A1_1,3290.0,541820.22,8673450.0,370.162,239.37,0.0,239.37,0.0,0.0,2.629,certain_cold
dronbreen-20220328-DAT_0226_A1_1,3295.0,541821.74,8673454.88,369.719,239.135,0.0,239.135,0.0,0.0,2.625,certain_cold
dronbreen-20220328-DAT_0226_A1_1,3300.0,541823.2,8673459.52,369.291,238.915,0.0,238.915,0.0,0.0,2.621,certain_cold
dronbreen-20220328-DAT_0226_A1_1,3305.0,541824.79,8673464.68,368.841,238.674,0.0,238.674,0.0,0.0,2.617,certain_cold
dronbreen-20220328-DAT_0226_A1_1,3310.0,541826.22,8673469.45,368.43,238.471,0.0,238.471,0.0,0.0,2.613,certain_cold
dronbreen-20220328-DAT_0226_A1_1,3315.0,541827.44,8673473.61,368.061,238.311,0.0,238.311,0.0,0.0,2.609,certain_cold
dronbreen-20220328-DAT_0226_A1_1,3320.0,541828.87,8673478.37,367.632,237.986,0.0,237.986,0.0,0.0,2.606,certain_cold
dronbreen-20220328-DAT_0226_A1_1,3325.0,541830.59,8673483.91,367.137,237.595,0.0,237.595,0.0,0.0,2.604,certain_cold
dronbreen-20220328-DAT_0226_A1_1,3330.0,541832.03,8673488.38,366.748,237.415,0.0,237.415,0.0,0.0,2.6,certain_cold
dronbreen-20220328-DAT_0226_A1_1,3335.0,541833.89,8673493.78,366.26,237.24,0.0,237.24,0.0,0.0,2.594,certain_cold
dronbreen-20220328-DAT_0226_A1_1,3340.0,541835.38,8673498.42,365.832,237.02,0.0,237.02,0.0,0.0,2.59,certain_cold
dronbreen-20220328-DAT_0226_A1_1,3345.0,541836.91,8673503.0,365.391,236.891,0.0,236.891,0.0,0.0,2.584,certain_cold
dronbreen-20220328-DAT_0226_A1_1,3350.0,541838.27,8673507.75,364.946,236.654,0.0,236.654,0.0,0.0,2.58,certain_cold
dronbreen-20220328-DAT_0226_A1_1,3355.0,541839.62,8673512.39,364.503,236.42,0.0,236.42,0.0,0.0,2.575,certain_cold
dronbreen-20220328-DAT_0226_A1_1,3360.0,541840.87,8673517.08,364.047,236.173,0.0,236.173,0.0,0.0,2.571,certain_cold
dronbreen-20220328-DAT_0226_A1_1,3365.0,541842.12,8673521.83,363.585,235.919,0.0,235.919,0.0,0.0,2.567,certain_cold
dronbreen-20220328-DAT_0226_A1_1,3370.0,541843.48,8673526.74,363.124,235.666,0.0,235.666,0.0,0.0,2.563,certain_cold
dronbreen-20220328-DAT_0226_A1_1,3375.0,541844.72,8673531.15,362.724,235.475,0.0,235.475,0.0,0.0,2.559,certain_cold
dronbreen-20220328-DAT_0226_A1_1,3380.0,541846.35,8673536.04,362.283,235.346,0.0,235.346,0.0,0.0,2.553,certain_cold
dronbreen-20220328-DAT_0226_A1_1,3385.0,541847.94,8673540.93,361.839,235.111,0.0,235.111,0.0,0.0,2.548,certain_cold
dronbreen-20220328-DAT_0226_A1_1,3390.0,541849.83,8673546.39,361.336,235.024,0.0,235.024,0.0,0.0,2.54,certain_cold
dronbreen-20220328-DAT_0226_A1_1,3395.0,541851.42,8673550.9,360.92,234.817,0.0,234.817,0.0,0.0,2.536,certain_cold
dronbreen-20220328-DAT_0226_A1_1,3400.0,541852.9,8673555.14,360.528,234.634,0.0,234.634,0.0,0.0,2.532,certain_cold
dronbreen-20220328-DAT_0226_A1_1,3405.0,541854.55,8673560.35,360.039,234.458,0.0,234.458,0.0,0.0,2.526,certain_cold
dronbreen-20220328-DAT_0226_A1_1,3410.0,541855.86,8673564.63,359.626,234.357,0.0,234.357,0.0,0.0,2.519,certain_cold
dronbreen-20220328-DAT_0226_A1_1,3415.0,541857.14,8673569.21,359.159,234.202,0.0,234.202,0.0,0.0,2.513,certain_cold
dronbreen-20220328-DAT_0226_A1_1,3420.0,541858.57,8673574.31,358.632,233.884,0.0,233.884,0.0,0.0,2.505,certain_cold
dronbreen-20220328-DAT_0226_A1_1,3425.0,541859.86,8673578.89,358.168,233.733,0.0,233.733,0.0,0.0,2.499,certain_cold
dronbreen-20220328-DAT_0226_A1_1,3430.0,541861.14,8673583.59,357.701,233.474,0.0,233.474,0.0,0.0,2.497,certain_cold
dronbreen-20220328-DAT_0226_A1_1,3435.0,541862.78,8673589.41,357.153,233.239,0.0,233.239,0.0,0.0,2.492,certain_cold
dronbreen-20220328-DAT_0226_A1_1,3440.0,541864.24,8673594.17,356.719,233.118,0.0,233.118,0.0,0.0,2.486,certain_cold
dronbreen-20220328-DAT_0226_A1_1,3445.0,541865.47,8673598.42,356.331,232.938,0.0,232.938,0.0,0.0,2.482,certain_cold
dronbreen-20220328-DAT_0226_A1_1,3450.0,541866.89,8673603.86,355.816,232.839,0.0,232.839,0.0,0.0,2.474,certain_cold
dronbreen-20220328-DAT_0226_A1_1,3455.0,541868.06,8673608.13,355.373,232.605,0.0,232.605,0.0,0.0,2.47,certain_cold
dronbreen-20220328-DAT_0226_A1_1,3460.0,541869.47,8673613.19,354.848,232.498,0.0,232.498,0.0,0.0,2.461,certain_cold
dronbreen-20220328-DAT_0226_A1_1,3465.0,541870.89,8673617.95,354.352,232.314,0.0,232.314,0.0,0.0,2.455,certain_cold
dronbreen-20220328-DAT_0226_A1_1,3470.0,541872.24,8673622.7,353.881,232.26,0.0,232.26,0.0,0.0,2.447,certain_cold
dronbreen-20220328-DAT_0226_A1_1,3475.0,541873.39,8673627.17,353.436,232.023,0.0,232.023,0.0,0.0,2.443,certain_cold
dronbreen-20220328-DAT_0226_A1_1,3480.0,541874.73,8673632.39,352.913,231.812,0.0,231.812,0.0,0.0,2.437,certain_cold
dronbreen-20220328-DAT_0226_A1_1,3485.0,541875.97,8673637.15,352.418,231.631,0.0,231.631,0.0,0.0,2.43,certain_cold
dronbreen-20220328-DAT_0226_A1_1,3490.0,541877.27,8673642.03,351.926,231.346,0.0,231.346,0.0,0.0,2.424,certain_cold
dronbreen-20220328-DAT_0226_A1_1,3495.0,541878.57,8673646.84,351.453,231.083,0.0,231.083,0.0,0.0,2.42,certain_cold
dronbreen-20220328-DAT_0226_A1_1,3500.0,541879.67,8673651.3,351.014,230.956,0.0,230.956,0.0,0.0,2.412,certain_cold
dronbreen-20220328-DAT_0226_A1_1,3505.0,541880.98,8673656.35,350.52,230.775,0.0,230.775,0.0,0.0,2.405,certain_cold
dronbreen-20220328-DAT_0226_A1_1,3510.0,541882.3,8673660.92,350.077,230.54,0.0,230.54,0.0,0.0,2.399,certain_cold
dronbreen-20220328-DAT_0226_A1_1,3515.0,541883.89,8673666.43,349.534,230.414,0.0,230.414,0.0,0.0,2.391,certain_cold
dronbreen-20220328-DAT_0226_A1_1,3520.0,541885.17,8673670.87,349.077,230.165,0.0,230.165,0.0,0.0,2.387,certain_cold
dronbreen-20220328-DAT_0226_A1_1,3525.0,541886.47,8673675.75,348.549,229.846,0.0,229.846,0.0,0.0,2.381,certain_cold
dronbreen-20220328-DAT_0226_A1_1,3530.0,541887.76,8673680.57,348.021,229.526,0.0,229.526,0.0,0.0,2.376,certain_cold
dronbreen-20220328-DAT_0226_A1_1,3535.0,541888.96,8673685.5,347.509,229.326,0.0,229.326,0.0,0.0,2.37,certain_cold
dronbreen-20220328-DAT_0226_A1_1,3540.0,541890.03,8673690.0,347.073,229.099,0.0,229.099,0.0,0.0,2.366,certain_cold
dronbreen-20220328-DAT_0226_A1_1,3545.0,541891.27,8673695.32,346.572,228.911,0.0,228.911,0.0,0.0,2.36,certain_cold
dronbreen-20220328-DAT_0226_A1_1,3550.0,541892.44,8673700.31,346.099,228.647,0.0,228.647,0.0,0.0,2.354,certain_cold
dronbreen-20220328-DAT_0226_A1_1,3555.0,541893.67,8673705.13,345.636,228.392,0.0,228.392,0.0,0.0,2.35,certain_cold
dronbreen-20220328-DAT_0226_A1_1,3560.0,541894.75,8673709.32,345.232,228.196,0.0,228.196,0.0,0.0,2.345,certain_cold
dronbreen-20220328-DAT_0226_A1_1,3565.0,541896.13,8673714.57,344.712,227.989,0.0,227.989,0.0,0.0,2.341,certain_cold
dronbreen-20220328-DAT_0226_A1_1,3570.0,541897.49,8673719.4,344.236,227.721,0.0,227.721,0.0,0.0,2.339,certain_cold
dronbreen-20220328-DAT_0226_A1_1,3575.0,541899.0,8673724.53,343.739,227.433,0.0,227.433,0.0,0.0,2.335,certain_cold
dronbreen-20220328-DAT_0226_A1_1,3580.0,541900.25,8673728.97,343.329,227.336,0.0,227.336,0.0,0.0,2.329,certain_cold
dronbreen-20220328-DAT_0226_A1_1,3585.0,541901.57,8673733.23,342.969,227.184,0.0,227.184,0.0,0.0,2.314,certain_cold
dronbreen-20220328-DAT_0226_A1_1,3590.0,541903.27,8673739.05,342.466,226.889,0.0,226.889,0.0,0.0,2.308,certain_cold
dronbreen-20220328-DAT_0226_A1_1,3595.0,541904.64,8673743.93,342.033,226.664,0.0,226.664,0.0,0.0,2.304,certain_cold
dronbreen-20220328-DAT_0226_A1_1,3600.0,541905.76,8673747.86,341.68,226.52,0.0,226.52,0.0,0.0,2.298,uncertain_cold
dronbreen-20220328-DAT_0226_A1_1,3605.0,541907.39,8673753.51,341.179,226.332,0.0,226.332,0.0,0.0,2.292,uncertain_cold
dronbreen-20220328-DAT_0226_A1_1,3610.0,541908.54,8673757.58,340.829,226.19,0.0,226.19,0.0,0.0,2.287,certain_cold
dronbreen-20220328-DAT_0226_A1_1,3615.0,541909.91,8673762.24,340.427,225.997,0.0,225.997,0.0,0.0,2.283,uncertain_cold
dronbreen-20220328-DAT_0226_A1_1,3620.0,541911.46,8673767.41,339.986,225.868,0.0,225.868,0.0,0.0,2.279,uncertain_cold
dronbreen-20220328-DAT_0226_A1_1,3625.0,541912.92,8673772.17,339.585,225.676,0.0,225.676,0.0,0.0,2.277,uncertain_cold
dronbreen-20220328-DAT_0226_A1_1,3630.0,541914.41,8673776.74,339.248,225.547,0.0,225.547,0.0,0.0,2.275,uncertain_cold
dronbreen-20220328-DAT_0226_A1_1,3635.0,541916.04,8673781.29,338.916,225.528,0.0,225.528,0.0,0.0,2.271,certain_cold
dronbreen-20220328-DAT_0226_A1_1,3640.0,541917.78,8673785.93,338.576,225.396,0.0,225.396,0.0,0.0,2.269,certain_cold
dronbreen-20220328-DAT_0226_A1_1,3645.0,541919.82,8673791.29,338.178,225.207,0.0,225.207,0.0,0.0,2.267,certain_cold
dronbreen-20220328-DAT_0226_A1_1,3650.0,541921.23,8673795.38,337.866,225.208,0.0,225.208,0.0,0.0,2.267,certain_cold
dronbreen-20220328-DAT_0226_A1_1,3655.0,541922.93,8673800.46,337.498,225.048,0.0,225.048,0.0,0.0,2.265,certain_cold
dronbreen-20220328-DAT_0226_A1_1,3660.0,541924.6,8673805.1,337.168,224.926,0.0,224.926,0.0,0.0,2.26,certain_cold
dronbreen-20220328-DAT_0226_A1_1,3665.0,541926.26,8673809.55,336.851,224.817,0.0,224.817,0.0,0.0,2.256,certain_cold
dronbreen-20220328-DAT_0226_A1_1,3670.0,541928.2,8673814.62,336.487,224.766,0.0,224.766,0.0,0.0,2.25,certain_cold
dronbreen-20220328-DAT_0226_A1_1,3675.0,541929.88,8673819.16,336.169,224.657,0.0,224.657,0.0,0.0,2.246,certain_cold
dronbreen-20220328-DAT_0226_A1_1,3680.0,541931.64,8673824.2,335.833,224.425,0.0,224.425,0.0,0.0,2.244,certain_cold
dronbreen-20220328-DAT_0226_A1_1,3685.0,541933.01,8673828.31,335.557,224.253,0.0,224.253,0.0,0.0,2.242,certain_cold
dronbreen-20220328-DAT_0226_A1_1,3690.0,541934.75,8673833.76,335.17,224.283,0.0,224.283,0.0,0.0,2.234,certain_cold
dronbreen-20220328-DAT_0226_A1_1,3695.0,541936.14,8673837.96,334.852,224.173,0.0,224.173,0.0,0.0,2.229,certain_cold
dronbreen-20220328-DAT_0226_A1_1,3700.0,541937.87,8673842.98,334.484,224.013,0.0,224.013,0.0,0.0,2.225,certain_cold
dronbreen-20220328-DAT_0226_A1_1,3705.0,541939.27,8673847.21,334.133,223.976,0.0,223.976,0.0,0.0,2.219,certain_cold
dronbreen-20220328-DAT_0226_A1_1,3710.0,541940.73,8673851.54,333.783,223.834,0.0,223.834,0.0,0.0,2.215,certain_cold
dronbreen-20220328-DAT_0226_A1_1,3715.0,541942.63,8673857.27,333.346,223.71,0.0,223.71,0.0,0.0,2.209,certain_cold
dronbreen-20220328-DAT_0226_A1_1,3720.0,541944.2,8673861.93,333.042,223.614,0.0,223.614,0.0,0.0,2.205,certain_cold
dronbreen-20220328-DAT_0226_A1_1,3725.0,541945.92,8673866.95,332.729,223.51,0.0,223.51,0.0,0.0,2.2,certain_cold
dronbreen-20220328-DAT_0226_A1_1,3730.0,541947.51,8673871.63,332.433,223.526,0.0,223.526,0.0,0.0,2.194,certain_cold
dronbreen-20220328-DAT_0226_A1_1,3735.0,541949.01,8673876.03,332.144,223.445,0.0,223.445,0.0,0.0,2.19,certain_cold
dronbreen-20220328-DAT_0226_A1_1,3740.0,541950.75,8673880.97,331.771,223.385,0.0,223.385,0.0,0.0,2.184,certain_cold
dronbreen-20220328-DAT_0226_A1_1,3745.0,541952.43,8673885.49,331.441,223.264,0.0,223.264,0.0,0.0,2.18,certain_cold
dronbreen-20220328-DAT_0226_A1_1,3750.0,541954.03,8673890.14,331.112,223.143,0.0,223.143,0.0,0.0,2.176,certain_cold
dronbreen-20220328-DAT_0226_A1_1,3755.0,541955.34,8673894.44,330.819,223.162,0.0,223.162,0.0,0.0,2.169,certain_cold
dronbreen-20220328-DAT_0226_A1_1,3760.0,541957.14,8673900.15,330.432,223.088,0.0,223.088,0.0,0.0,2.163,certain_cold
dronbreen-20220328-DAT_0226_A1_1,3765.0,541958.59,8673904.81,330.123,222.988,0.0,222.988,0.0,0.0,2.159,certain_cold
dronbreen-20220328-DAT_0226_A1_1,3770.0,541959.86,8673908.74,329.864,223.042,0.0,223.042,0.0,0.0,2.153,certain_cold
dronbreen-20220328-DAT_0226_A1_1,3775.0,541961.42,8673913.63,329.549,222.935,0.0,222.935,0.0,0.0,2.149,certain_cold
dronbreen-20220328-DAT_0226_A1_1,3780.0,541963.12,8673919.11,329.184,222.882,0.0,222.882,0.0,0.0,2.143,certain_cold
dronbreen-20220328-DAT_0226_A1_1,3785.0,541964.48,8673923.58,328.887,222.794,0.0,222.794,0.0,0.0,2.138,certain_cold
dronbreen-20220328-DAT_0226_A1_1,3790.0,541965.85,8673928.59,328.572,222.687,0.0,222.687,0.0,0.0,2.134,certain_cold
dronbreen-20220328-DAT_0226_A1_1,3795.0,541967.01,8673933.59,328.27,222.698,0.0,222.698,0.0,0.0,2.128,certain_cold
dronbreen-20220328-DAT_0226_A1_1,3800.0,541967.98,8673938.4,327.979,222.72,0.0,222.72,0.0,0.0,2.122,certain_cold
dronbreen-20220328-DAT_0226_A1_1,3805.0,541968.81,8673942.68,327.722,222.775,0.0,222.775,0.0,0.0,2.116,certain_cold
dronbreen-20220328-DAT_0226_A1_1,3810.0,541969.95,8673948.38,327.386,222.752,0.0,222.752,0.0,0.0,2.109,certain_cold
dronbreen-20220328-DAT_0226_A1_1,3815.0,541970.86,8673953.12,327.098,222.777,0.0,222.777,0.0,0.0,2.103,certain_cold
dronbreen-20220328-DAT_0226_A1_1,3820.0,541971.73,8673957.99,326.778,222.665,0.0,222.665,0.0,0.0,2.097,certain_cold
dronbreen-20220328-DAT_0226_A1_1,3825.0,541972.49,8673962.44,326.466,222.666,0.0,222.666,0.0,0.0,2.091,certain_cold
dronbreen-20220328-DAT_0226_A1_1,3830.0,541973.38,8673967.7,326.098,222.611,0.0,222.611,0.0,0.0,2.087,certain_cold
dronbreen-20220328-DAT_0226_A1_1,3835.0,541974.37,8673973.15,325.756,222.685,0.0,222.685,0.0,0.0,2.078,certain_cold
dronbreen-20220328-DAT_0226_A1_1,3840.0,541975.09,8673977.02,325.538,222.676,0.0,222.676,0.0,0.0,2.074,certain_cold
dronbreen-20220328-DAT_0226_A1_1,3845.0,541976.02,8673982.07,325.263,222.713,0.0,222.713,0.0,0.0,2.068,certain_cold
dronbreen-20220328-DAT_0226_A1_1,3850.0,541977.01,8673987.06,324.968,222.627,0.0,222.627,0.0,0.0,2.062,certain_cold
dronbreen-20220328-DAT_0226_A1_1,3855.0,541978.08,8673992.23,324.656,222.627,0.0,222.627,0.0,0.0,2.058,certain_cold
dronbreen-20220328-DAT_0226_A1_1,3860.0,541979.05,8673996.68,324.397,222.369,0.0,222.369,0.0,0.0,2.058,certain_cold
dronbreen-20220328-DAT_0226_A1_1,3865.0,541980.35,8674002.3,324.079,222.467,0.0,222.467,0.0,0.0,2.05,certain_cold
dronbreen-20220328-DAT_0226_A1_1,3870.0,541981.29,8674006.98,323.809,222.406,0.0,222.406,0.0,0.0,2.047,certain_cold
dronbreen-20220328-DAT_0226_A1_1,3875.0,541982.2,8674011.73,323.519,222.428,0.0,222.428,0.0,0.0,2.039,certain_cold
dronbreen-20220328-DAT_0226_A1_1,3880.0,541983.1,8674016.47,323.232,222.454,0.0,222.454,0.0,0.0,2.033,certain_cold
dronbreen-20220328-DAT_0226_A1_1,3885.0,541984.01,8674021.4,322.941,222.372,0.0,222.372,0.0,0.0,2.029,certain_cold
dronbreen-20220328-DAT_0226_A1_1,3890.0,541985.13,8674026.88,322.653,222.5,0.0,222.5,0.0,0.0,2.021,certain_cold
dronbreen-20220328-DAT_0226_A1_1,3895.0,541986.18,8674031.7,322.405,222.565,0.0,222.565,0.0,0.0,2.014,certain_cold
dronbreen-20220328-DAT_0226_A1_1,3900.0,541987.15,8674036.2,322.163,222.531,0.0,222.531,0.0,0.0,2.01,uncertain_cold
dronbreen-20220328-DAT_0226_A1_1,3905.0,541988.19,8674041.12,321.886,222.567,0.0,222.567,0.0,0.0,2.004,uncertain_cold
dronbreen-20220328-DAT_0226_A1_1,3910.0,541989.23,8674045.57,321.629,222.623,0.0,222.623,0.0,0.0,1.998,uncertain_cold
dronbreen-20220328-DAT_0226_A1_1,3915.0,541990.48,8674051.06,321.312,222.619,0.0,222.619,0.0,0.0,1.992,uncertain_cold
dronbreen-20220328-DAT_0226_A1_1,3920.0,541991.57,8674055.75,321.053,222.776,0.0,222.776,0.0,0.0,1.983,uncertain_cold
dronbreen-20220328-DAT_0226_A1_1,3925.0,541992.7,8674060.57,320.797,223.146,0.0,223.146,0.0,0.0,1.971,certain_cold
dronbreen-20220328-DAT_0226_A1_1,3930.0,541993.73,8674065.31,320.534,223.403,0.0,223.403,0.0,0.0,1.961,certain_cold
dronbreen-20220328-DAT_0226_A1_1,3935.0,541994.92,8674070.66,320.234,223.625,0.0,223.625,0.0,0.0,1.95,certain_cold
dronbreen-20220328-DAT_0226_A1_1,3940.0,541996.04,8674075.51,319.958,223.974,0.0,223.974,0.0,0.0,1.938,certain_cold
dronbreen-20220328-DAT_0226_A1_1,3945.0,541997.3,8674080.56,319.669,224.206,0.0,224.206,0.0,0.0,1.928,certain_cold
dronbreen-20220328-DAT_0226_A1_1,3950.0,541998.51,8674085.31,319.393,224.243,0.0,224.243,0.0,0.0,1.921,certain_cold
dronbreen-20220328-DAT_0226_A1_1,3955.0,541999.7,8674090.04,319.126,224.288,0.0,224.288,0.0,0.0,1.915,certain_cold
dronbreen-20220328-DAT_0226_A1_1,3960.0,542000.78,8674094.71,318.868,224.239,0.0,224.239,0.0,0.0,1.911,certain_cold
dronbreen-20220328-DAT_0226_A1_1,3965.0,542001.86,8674099.37,318.611,224.19,0.0,224.19,0.0,0.0,1.907,certain_cold
dronbreen-20220328-DAT_0226_A1_1,3970.0,542002.75,8674104.05,318.362,224.463,0.0,224.463,0.0,0.0,1.897,certain_cold
dronbreen-20220328-DAT_0226_A1_1,3975.0,542003.95,8674109.86,318.11,224.731,0.0,224.731,0.0,0.0,1.886,certain_cold
dronbreen-20220328-DAT_0226_A1_1,3980.0,542005.0,8674114.36,317.909,224.844,0.0,224.844,0.0,0.0,1.88,certain_cold
dronbreen-20220328-DAT_0226_A1_1,3985.0,542006.02,8674119.04,317.704,225.055,0.0,225.055,0.0,0.0,1.872,certain_cold
dronbreen-20220328-DAT_0226_A1_1,3990.0,542006.99,8674123.42,317.509,225.172,0.0,225.172,0.0,0.0,1.866,certain_cold
dronbreen-20220328-DAT_0226_A1_1,3995.0,542008.34,8674129.35,317.222,225.406,0.0,225.406,0.0,0.0,1.855,certain_cold
dronbreen-20220328-DAT_0226_A1_1,4000.0,542009.38,8674134.13,316.982,225.687,0.0,225.687,0.0,0.0,1.845,certain_cold
dronbreen-20220328-DAT_0226_A1_1,4005.0,542010.17,8674138.44,316.745,225.659,0.0,225.659,0.0,0.0,1.841,certain_cold
dronbreen-20220328-DAT_0226_A1_1,4010.0,542011.08,8674143.58,316.448,225.675,0.0,225.675,0.0,0.0,1.835,certain_cold
dronbreen-20220328-DAT_0226_A1_1,4015.0,542011.92,8674148.63,316.141,225.785,0.0,225.785,0.0,0.0,1.827,certain_cold
dronbreen-20220328-DAT_0226_A1_1,4020.0,542012.51,8674153.05,315.892,225.953,0.0,225.953,0.0,0.0,1.818,certain_cold
dronbreen-20220328-DAT_0226_A1_1,4025.0,542013.14,8674158.53,315.618,226.2,0.0,226.2,0.0,0.0,1.808,certain_cold
dronbreen-20220328-DAT_0226_A1_1,4030.0,542013.74,8674163.02,315.391,226.181,0.0,226.181,0.0,0.0,1.804,certain_cold
dronbreen-20220328-DAT_0226_A1_1,4035.0,542014.66,8674168.63,315.081,226.288,0.0,226.288,0.0,0.0,1.796,certain_cold
dronbreen-20220328-DAT_0226_A1_1,4040.0,542015.44,8674173.17,314.836,226.355,0.0,226.355,0.0,0.0,1.789,certain_cold
dronbreen-20220328-DAT_0226_A1_1,4045.0,542016.24,8674178.12,314.581,226.413,0.0,226.413,0.0,0.0,1.783,certain_cold
dronbreen-20220328-DAT_0226_A1_1,4050.0,542016.97,8674183.26,314.334,226.479,0.0,226.479,0.0,0.0,1.777,certain_cold
dronbreen-20220328-DAT_0226_A1_1,4055.0,542017.56,8674187.76,314.134,226.696,0.0,226.696,0.0,0.0,1.769,certain_cold
dronbreen-20220328-DAT_0226_A1_1,4060.0,542018.33,8674193.18,313.885,226.76,0.0,226.76,0.0,0.0,1.763,certain_cold
dronbreen-20220328-DAT_0226_A1_1,4065.0,542019.1,8674198.12,313.681,226.972,0.0,226.972,0.0,0.0,1.754,certain_cold
dronbreen-20220328-DAT_0226_A1_1,4070.0,542019.73,8674202.47,313.485,227.089,0.0,227.089,0.0,0.0,1.748,certain_cold
dronbreen-20220328-DAT_0226_A1_1,4075.0,542020.53,8674208.08,313.208,227.125,0.0,227.125,0.0,0.0,1.74,certain_cold
dronbreen-20220328-DAT_0226_A1_1,4080.0,542021.24,8674212.76,312.961,227.086,0.0,227.086,0.0,0.0,1.736,certain_cold
dronbreen-20220328-DAT_0226_A1_1,4085.0,542021.91,8674217.49,312.705,227.247,0.0,227.247,0.0,0.0,1.73,certain_cold
dronbreen-20220328-DAT_0226_A1_1,4090.0,542022.58,8674222.23,312.454,227.205,0.0,227.205,0.0,0.0,1.726,certain_cold
dronbreen-20220328-DAT_0226_A1_1,4095.0,542023.41,8674227.8,312.174,227.237,0.0,227.237,0.0,0.0,1.719,certain_cold
dronbreen-20220328-DAT_0226_A1_1,4100.0,542024.12,8674232.7,311.921,227.401,0.0,227.401,0.0,0.0,1.711,certain_cold
dronbreen-20220328-DAT_0226_A1_1,4105.0,542024.8,8674237.25,311.681,227.37,0.0,227.37,0.0,0.0,1.705,certain_cold
dronbreen-20220328-DAT_0226_A1_1,4110.0,542025.67,8674243.02,311.394,227.499,0.0,227.499,0.0,0.0,1.695,certain_cold
dronbreen-20220328-DAT_0226_A1_1,4115.0,542026.35,8674247.53,311.181,227.598,0.0,227.598,0.0,0.0,1.688,certain_cold
dronbreen-20220328-DAT_0226_A1_1,4120.0,542027.06,8674252.27,310.95,227.68,0.0,227.68,0.0,0.0,1.684,certain_cold
dronbreen-20220328-DAT_0226_A1_1,4125.0,542027.72,8674257.16,310.695,227.843,0.0,227.843,0.0,0.0,1.678,certain_cold
dronbreen-20220328-DAT_0226_A1_1,4130.0,542028.36,8674262.8,310.373,227.937,0.0,227.937,0.0,0.0,1.67,certain_cold
dronbreen-20220328-DAT_0226_A1_1,4135.0,542028.75,8674266.96,310.131,227.904,0.0,227.904,0.0,0.0,1.666,certain_cold
dronbreen-20220328-DAT_0226_A1_1,4140.0,542029.16,8674272.28,309.82,227.906,0.0,227.906,0.0,0.0,1.66,certain_cold
dronbreen-20220328-DAT_0226_A1_1,4145.0,542029.55,8674277.03,309.543,227.941,0.0,227.941,0.0,0.0,1.654,certain_cold
dronbreen-20220328-DAT_0226_A1_1,4150.0,542029.91,8674282.1,309.25,228.065,0.0,228.065,0.0,0.0,1.645,certain_cold
dronbreen-20220328-DAT_0226_A1_1,4155.0,542030.33,8674287.29,308.942,228.069,0.0,228.069,0.0,0.0,1.639,certain_cold
dronbreen-20220328-DAT_0226_A1_1,4160.0,542030.71,8674291.77,308.659,228.099,0.0,228.099,0.0,0.0,1.633,certain_cold
dronbreen-20220328-DAT_0226_A1_1,4165.0,542031.27,8674297.19,308.31,228.063,0.0,228.063,0.0,0.0,1.627,certain_cold
dronbreen-20220328-DAT_0226_A1_1,4170.0,542031.74,8674301.67,308.042,228.107,0.0,228.107,0.0,0.0,1.621,certain_cold
dronbreen-20220328-DAT_0226_A1_1,4175.0,542032.39,8674307.42,307.747,228.125,0.0,228.125,0.0,0.0,1.614,certain_cold
dronbreen-20220328-DAT_0226_A1_1,4180.0,542032.9,8674312.12,307.515,228.101,0.0,228.101,0.0,0.0,1.61,certain_cold
dronbreen-20220328-DAT_0226_A1_1,4185.0,542033.27,8674316.79,307.299,228.198,0.0,228.198,0.0,0.0,1.604,certain_cold
dronbreen-20220328-DAT_0226_A1_1,4190.0,542033.69,8674322.57,307.018,228.23,0.0,228.23,0.0,0.0,1.598,certain_cold
dronbreen-20220328-DAT_0226_A1_1,4195.0,542034.11,8674327.5,306.768,228.293,0.0,228.293,0.0,0.0,1.592,certain_cold
dronbreen-20220328-DAT_0226_A1_1,4200.0,542034.48,8674331.84,306.541,228.274,0.0,228.274,0.0,0.0,1.588,certain_cold
dronbreen-20220328-DAT_0226_A1_1,4205.0,542034.96,8674337.44,306.248,228.398,0.0,228.398,0.0,0.0,1.579,certain_cold
dronbreen-20220328-DAT_0226_A1_1,4210.0,542035.33,8674341.79,306.031,228.39,0.0,228.39,0.0,0.0,1.575,certain_cold
dronbreen-20220328-DAT_0226_A1_1,4215.0,542035.7,8674346.64,305.779,228.346,0.0,228.346,0.0,0.0,1.571,certain_cold
dronbreen-20220328-DAT_0226_A1_1,4220.0,542036.06,8674351.82,305.514,228.289,0.0,228.289,0.0,0.0,1.567,certain_cold
dronbreen-20220328-DAT_0226_A1_1,4225.0,542036.27,8674356.89,305.259,228.347,0.0,228.347,0.0,0.0,1.561,certain_cold
dronbreen-20220328-DAT_0226_A1_1,4230.0,542036.42,8674362.29,304.971,228.476,0.0,228.476,0.0,0.0,1.553,certain_cold
dronbreen-20220328-DAT_0226_A1_1,4235.0,542036.56,8674366.89,304.743,228.456,0.0,228.456,0.0,0.0,1.549,certain_cold
dronbreen-20220328-DAT_0226_A1_1,4240.0,542036.68,8674371.67,304.516,228.334,0.0,228.334,0.0,0.0,1.547,certain_cold
dronbreen-20220328-DAT_0226_A1_1,4245.0,542036.74,8674376.63,304.29,228.316,0.0,228.316,0.0,0.0,1.543,certain_cold
dronbreen-20220328-DAT_0226_A1_1,4250.0,542036.72,8674382.12,304.031,228.37,0.0,228.37,0.0,0.0,1.536,certain_cold
dronbreen-20220328-DAT_0226_A1_1,4255.0,542036.67,8674387.24,303.76,228.411,0.0,228.411,0.0,0.0,1.53,certain_cold
dronbreen-20220328-DAT_0226_A1_1,4260.0,542036.54,8674392.51,303.475,228.334,0.0,228.334,0.0,0.0,1.526,certain_cold
dronbreen-20220328-DAT_0226_A1_1,4265.0,542036.37,8674396.91,303.247,228.315,0.0,228.315,0.0,0.0,1.522,certain_cold
dronbreen-20220328-DAT_0226_A1_1,4270.0,542036.1,8674401.8,302.997,228.274,0.0,228.274,0.0,0.0,1.518,certain_cold
dronbreen-20220328-DAT_0226_A1_1,4275.0,542035.74,8674407.17,302.722,228.207,0.0,228.207,0.0,0.0,1.514,certain_cold
dronbreen-20220328-DAT_0226_A1_1,4280.0,542035.34,8674412.26,302.466,228.16,0.0,228.16,0.0,0.0,1.51,certain_cold
dronbreen-20220328-DAT_0226_A1_1,4285.0,542035.04,8674416.87,302.251,228.257,0.0,228.257,0.0,0.0,1.504,certain_cold
dronbreen-20220328-DAT_0226_A1_1,4290.0,542034.69,8674422.41,302.011,228.33,0.0,228.33,0.0,0.0,1.497,certain_cold
dronbreen-20220328-DAT_0226_A1_1,4295.0,542034.41,8674427.37,301.768,228.295,0.0,228.295,0.0,0.0,1.493,certain_cold
dronbreen-20220328-DAT_0226_A1_1,4300.0,542034.14,8674432.29,301.494,228.333,0.0,228.333,0.0,0.0,1.487,certain_cold
dronbreen-20220328-DAT_0226_A1_1,4305.0,542033.85,8674437.03,301.221,228.269,0.0,228.269,0.0,0.0,1.483,certain_cold
dronbreen-20220328-DAT_0226_A1_1,4310.0,542033.58,8674441.62,300.959,228.216,0.0,228.216,0.0,0.0,1.479,certain_cold
dronbreen-20220328-DAT_0226_A1_1,4315.0,542033.21,8674446.68,300.691,228.155,0.0,228.155,0.0,0.0,1.475,certain_cold
dronbreen-20220328-DAT_0226_A1_1,4320.0,542032.64,8674451.93,300.384,227.953,0.0,227.953,0.0,0.0,1.473,certain_cold
dronbreen-20220328-DAT_0226_A1_1,4325.0,542032.08,8674456.79,300.081,227.963,0.0,227.963,0.0,0.0,1.467,certain_cold
dronbreen-20220328-DAT_0226_A1_1,4330.0,542031.37,8674461.39,299.798,227.888,0.0,227.888,0.0,0.0,1.463,certain_cold
dronbreen-20220328-DAT_0226_A1_1,4335.0,542030.53,8674466.57,299.493,227.791,0.0,227.791,0.0,0.0,1.456,certain_cold
dronbreen-20220328-DAT_0226_A1_1,4340.0,542029.63,8674471.69,299.197,227.809,0.0,227.809,0.0,0.0,1.45,certain_cold
dronbreen-20220328-DAT_0226_A1_1,4345.0,542028.73,8674477.09,298.858,227.678,0.0,227.678,0.0,0.0,1.446,certain_cold
dronbreen-20220328-DAT_0226_A1_1,4350.0,542028.06,8674481.51,298.589,227.617,0.0,227.617,0.0,0.0,1.444,certain_cold
dronbreen-20220328-DAT_0226_A1_1,4355.0,542027.21,8674486.78,298.299,227.64,0.0,227.64,0.0,0.0,1.438,certain_cold
dronbreen-20220328-DAT_0226_A1_1,4360.0,542026.28,8674491.87,298.023,227.572,0.0,227.572,0.0,0.0,1.434,certain_cold
dronbreen-20220328-DAT_0226_A1_1,4365.0,542025.53,8674496.44,297.785,227.543,0.0,227.543,0.0,0.0,1.43,certain_cold
dronbreen-20220328-DAT_0226_A1_1,4370.0,542024.57,8674501.31,297.536,227.293,0.0,227.293,0.0,0.0,1.43,certain_cold
dronbreen-20220328-DAT_0226_A1_1,4375.0,542023.45,8674506.33,297.278,227.14,0.0,227.14,0.0,0.0,1.428,certain_cold
dronbreen-20220328-DAT_0226_A1_1,4380.0,542022.25,8674510.92,297.028,227.307,0.0,227.307,0.0,0.0,1.419,certain_cold
dronbreen-20220328-DAT_0226_A1_1,4385.0,542021.24,8674515.91,296.762,227.562,0.0,227.562,0.0,0.0,1.409,certain_cold
dronbreen-20220328-DAT_0226_A1_1,4390.0,542020.21,8674520.85,296.497,227.505,0.0,227.505,0.0,0.0,1.405,certain_cold
dronbreen-20220328-DAT_0226_A1_1,4395.0,542019.3,8674525.21,296.255,227.367,0.0,227.367,0.0,0.0,1.403,certain_cold
dronbreen-20220328-DAT_0226_A1_1,4400.0,542018.31,8674530.61,295.955,227.276,0.0,227.276,0.0,0.0,1.401,certain_cold
dronbreen-20220328-DAT_0226_A1_1,4405.0,542017.42,8674535.33,295.686,227.112,0.0,227.112,0.0,0.0,1.399,certain_cold
dronbreen-20220328-DAT_0226_A1_1,4410.0,542016.66,8674540.33,295.401,226.93,0.0,226.93,0.0,0.0,1.397,certain_cold
dronbreen-20220328-DAT_0226_A1_1,4415.0,542015.83,8674545.83,295.095,226.937,0.0,226.937,0.0,0.0,1.393,certain_cold
dronbreen-20220328-DAT_0226_A1_1,4420.0,542015.26,8674550.29,294.851,226.902,0.0,226.902,0.0,0.0,1.391,certain_cold
dronbreen-20220328-DAT_0226_A1_1,4425.0,542014.74,8674555.16,294.587,226.846,0.0,226.846,0.0,0.0,1.385,certain_cold
dronbreen-20220328-DAT_0226_A1_1,4430.0,542014.3,8674560.11,294.309,226.672,0.0,226.672,0.0,0.0,1.379,certain_cold
dronbreen-20220328-DAT_0226_A1_1,4435.0,542013.84,8674565.55,293.997,226.672,0.0,226.672,0.0,0.0,1.374,certain_cold
dronbreen-20220328-DAT_0226_A1_1,4440.0,542013.44,8674570.22,293.722,226.398,0.0,226.398,0.0,0.0,1.372,certain_cold
dronbreen-20220328-DAT_0226_A1_1,4445.0,542012.96,8674575.39,293.412,226.401,0.0,226.401,0.0,0.0,1.368,certain_cold
dronbreen-20220328-DAT_0226_A1_1,4450.0,542012.42,8674580.12,293.125,226.322,0.0,226.322,0.0,0.0,1.364,certain_cold
dronbreen-20220328-DAT_0226_A1_1,4455.0,542011.69,8674585.21,292.807,226.213,0.0,226.213,0.0,0.0,1.358,certain_cold
dronbreen-20220328-DAT_0226_A1_1,4460.0,542010.89,8674590.05,292.491,226.209,0.0,226.209,0.0,0.0,1.354,certain_cold
dronbreen-20220328-DAT_0226_A1_1,4465.0,542009.97,8674595.27,292.141,226.171,0.0,226.171,0.0,0.0,1.346,certain_cold
dronbreen-20220328-DAT_0226_A1_1,4470.0,542008.89,8674600.2,291.782,226.126,0.0,226.126,0.0,0.0,1.34,certain_cold
dronbreen-20220328-DAT_0226_A1_1,4475.0,542008.06,8674604.33,291.482,226.138,0.0,226.138,0.0,0.0,1.334,certain_cold
dronbreen-20220328-DAT_0226_A1_1,4480.0,542007.04,8674609.26,291.111,226.079,0.0,226.079,0.0,0.0,1.327,certain_cold
dronbreen-20220328-DAT_0226_A1_1,4485.0,542005.84,8674614.43,290.722,226.003,0.0,226.003,0.0,0.0,1.321,certain_cold
dronbreen-20220328-DAT_0226_A1_1,4490.0,542004.79,8674619.05,290.381,225.975,0.0,225.975,0.0,0.0,1.315,certain_cold
dronbreen-20220328-DAT_0226_A1_1,4495.0,542003.8,8674624.73,289.992,225.794,0.0,225.794,0.0,0.0,1.311,certain_cold
dronbreen-20220328-DAT_0226_A1_1,4500.0,542002.85,8674629.41,289.675,225.894,0.0,225.894,0.0,0.0,1.303,certain_cold
dronbreen-20220328-DAT_0226_A1_1,4505.0,542001.91,8674634.03,289.349,225.985,0.0,225.985,0.0,0.0,1.295,certain_cold
dronbreen-20220328-DAT_0226_A1_1,4510.0,542000.82,8674639.26,288.937,225.99,0.0,225.99,0.0,0.0,1.287,certain_cold
dronbreen-20220328-DAT_0226_A1_1,4515.0,541999.85,8674644.02,288.552,226.022,0.0,226.022,0.0,0.0,1.279,certain_cold
dronbreen-20220328-DAT_0226_A1_1,4520.0,541998.83,8674649.01,288.138,225.921,0.0,225.921,0.0,0.0,1.272,certain_cold
dronbreen-20220328-DAT_0226_A1_1,4525.0,541997.83,8674654.07,287.748,225.843,0.0,225.843,0.0,0.0,1.266,certain_cold
dronbreen-20220328-DAT_0226_A1_1,4530.0,541997.05,8674658.61,287.431,225.734,0.0,225.734,0.0,0.0,1.262,certain_cold
dronbreen-20220328-DAT_0226_A1_1,4535.0,541996.24,8674663.2,287.118,225.734,0.0,225.734,0.0,0.0,1.256,certain_cold
dronbreen-20220328-DAT_0226_A1_1,4540.0,541995.1,8674668.62,286.746,225.779,0.0,225.779,0.0,0.0,1.248,certain_cold
dronbreen-20220328-DAT_0226_A1_1,4545.0,541994.06,8674673.06,286.425,225.666,0.0,225.666,0.0,0.0,1.244,certain_cold
dronbreen-20220328-DAT_0226_A1_1,4550.0,541993.08,8674677.99,286.047,225.601,0.0,225.601,0.0,0.0,1.238,certain_cold
dronbreen-20220328-DAT_0226_A1_1,4555.0,541992.07,8674682.98,285.681,225.547,0.0,225.547,0.0,0.0,1.232,certain_cold
dronbreen-20220328-DAT_0226_A1_1,4560.0,541990.99,8674688.03,285.34,225.624,0.0,225.624,0.0,0.0,1.224,certain_cold
dronbreen-20220328-DAT_0226_A1_1,4565.0,541989.78,8674692.96,285.007,225.603,0.0,225.603,0.0,0.0,1.217,certain_cold
dronbreen-20220328-DAT_0226_A1_1,4570.0,541988.67,8674697.42,284.684,225.593,0.0,225.593,0.0,0.0,1.211,certain_cold
dronbreen-20220328-DAT_0226_A1_1,4575.0,541987.46,8674702.25,284.319,225.645,0.0,225.645,0.0,0.0,1.203,certain_cold
dronbreen-20220328-DAT_0226_A1_1,4580.0,541986.07,8674707.92,283.904,225.646,0.0,225.646,0.0,0.0,1.195,certain_cold
dronbreen-20220328-DAT_0226_A1_1,4585.0,541985.03,8674712.23,283.598,225.549,0.0,225.549,0.0,0.0,1.191,certain_cold
dronbreen-20220328-DAT_0226_A1_1,4590.0,541983.73,8674717.21,283.222,225.59,0.0,225.59,0.0,0.0,1.183,certain_cold
dronbreen-20220328-DAT_0226_A1_1,4595.0,541982.42,8674722.38,282.798,225.374,0.0,225.374,0.0,0.0,1.179,certain_cold
dronbreen-20220328-DAT_0226_A1_1,4600.0,541981.47,8674727.0,282.425,225.314,0.0,225.314,0.0,0.0,1.173,certain_cold
dronbreen-20220328-DAT_0226_A1_1,4605.0,541980.73,8674731.86,282.053,225.151,0.0,225.151,0.0,0.0,1.169,certain_cold
dronbreen-20220328-DAT_0226_A1_1,4610.0,541980.14,8674736.36,281.731,225.037,0.0,225.037,0.0,0.0,1.165,certain_cold
dronbreen-20220328-DAT_0226_A1_1,4615.0,541979.56,8674741.21,281.387,224.902,0.0,224.902,0.0,0.0,1.161,certain_cold
dronbreen-20220328-DAT_0226_A1_1,4620.0,541978.96,8674746.46,281.019,224.846,0.0,224.846,0.0,0.0,1.154,certain_cold
dronbreen-20220328-DAT_0226_A1_1,4625.0,541978.42,8674751.1,280.717,224.857,0.0,224.857,0.0,0.0,1.15,certain_cold
dronbreen-20220328-DAT_0226_A1_1,4630.0,541977.91,8674756.57,280.377,224.829,0.0,224.829,0.0,0.0,1.144,certain_cold
dronbreen-20220328-DAT_0226_A1_1,4635.0,541977.36,8674761.94,280.048,224.917,0.0,224.917,0.0,0.0,1.134,certain_cold
dronbreen-20220328-DAT_0226_A1_1,4640.0,541976.86,8674766.87,279.74,224.922,0.0,224.922,0.0,0.0,1.128,certain_cold
dronbreen-20220328-DAT_0226_A1_1,4645.0,541976.45,8674771.32,279.457,225.056,0.0,225.056,0.0,0.0,1.12,certain_cold
dronbreen-20220328-DAT_0226_A1_1,4650.0,541976.12,8674776.03,279.184,225.095,0.0,225.095,0.0,0.0,1.114,certain_cold
dronbreen-20220328-DAT_0226_A1_1,4655.0,541975.82,8674781.41,278.906,225.13,0.0,225.13,0.0,0.0,1.108,certain_cold
dronbreen-20220328-DAT_0226_A1_1,4660.0,541975.5,8674786.55,278.647,225.184,0.0,225.184,0.0,0.0,1.102,certain_cold
dronbreen-20220328-DAT_0226_A1_1,4665.0,541975.11,8674791.29,278.386,225.235,0.0,225.235,0.0,0.0,1.098,certain_cold
dronbreen-20220328-DAT_0226_A1_1,4670.0,541974.64,8674796.33,278.089,225.251,0.0,225.251,0.0,0.0,1.09,certain_cold
dronbreen-20220328-DAT_0226_A1_1,4675.0,541974.13,8674801.37,277.794,225.373,0.0,225.373,0.0,0.0,1.082,certain_cold
dronbreen-20220328-DAT_0226_A1_1,4680.0,541973.6,8674806.53,277.492,225.383,0.0,225.383,0.0,0.0,1.075,certain_cold
dronbreen-20220328-DAT_0226_A1_1,4685.0,541973.04,8674811.35,277.179,225.383,0.0,225.383,0.0,0.0,1.069,certain_cold
dronbreen-20220328-DAT_0226_A1_1,4690.0,541972.46,8674815.86,276.885,225.401,0.0,225.401,0.0,0.0,1.063,certain_cold
dronbreen-20220328-DAT_0226_A1_1,4695.0,541971.52,8674821.66,276.499,225.432,0.0,225.432,0.0,0.0,1.055,certain_cold
dronbreen-20220328-DAT_0226_A1_1,4700.0,541970.72,8674826.23,276.194,225.44,0.0,225.44,0.0,0.0,1.049,certain_cold
dronbreen-20220328-DAT_0226_A1_1,4705.0,541969.73,8674831.59,275.827,225.49,0.0,225.49,0.0,0.0,1.041,certain_cold
dronbreen-20220328-DAT_0226_A1_1,4710.0,541968.99,8674835.79,275.529,225.505,0.0,225.505,0.0,0.0,1.035,certain_cold
dronbreen-20220328-DAT_0226_A1_1,4715.0,541968.24,8674840.67,275.194,225.378,0.0,225.378,0.0,0.0,1.029,certain_cold
dronbreen-20220328-DAT_0226_A1_1,4720.0,541967.39,8674846.36,274.813,225.414,0.0,225.414,0.0,0.0,1.023,certain_cold
dronbreen-20220328-DAT_0226_A1_1,4725.0,541966.63,8674850.87,274.498,225.516,0.0,225.516,0.0,0.0,1.015,certain_cold
dronbreen-20220328-DAT_0226_A1_1,4730.0,541965.71,8674855.47,274.161,225.492,0.0,225.492,0.0,0.0,1.009,certain_cold
dronbreen-20220328-DAT_0226_A1_1,4735.0,541964.56,8674860.15,273.787,225.326,0.0,225.326,0.0,0.0,1.005,certain_cold
dronbreen-20220328-DAT_0226_A1_1,4740.0,541962.9,8674865.81,273.285,225.241,0.0,225.241,0.0,0.0,0.997,certain_cold
dronbreen-20220328-DAT_0226_A1_1,4745.0,541961.89,8674870.24,272.904,225.068,0.0,225.068,0.0,0.0,0.993,certain_cold
dronbreen-20220328-DAT_0226_A1_1,4750.0,541960.91,8674874.68,272.531,225.008,0.0,225.008,0.0,0.0,0.987,certain_cold
dronbreen-20220328-DAT_0226_A1_1,4755.0,541959.45,8674880.22,272.053,224.947,0.0,224.947,0.0,0.0,0.979,certain_cold
dronbreen-20220328-DAT_0226_A1_1,4760.0,541958.12,8674884.64,271.674,224.881,0.0,224.881,0.0,0.0,0.973,certain_cold
dronbreen-20220328-DAT_0226_A1_1,4765.0,541956.55,8674889.43,271.273,224.792,0.0,224.792,0.0,0.0,0.967,certain_cold
dronbreen-20220328-DAT_0226_A1_1,4770.0,541954.87,8674894.4,270.837,224.669,0.0,224.669,0.0,0.0,0.961,certain_cold
dronbreen-20220328-DAT_0226_A1_1,4775.0,541953.26,8674899.0,270.398,224.438,0.0,224.438,0.0,0.0,0.957,certain_cold
dronbreen-20220328-DAT_0226_A1_1,4780.0,541951.82,8674903.43,269.974,224.431,0.0,224.431,0.0,0.0,0.949,certain_cold
dronbreen-20220328-DAT_0226_A1_1,4785.0,541950.19,8674908.65,269.493,224.159,0.0,224.159,0.0,0.0,0.945,certain_cold
dronbreen-20220328-DAT_0226_A1_1,4790.0,541948.71,8674913.56,269.043,224.126,0.0,224.126,0.0,0.0,0.937,certain_cold
dronbreen-20220328-DAT_0226_A1_1,4795.0,541947.19,8674918.17,268.628,224.023,0.0,224.023,0.0,0.0,0.931,certain_cold
dronbreen-20220328-DAT_0226_A1_1,4800.0,541945.76,8674922.78,268.211,224.023,0.0,224.023,0.0,0.0,0.923,uncertain_cold
dronbreen-20220328-DAT_0226_A1_1,4805.0,541944.2,8674928.12,267.75,223.875,0.0,223.875,0.0,0.0,0.917,uncertain_cold
dronbreen-20220328-DAT_0226_A1_1,4810.0,541942.98,8674932.55,267.332,223.77,0.0,223.77,0.0,0.0,0.911,uncertain_cold
dronbreen-20220328-DAT_0226_A1_1,4815.0,541941.87,8674936.98,266.903,223.653,0.0,223.653,0.0,0.0,0.905,uncertain_cold
dronbreen-20220328-DAT_0226_A1_1,4820.0,541940.65,8674942.34,266.397,223.564,0.0,223.564,0.0,0.0,0.897,uncertain_cold
dronbreen-20220328-DAT_0226_A1_1,4825.0,541939.56,8674947.58,265.948,223.428,0.0,223.428,0.0,0.0,0.891,uncertain_cold
dronbreen-20220328-DAT_0226_A1_1,4830.0,541938.65,8674952.52,265.6,223.496,0.0,223.496,0.0,0.0,0.883,uncertain_cold
dronbreen-20220328-DAT_0226_A1_1,4835.0,541937.89,8674957.1,265.288,223.497,0.0,223.497,0.0,0.0,0.877,certain_cold
dronbreen-20220328-DAT_0226_A1_1,4840.0,541937.11,8674961.49,264.984,223.506,0.0,223.506,0.0,0.0,0.871,uncertain_cold
dronbreen-20220328-DAT_0226_A1_1,4845.0,541936.19,8674966.58,264.608,223.546,0.0,223.546,0.0,0.0,0.863,certain_cold
dronbreen-20220328-DAT_0226_A1_1,4850.0,541935.1,8674971.92,264.198,223.553,0.0,223.553,0.0,0.0,0.855,certain_cold
dronbreen-20220328-DAT_0226_A1_1,4855.0,541934.07,8674976.94,263.814,223.378,0.0,223.378,0.0,0.0,0.849,certain_cold
dronbreen-20220328-DAT_0226_A1_1,4860.0,541933.05,8674981.84,263.458,223.335,0.0,223.335,0.0,0.0,0.843,certain_cold
dronbreen-20220328-DAT_0226_A1_1,4865.0,541932.01,8674986.36,263.124,223.209,0.0,223.209,0.0,0.0,0.839,certain_cold
dronbreen-20220328-DAT_0226_A1_1,4870.0,541930.83,8674991.17,262.768,223.062,0.0,223.062,0.0,0.0,0.835,certain_cold
dronbreen-20220328-DAT_0226_A1_1,4875.0,541929.64,8674996.15,262.414,223.02,0.0,223.02,0.0,0.0,0.829,certain_cold
dronbreen-20220328-DAT_0226_A1_1,4880.0,541928.62,8675000.4,262.147,222.961,0.0,222.961,0.0,0.0,0.826,certain_cold
dronbreen-20220328-DAT_0226_A1_1,4885.0,541927.35,8675005.95,261.838,222.861,0.0,222.861,0.0,0.0,0.822,certain_cold
dronbreen-20220328-DAT_0226_A1_1,4890.0,541926.3,8675010.41,261.603,222.834,0.0,222.834,0.0,0.0,0.82,certain_cold
dronbreen-20220328-DAT_0226_A1_1,4895.0,541925.0,8675016.11,261.297,222.737,0.0,222.737,0.0,0.0,0.816,certain_cold
dronbreen-20220328-DAT_0226_A1_1,4900.0,541923.94,8675020.48,261.065,222.714,0.0,222.714,0.0,0.0,0.812,certain_cold
dronbreen-20220328-DAT_0226_A1_1,4905.0,541922.56,8675025.71,260.797,222.654,0.0,222.654,0.0,0.0,0.808,certain_cold
dronbreen-20220328-DAT_0226_A1_1,4910.0,541921.37,8675030.23,260.589,222.654,0.0,222.654,0.0,0.0,0.804,certain_cold
dronbreen-20220328-DAT_0226_A1_1,4915.0,541920.05,8675035.12,260.348,222.621,0.0,222.621,0.0,0.0,0.8,certain_cold
dronbreen-20220328-DAT_0226_A1_1,4920.0,541918.9,8675039.46,260.133,222.511,0.0,222.511,0.0,0.0,0.798,certain_cold
dronbreen-20220328-DAT_0226_A1_1,4925.0,541917.59,8675044.16,259.912,222.498,0.0,222.498,0.0,0.0,0.794,certain_cold
dronbreen-20220328-DAT_0226_A1_1,4930.0,541916.13,8675049.57,259.675,222.47,0.0,222.47,0.0,0.0,0.79,certain_cold
dronbreen-20220328-DAT_0226_A1_1,4935.0,541914.88,8675054.45,259.476,222.479,0.0,222.479,0.0,0.0,0.786,certain_cold
dronbreen-20220328-DAT_0226_A1_1,4940.0,541913.84,8675058.75,259.297,222.404,0.0,222.404,0.0,0.0,0.784,certain_cold
dronbreen-20220328-DAT_0226_A1_1,4945.0,541912.51,8675064.16,259.083,222.399,0.0,222.399,0.0,0.0,0.78,certain_cold
dronbreen-20220328-DAT_0226_A1_1,4950.0,541911.39,8675068.53,258.902,222.322,0.0,222.322,0.0,0.0,0.778,certain_cold
dronbreen-20220328-DAT_0226_A1_1,4955.0,541910.0,8675073.65,258.66,222.289,0.0,222.289,0.0,0.0,0.774,certain_cold
dronbreen-20220328-DAT_0226_A1_1,4960.0,541908.56,8675078.49,258.415,222.251,0.0,222.251,0.0,0.0,0.771,certain_cold
dronbreen-20220328-DAT_0226_A1_1,4965.0,541907.05,8675083.47,258.208,222.149,0.0,222.149,0.0,0.0,0.769,certain_cold
dronbreen-20220328-DAT_0226_A1_1,4970.0,541905.58,8675088.3,258.041,222.191,0.0,222.191,0.0,0.0,0.765,certain_cold
dronbreen-20220328-DAT_0226_A1_1,4975.0,541904.13,8675093.06,257.883,222.136,0.0,222.136,0.0,0.0,0.763,certain_cold
dronbreen-20220328-DAT_0226_A1_1,4980.0,541902.92,8675097.49,257.707,222.065,0.0,222.065,0.0,0.0,0.761,certain_cold
dronbreen-20220328-DAT_0226_A1_1,4985.0,541901.66,8675102.1,257.507,221.969,0.0,221.969,0.0,0.0,0.757,certain_cold
dronbreen-20220328-DAT_0226_A1_1,4990.0,541900.28,8675107.17,257.285,221.955,0.0,221.955,0.0,0.0,0.755,certain_cold
dronbreen-20220328-DAT_0226_A1_1,4995.0,541898.78,8675112.43,257.069,221.844,0.0,221.844,0.0,0.0,0.753,certain_cold
dronbreen-20220328-DAT_0226_A1_1,5000.0,541897.52,8675116.86,256.895,221.773,0.0,221.773,0.0,0.0,0.751,certain_cold
dronbreen-20220328-DAT_0226_A1_1,5005.0,541895.99,8675122.02,256.69,221.777,0.0,221.777,0.0,0.0,0.747,certain_cold
dronbreen-20220328-DAT_0226_A1_1,5010.0,541894.68,8675126.73,256.489,221.785,0.0,221.785,0.0,0.0,0.743,certain_cold
dronbreen-20220328-DAT_0226_A1_1,5015.0,541893.41,8675131.25,256.3,221.804,0.0,221.804,0.0,0.0,0.739,certain_cold
dronbreen-20220328-DAT_0226_A1_1,5020.0,541892.01,8675136.41,256.101,221.709,0.0,221.709,0.0,0.0,0.737,certain_cold
dronbreen-20220328-DAT_0226_A1_1,5025.0,541890.91,8675140.47,255.944,221.657,0.0,221.657,0.0,0.0,0.735,certain_cold
dronbreen-20220328-DAT_0226_A1_1,5030.0,541889.26,8675146.1,255.719,221.64,0.0,221.64,0.0,0.0,0.732,certain_cold
dronbreen-20220328-DAT_0226_A1_1,5035.0,541887.96,8675150.83,255.525,221.55,0.0,221.55,0.0,0.0,0.73,certain_cold
dronbreen-20220328-DAT_0226_A1_1,5040.0,541886.59,8675155.85,255.309,221.438,0.0,221.438,0.0,0.0,0.728,certain_cold
dronbreen-20220328-DAT_0226_A1_1,5045.0,541885.51,8675160.22,255.11,221.343,0.0,221.343,0.0,0.0,0.726,certain_cold
dronbreen-20220328-DAT_0226_A1_1,5050.0,541884.12,8675165.57,254.858,221.3,0.0,221.3,0.0,0.0,0.722,certain_cold
dronbreen-20220328-DAT_0226_A1_1,5055.0,541882.85,8675170.0,254.668,221.214,0.0,221.214,0.0,0.0,0.72,certain_cold
dronbreen-20220328-DAT_0226_A1_1,5060.0,541881.42,8675174.88,254.468,221.222,0.0,221.222,0.0,0.0,0.716,certain_cold
dronbreen-20220328-DAT_0226_A1_1,5065.0,541880.12,8675179.59,254.283,221.142,0.0,221.142,0.0,0.0,0.714,uncertain_cold
dronbreen-20220328-DAT_0226_A1_1,5070.0,541878.79,8675184.63,254.086,221.154,0.0,221.154,0.0,0.0,0.71,uncertain_cold
dronbreen-20220328-DAT_0226_A1_1,5075.0,541877.57,8675189.0,253.912,221.187,0.0,221.187,0.0,0.0,0.706,uncertain_cold
dronbreen-20220328-DAT_0226_A1_1,5080.0,541876.39,8675193.57,253.727,221.107,0.0,221.107,0.0,0.0,0.704,uncertain_cold
dronbreen-20220328-DAT_0226_A1_1,5085.0,541875.05,8675198.54,253.539,221.127,0.0,221.127,0.0,0.0,0.701,uncertain_cold
dronbreen-20220328-DAT_0226_A1_1,5090.0,541873.76,8675203.21,253.348,221.145,0.0,221.145,0.0,0.0,0.697,uncertain_cold
dronbreen-20220328-DAT_0226_A1_1,5095.0,541872.45,8675209.06,253.066,221.071,0.0,221.071,0.0,0.0,0.693,uncertain_cold
dronbreen-20220328-DAT_0226_A1_1,5100.0,541871.51,8675213.16,252.845,220.954,0.0,220.954,0.0,0.0,0.691,uncertain_cold
dronbreen-20220328-DAT_0226_A1_1,5105.0,541870.31,8675218.18,252.573,220.787,0.0,220.787,0.0,0.0,0.687,uncertain_cold
dronbreen-20220328-DAT_0226_A1_1,5110.0,541869.2,8675222.75,252.342,220.764,0.0,220.764,0.0,0.0,0.683,uncertain_cold
dronbreen-20220328-DAT_0226_A1_1,5115.0,541867.95,8675227.9,252.099,220.73,0.0,220.73,0.0,0.0,0.679,certain_cold
dronbreen-20220328-DAT_0226_A1_1,5120.0,541866.79,8675232.49,251.881,220.72,0.0,220.72,0.0,0.0,0.676,uncertain_cold
dronbreen-20220328-DAT_0226_A1_1,5125.0,541865.41,8675237.75,251.627,220.778,0.0,220.778,0.0,0.0,0.672,certain_cold
dronbreen-20220328-DAT_0226_A1_1,5130.0,541864.17,8675242.3,251.396,220.756,0.0,220.756,0.0,0.0,0.668,certain_cold
dronbreen-20220328-DAT_0226_A1_1,5135.0,541862.99,8675246.98,251.148,220.716,0.0,220.716,0.0,0.0,0.664,certain_cold
dronbreen-20220328-DAT_0226_A1_1,5140.0,541861.88,8675251.63,250.875,220.548,0.0,220.548,0.0,0.0,0.662,certain_cold
dronbreen-20220328-DAT_0226_A1_1,5145.0,541860.62,8675256.95,250.552,220.329,0.0,220.329,0.0,0.0,0.66,certain_cold
dronbreen-20220328-DAT_0226_A1_1,5150.0,541859.25,8675262.19,250.214,220.303,0.0,220.303,0.0,0.0,0.655,certain_cold
dronbreen-20220328-DAT_0226_A1_1,5155.0,541858.14,8675266.55,249.944,220.347,0.0,220.347,0.0,0.0,0.649,certain_cold
dronbreen-20220328-DAT_0226_A1_1,5160.0,541856.91,8675271.45,249.651,220.261,0.0,220.261,0.0,0.0,0.645,certain_cold
dronbreen-20220328-DAT_0226_A1_1,5165.0,541855.65,8675276.34,249.36,220.283,0.0,220.283,0.0,0.0,0.639,certain_cold
dronbreen-20220328-DAT_0226_A1_1,5170.0,541854.26,8675281.61,249.037,220.169,0.0,220.169,0.0,0.0,0.636,certain_cold
dronbreen-20220328-DAT_0226_A1_1,5175.0,541852.96,8675286.49,248.726,220.17,0.0,220.17,0.0,0.0,0.63,certain_cold
dronbreen-20220328-DAT_0226_A1_1,5180.0,541851.81,8675290.92,248.416,220.173,0.0,220.173,0.0,0.0,0.624,certain_cold
dronbreen-20220328-DAT_0226_A1_1,5185.0,541850.67,8675295.35,248.112,220.078,0.0,220.078,0.0,0.0,0.62,certain_cold
dronbreen-20220328-DAT_0226_A1_1,5190.0,541849.29,8675300.66,247.75,220.028,0.0,220.028,0.0,0.0,0.615,certain_cold
dronbreen-20220328-DAT_0226_A1_1,5195.0,541848.1,8675305.04,247.458,219.945,0.0,219.945,0.0,0.0,0.611,certain_cold
dronbreen-20220328-DAT_0226_A1_1,5200.0,541846.68,8675310.3,247.138,219.938,0.0,219.938,0.0,0.0,0.605,certain_cold
dronbreen-20220328-DAT_0226_A1_1,5205.0,541845.47,8675314.73,246.89,219.793,0.0,219.793,0.0,0.0,0.604,certain_cold
dronbreen-20220328-DAT_0226_A1_1,5210.0,541844.0,8675320.27,246.568,219.785,0.0,219.785,0.0,0.0,0.598,certain_cold
dronbreen-20220328-DAT_0226_A1_1,5215.0,541842.79,8675324.7,246.301,219.621,0.0,219.621,0.0,0.0,0.596,certain_cold
dronbreen-20220328-DAT_0226_A1_1,5220.0,541841.63,8675329.13,246.035,219.564,0.0,219.564,0.0,0.0,0.592,certain_cold
dronbreen-20220328-DAT_0226_A1_1,5225.0,541840.4,8675334.58,245.714,219.451,0.0,219.451,0.0,0.0,0.589,certain_cold
dronbreen-20220328-DAT_0226_A1_1,5230.0,541839.33,8675339.41,245.44,219.386,0.0,219.386,0.0,0.0,0.585,certain_cold
dronbreen-20220328-DAT_0226_A1_1,5235.0,541838.32,8675344.1,245.18,219.334,0.0,219.334,0.0,0.0,0.581,certain_cold
dronbreen-20220328-DAT_0226_A1_1,5240.0,541837.13,8675349.64,244.881,219.243,0.0,219.243,0.0,0.0,0.577,uncertain_cold
dronbreen-20220328-DAT_0226_A1_1,5245.0,541836.17,8675354.08,244.641,219.108,0.0,219.108,0.0,0.0,0.576,uncertain_cold
dronbreen-20220328-DAT_0226_A1_1,5250.0,541835.05,8675358.79,244.358,219.137,0.0,219.137,0.0,0.0,0.57,uncertain_cold
dronbreen-20220328-DAT_0226_A1_1,5255.0,541833.88,8675363.69,244.08,219.068,0.0,219.068,0.0,0.0,0.566,uncertain_cold
dronbreen-20220328-DAT_0226_A1_1,5260.0,541832.75,8675368.44,243.816,219.012,0.0,219.012,0.0,0.0,0.563,uncertain_cold
dronbreen-20220328-DAT_0226_A1_1,5265.0,541831.51,8675373.66,243.557,219.066,0.0,219.066,0.0,0.0,0.557,certain_cold
dronbreen-20220328-DAT_0226_A1_1,5270.0,541830.4,8675378.15,243.366,218.98,0.0,218.98,0.0,0.0,0.555,uncertain_cold
dronbreen-20220328-DAT_0226_A1_1,5275.0,541829.14,8675382.71,243.161,218.982,0.0,218.982,0.0,0.0,0.552,certain_cold
dronbreen-20220328-DAT_0226_A1_1,5280.0,541827.66,8675388.24,242.867,218.897,0.0,218.897,0.0,0.0,0.548,certain_cold
dronbreen-20220328-DAT_0226_A1_1,5285.0,541826.51,8675392.67,242.604,218.739,0.0,218.739,0.0,0.0,0.546,certain_cold
dronbreen-20220328-DAT_0226_A1_1,5290.0,541825.14,8675397.96,242.26,218.603,0.0,218.603,0.0,0.0,0.543,certain_cold
dronbreen-20220328-DAT_0226_A1_1,5295.0,541824.15,8675402.03,241.999,218.55,0.0,218.55,0.0,0.0,0.539,certain_cold
dronbreen-20220328-DAT_0226_A1_1,5300.0,541822.72,8675407.63,241.669,218.429,0.0,218.429,0.0,0.0,0.535,certain_cold
dronbreen-20220328-DAT_0226_A1_1,5305.0,541821.66,8675411.83,241.441,218.409,0.0,218.409,0.0,0.0,0.532,certain_cold
dronbreen-20220328-DAT_0226_A1_1,5310.0,541820.52,8675416.74,241.199,218.376,0.0,218.376,0.0,0.0,0.528,certain_cold
dronbreen-20220328-DAT_0226_A1_1,5315.0,541819.31,8675421.67,240.95,218.231,0.0,218.231,0.0,0.0,0.526,certain_cold
dronbreen-20220328-DAT_0226_A1_1,5320.0,541818.24,8675426.42,240.685,218.174,0.0,218.174,0.0,0.0,0.523,certain_cold
dronbreen-20220328-DAT_0226_A1_1,5325.0,541816.96,8675432.08,240.354,218.051,0.0,218.051,0.0,0.0,0.519,certain_cold
dronbreen-20220328-DAT_0226_A1_1,5330.0,541816.01,8675436.17,240.1,218.11,0.0,218.11,0.0,0.0,0.514,certain_cold
dronbreen-20220328-DAT_0226_A1_1,5335.0,541814.75,8675441.62,239.761,218.084,0.0,218.084,0.0,0.0,0.508,certain_cold
dronbreen-20220328-DAT_0226_A1_1,5340.0,541813.57,8675446.33,239.462,217.994,0.0,217.994,0.0,0.0,0.505,uncertain_cold
dronbreen-20220328-DAT_0226_A1_1,5345.0,541812.38,8675451.13,239.161,217.797,0.0,217.797,0.0,0.0,0.503,uncertain_cold
dronbreen-20220328-DAT_0226_A1_1,5350.0,541811.13,8675455.84,238.866,217.606,0.0,217.606,0.0,0.0,0.501,uncertain_cold
dronbreen-20220328-DAT_0226_A1_1,5355.0,541809.84,8675460.45,238.554,217.398,0.0,217.398,0.0,0.0,0.5,uncertain_cold
dronbreen-20220328-DAT_0226_A1_1,5360.0,541808.37,8675465.99,238.158,217.21,0.0,217.21,0.0,0.0,0.496,uncertain_cold
dronbreen-20220328-DAT_0226_A1_1,5365.0,541807.13,8675470.6,237.805,217.066,0.0,217.066,0.0,0.0,0.493,uncertain_cold
dronbreen-20220328-DAT_0226_A1_1,5370.0,541805.69,8675475.77,237.386,216.855,0.0,216.855,0.0,0.0,0.489,uncertain_cold
dronbreen-20220328-DAT_0226_A1_1,5375.0,541804.57,8675479.97,237.029,216.707,0.0,216.707,0.0,0.0,0.486,uncertain_cold
dronbreen-20220328-DAT_0226_A1_1,5380.0,541803.38,8675484.81,236.623,216.509,0.0,216.509,0.0,0.0,0.482,certain_cold
dronbreen-20220328-DAT_0226_A1_1,5385.0,541802.38,8675489.94,236.199,216.294,0.0,216.294,0.0,0.0,0.479,certain_cold
dronbreen-20220328-DAT_0226_A1_1,5390.0,541801.61,8675494.19,235.851,216.154,0.0,216.154,0.0,0.0,0.475,certain_cold
dronbreen-20220328-DAT_0226_A1_1,5395.0,541800.72,8675499.29,235.441,215.848,0.0,215.848,0.0,0.0,0.473,uncertain_cold
dronbreen-20220328-DAT_0226_A1_1,5400.0,541799.81,8675505.05,234.996,215.612,0.0,215.612,0.0,0.0,0.47,uncertain_cold
dronbreen-20220328-DAT_0226_A1_1,5405.0,541799.14,8675509.25,234.679,215.294,0.0,215.294,0.0,0.0,0.467,uncertain_temperate
dronbreen-20220328-DAT_0226_A1_1,5410.0,541798.35,8675514.53,234.262,215.086,0.0,215.086,0.0,0.0,0.463,uncertain_temperate
dronbreen-20220328-DAT_0226_A1_1,5415.0,541797.72,8675519.07,233.888,215.024,0.0,215.024,0.0,0.0,0.46,uncertain_cold
dronbreen-20220328-DAT_0226_A1_1,5420.0,541797.17,8675524.63,233.397,214.846,0.0,214.846,0.0,0.0,0.456,uncertain_cold
dronbreen-20220328-DAT_0226_A1_1,5425.0,541796.81,8675529.02,233.027,214.789,0.0,214.789,0.0,0.0,0.451,uncertain_cold
dronbreen-20220328-DAT_0226_A1_1,5430.0,541796.49,8675534.29,232.646,214.617,0.0,214.617,0.0,0.0,0.448,uncertain_cold
dronbreen-20220328-DAT_0226_A1_1,5435.0,541796.21,8675538.99,232.322,214.605,0.0,214.605,0.0,0.0,0.443,uncertain_cold
dronbreen-20220328-DAT_0226_A1_1,5440.0,541795.97,8675544.88,231.933,214.529,0.0,214.529,0.0,0.0,0.438,uncertain_cold
dronbreen-20220328-DAT_0226_A1_1,5445.0,541795.88,8675549.05,231.667,214.576,0.0,214.576,0.0,0.0,0.433,certain_cold
dronbreen-20220328-DAT_0226_A1_1,5450.0,541795.75,8675554.1,231.326,214.442,0.0,214.442,0.0,0.0,0.43,certain_cold
dronbreen-20220328-DAT_0226_A1_1,5455.0,541795.57,8675558.82,231.0,214.325,0.0,214.325,0.0,0.0,0.426,certain_cold
dronbreen-20220328-DAT_0226_A1_1,5460.0,541795.34,8675564.4,230.619,214.152,0.0,214.152,0.0,0.0,0.423,certain_cold
dronbreen-20220328-DAT_0226_A1_1,5465.0,541795.24,8675569.61,230.309,213.947,0.0,213.947,0.0,0.0,0.421,uncertain_cold
dronbreen-20220328-DAT_0226_A1_1,5470.0,541795.33,8675574.4,230.109,213.955,0.0,213.955,0.0,0.0,0.418,certain_cold
dronbreen-20220328-DAT_0226_A1_1,5475.0,541795.46,8675579.66,229.903,214.062,0.0,214.062,0.0,0.0,0.413,certain_cold
dronbreen-20220328-DAT_0226_A1_1,5480.0,541795.54,8675583.88,229.721,213.984,0.0,213.984,0.0,0.0,0.412,certain_cold
dronbreen-20220328-DAT_0226_A1_1,5485.0,541795.65,8675589.53,229.401,213.873,0.0,213.873,0.0,0.0,0.409,certain_cold
dronbreen-20220328-DAT_0226_A1_1,5490.0,541795.74,8675594.32,229.093,213.773,0.0,213.773,0.0,0.0,0.406,certain_cold
dronbreen-20220328-DAT_0226_A1_1,5495.0,541795.94,8675599.78,228.736,213.625,0.0,213.625,0.0,0.0,0.402,certain_cold
dronbreen-20220328-DAT_0226_A1_1,5500.0,541796.01,8675604.56,228.4,213.497,0.0,213.497,0.0,0.0,0.399,certain_cold
dronbreen-20220328-DAT_0226_A1_1,5505.0,541795.93,8675609.69,228.025,213.226,0.0,213.226,0.0,0.0,0.398,uncertain_cold
dronbreen-20220328-DAT_0226_A1_1,5510.0,541795.83,8675614.29,227.687,213.097,0.0,213.097,0.0,0.0,0.395,certain_cold
dronbreen-20220328-DAT_0226_A1_1,5515.0,541795.73,8675618.94,227.349,212.967,0.0,212.967,0.0,0.0,0.392,certain_cold
dronbreen-20220328-DAT_0226_A1_1,5520.0,541795.64,8675624.08,226.979,212.91,0.0,212.91,0.0,0.0,0.387,certain_cold
dronbreen-20220328-DAT_0226_A1_1,5525.0,541795.65,8675628.8,226.626,212.87,0.0,212.87,0.0,0.0,0.382,certain_cold
dronbreen-20220328-DAT_0226_A1_1,5530.0,541795.72,8675634.36,226.193,212.749,0.0,212.749,0.0,0.0,0.378,uncertain_cold
dronbreen-20220328-DAT_0226_A1_1,5535.0,541795.7,8675639.41,225.782,212.651,0.0,212.651,0.0,0.0,0.374,uncertain_cold
dronbreen-20220328-DAT_0226_A1_1,5540.0,541795.68,8675644.0,225.428,212.505,0.0,212.505,0.0,0.0,0.371,uncertain_cold
dronbreen-20220328-DAT_0226_A1_1,5545.0,541795.62,8675649.27,225.03,212.42,0.0,212.42,0.0,0.0,0.366,certain_cold
dronbreen-20220328-DAT_0226_A1_1,5550.0,541795.51,8675654.0,224.658,212.256,0.0,212.256,0.0,0.0,0.363,certain_cold
dronbreen-20220328-DAT_0226_A1_1,5555.0,541795.34,8675659.37,224.249,212.056,0.0,212.056,0.0,0.0,0.361,uncertain_cold
dronbreen-20220328-DAT_0226_A1_1,5560.0,541795.3,8675664.52,223.872,211.887,0.0,211.887,0.0,0.0,0.358,uncertain_cold
dronbreen-20220328-DAT_0226_A1_1,5565.0,541795.26,8675669.36,223.523,211.85,0.0,211.85,0.0,0.0,0.354,uncertain_cold
dronbreen-20220328-DAT_0226_A1_1,5570.0,541795.04,8675674.56,223.121,211.657,0.0,211.657,0.0,0.0,0.351,uncertain_cold
dronbreen-20220328-DAT_0226_A1_1,5575.0,541794.78,8675679.27,222.753,211.602,0.0,211.602,0.0,0.0,0.347,uncertain_cold
dronbreen-20220328-DAT_0226_A1_1,5580.0,541794.37,8675684.09,222.382,211.543,0.0,211.543,0.0,0.0,0.343,uncertain_cold
dronbreen-20220328-DAT_0226_A1_1,5585.0,541793.8,8675689.69,221.939,211.518,0.0,211.518,0.0,0.0,0.339,certain_cold
dronbreen-20220328-DAT_0226_A1_1,5590.0,541793.37,8675693.95,221.576,211.363,0.0,211.363,0.0,0.0,0.336,uncertain_cold
dronbreen-20220328-DAT_0226_A1_1,5595.0,541792.8,8675699.43,221.088,211.083,0.0,211.083,0.0,0.0,0.333,uncertain_cold
dronbreen-20220328-DAT_0226_A1_1,5600.0,541792.18,8675704.43,220.612,210.815,0.0,210.815,0.0,0.0,0.329,uncertain_temperate
dronbreen-20220328-DAT_0226_A1_1,5605.0,541791.62,8675708.88,220.205,210.617,0.0,210.617,0.0,0.0,0.326,uncertain_temperate
dronbreen-20220328-DAT_0226_A1_1,5610.0,541790.84,8675714.44,219.686,210.41,0.0,210.41,0.0,0.0,0.323,uncertain_temperate
dronbreen-20220328-DAT_0226_A1_1,5615.0,541789.98,8675719.44,219.192,210.229,0.0,210.229,0.0,0.0,0.319,uncertain_temperate
dronbreen-20220328-DAT_0226_A1_1,5620.0,541789.19,8675723.88,218.73,210.08,0.0,210.08,0.0,0.0,0.317,uncertain_cold
dronbreen-20220328-DAT_0226_A1_1,5625.0,541788.36,8675729.02,218.204,209.866,0.0,209.866,0.0,0.0,0.314,uncertain_cold
dronbreen-20220328-DAT_0226_A1_1,5630.0,541787.68,8675733.7,217.725,209.7,0.0,209.7,0.0,0.0,0.31,uncertain_cold
dronbreen-20220328-DAT_0226_A1_1,5635.0,541786.94,8675738.51,217.198,209.382,0.0,209.382,0.0,0.0,0.308,uncertain_cold
dronbreen-20220328-DAT_0226_A1_1,5640.0,541786.08,8675743.46,216.637,209.134,0.0,209.134,0.0,0.0,0.305,uncertain_cold
dronbreen-20220328-DAT_0226_A1_1,5645.0,541785.06,8675748.87,216.01,208.923,0.0,208.923,0.0,0.0,0.301,uncertain_cold
dronbreen-20220328-DAT_0226_A1_1,5650.0,541783.89,8675753.8,215.46,208.582,0.0,208.582,0.0,0.0,0.299,uncertain_cold
dronbreen-20220328-DAT_0226_A1_1,5655.0,541782.54,8675758.75,214.893,208.327,0.0,208.327,0.0,0.0,0.296,uncertain_cold
dronbreen-20220328-DAT_0226_A1_1,5660.0,541781.19,8675762.71,214.403,208.15,0.0,208.15,0.0,0.0,0.294,uncertain_cold
dronbreen-20220328-DAT_0226_A1_1,5665.0,541779.29,8675767.46,213.817,207.877,0.0,207.877,0.0,0.0,0.291,uncertain_cold
dronbreen-20220328-DAT_0226_A1_1,5670.0,541777.56,8675772.37,213.257,207.525,0.0,207.525,0.0,0.0,0.289,uncertain_cold
dronbreen-20220328-DAT_0226_A1_1,5675.0,541775.79,8675777.06,212.731,207.312,0.0,207.312,0.0,0.0,0.287,uncertain_cold
dronbreen-20220328-DAT_0226_A1_1,5680.0,541773.78,8675782.02,212.146,206.935,0.0,206.935,0.0,0.0,0.285,uncertain_cold
dronbreen-20220328-DAT_0226_A1_1,5685.0,541772.18,8675786.19,211.635,206.737,0.0,206.737,0.0,0.0,0.283,uncertain_cold
dronbreen-20220328-DAT_0226_A1_1,5690.0,541770.36,8675791.4,211.0,206.623,0.0,206.623,0.0,0.0,0.28,uncertain_cold
dronbreen-20220328-DAT_0226_A1_1,5695.0,541769.04,8675795.83,210.504,206.439,0.0,206.439,0.0,0.0,0.278,uncertain_cold
dronbreen-20220328-DAT_0226_A1_1,5700.0,541767.75,8675801.06,209.969,206.217,0.0,206.217,0.0,0.0,0.276,uncertain_cold
dronbreen-20220328-DAT_0226_A1_1,5705.0,541766.86,8675805.62,209.531,206.196,0.0,206.196,0.0,0.0,0.274,uncertain_cold
dronbreen-20220328-DAT_0226_A1_1,5710.0,541766.09,8675810.25,209.097,206.178,0.0,206.178,0.0,0.0,0.272,uncertain_cold
dronbreen-20220328-DAT_0226_A1_1,5715.0,541765.63,8675815.64,208.621,206.12,0.0,206.12,0.0,0.0,0.27,uncertain_cold
dronbreen-20220328-DAT_0226_A1_1,5720.0,541765.32,8675820.84,208.172,206.088,0.0,206.088,0.0,0.0,0.269,certain_cold
dronbreen-20220328-DAT_0226_A1_1,5725.0,541765.03,8675825.56,207.769,205.789,0.0,205.789,0.0,0.0,0.269,uncertain_cold
dronbreen-20220328-DAT_0226_A1_1,5730.0,541764.83,8675830.13,207.397,205.417,0.0,205.417,0.0,0.0,0.268,uncertain_temperate
dronbreen-20220328-DAT_0226_A1_1,5735.0,541764.73,8675835.33,207.0,205.228,0.0,205.228,0.0,0.0,0.268,certain_cold
dronbreen-20220328-DAT_0226_A1_1,5740.0,541764.77,8675840.17,206.689,205.022,0.0,205.022,0.0,0.0,0.268,uncertain_cold
dronbreen-20220328-DAT_0226_A1_1,5745.0,541764.88,8675845.76,206.406,204.739,0.0,204.739,0.0,0.0,0.268,uncertain_cold
dronbreen-20220328-DAT_0226_A1_1,5750.0,541764.83,8675851.03,206.204,205.266,0.0,205.266,0.0,0.0,0.266,certain_cold
dronbreen-20220328-DAT_0226_A1_1,5755.0,541764.66,8675855.43,206.074,205.136,0.0,205.136,0.0,0.0,0.266,certain_cold
dronbreen-20220328-DAT_0226_A1_1,5760.0,541764.46,8675860.51,205.949,205.116,0.0,205.116,0.0,0.0,0.266,certain_cold
dronbreen-20220328-DAT_0226_A1_1,5765.0,541764.4,8675865.53,205.849,205.016,0.0,205.016,0.0,0.0,0.266,certain_cold
dronbreen-20220328-DAT_0226_A1_1,5770.0,541764.36,8675870.49,205.801,204.967,0.0,204.967,0.0,0.0,0.266,certain_cold
dronbreen-20220328-DAT_0226_A1_1,5775.0,541764.43,8675875.46,205.785,204.951,0.0,204.951,0.0,0.0,0.266,certain_cold
dronbreen-20220328-DAT_0226_A1_1,5780.0,541764.81,8675880.43,205.792,204.958,0.0,204.958,0.0,0.0,0.266,certain_cold
dronbreen-20220328-DAT_0226_A1_1,5785.0,541765.33,8675885.41,205.77,205.041,0.0,205.041,0.0,0.0,0.266,certain_cold
dronbreen-20220328-DAT_0226_A1_1,5790.0,541766.0,8675890.22,205.698,204.968,0.0,204.968,0.0,0.0,0.266,certain_cold
dronbreen-20220328-DAT_0226_A1_1,5795.0,541766.83,8675895.82,205.609,204.88,0.0,204.88,0.0,0.0,0.266,certain_cold
dronbreen-20220328-DAT_0226_A1_1,5800.0,541767.47,8675900.6,205.552,204.823,0.0,204.823,0.0,0.0,0.266,certain_cold
dronbreen-20220328-DAT_0226_A1_1,5805.0,541767.96,8675904.97,205.514,204.889,0.0,204.889,0.0,0.0,0.266,certain_cold
dronbreen-20220328-DAT_0226_A1_1,5810.0,541768.41,8675910.01,205.471,204.845,0.0,204.845,0.0,0.0,0.266,certain_cold
dronbreen-20220328-DAT_0226_A1_1,5815.0,541768.69,8675915.11,205.371,204.745,0.0,204.745,0.0,0.0,0.266,certain_cold
dronbreen-20220328-DAT_0226_A1_1,5820.0,541769.12,8675920.33,205.222,204.596,0.0,204.596,0.0,0.0,0.266,certain_cold
dronbreen-20220328-DAT_0226_A1_1,5825.0,541769.78,8675925.59,205.061,204.436,0.0,204.436,0.0,0.0,0.266,certain_cold
dronbreen-20220328-DAT_0226_A1_1,5830.0,541770.33,8675929.86,204.929,204.407,0.0,204.407,0.0,0.0,0.266,certain_cold
dronbreen-20220328-DAT_0226_A1_1,5835.0,541771.08,8675935.42,204.798,204.277,0.0,204.277,0.0,0.0,0.266,certain_cold
dronbreen-20220328-DAT_0226_A1_1,5840.0,541771.88,8675940.21,204.728,204.207,0.0,204.207,0.0,0.0,0.266,certain_cold
dronbreen-20220328-DAT_0226_A1_1,5845.0,541772.4,8675945.5,204.645,204.124,0.0,204.124,0.0,0.0,0.266,certain_cold
dronbreen-20220328-DAT_0226_A1_1,5850.0,541772.38,8675950.07,204.55,204.029,0.0,204.029,0.0,0.0,0.266,certain_cold
dronbreen-20220328-DAT_0226_A1_1,5855.0,541772.01,8675954.79,204.434,204.017,0.0,204.017,0.0,0.0,0.266,certain_cold
dronbreen-20220328-DAT_0226_A1_1,5860.0,541771.65,8675959.86,204.295,203.878,0.0,203.878,0.0,0.0,0.266,certain_cold
dronbreen-20220328-DAT_0226_A1_1,5865.0,541771.02,8675965.43,204.106,203.689,0.0,203.689,0.0,0.0,0.266,certain_cold
dronbreen-20220328-DAT_0226_A1_1,5870.0,541770.34,8675970.01,203.927,203.51,0.0,203.51,0.0,0.0,0.266,certain_cold
dronbreen-20220328-DAT_0226_A1_1,5875.0,541769.45,8675975.24,203.723,203.41,0.0,203.41,0.0,0.0,0.266,certain_cold
