radar_key,distance,easting,northing,elevation,bed_elevation,temperate,temperate_elevation,temperate_lower,temperate_upper,temperate_gpr_uncertainty,bed_type
dronbreen-20220328-DAT_0228_A1_2,0.0,538257.4,8670304.77,698.708,603.558,0.0,603.558,0.0,0.0,1.921,certain_cold
dronbreen-20220328-DAT_0228_A1_2,5.0,538262.24,8670304.4,698.403,604.191,0.0,604.191,0.0,0.0,1.903,certain_cold
dronbreen-20220328-DAT_0228_A1_2,10.0,538267.48,8670303.26,698.033,604.342,0.0,604.342,0.0,0.0,1.893,certain_cold
dronbreen-20220328-DAT_0228_A1_2,15.0,538272.05,8670301.73,697.682,604.303,0.0,604.303,0.0,0.0,1.886,certain_cold
dronbreen-20220328-DAT_0228_A1_2,20.0,538276.4,8670300.24,697.355,604.185,0.0,604.185,0.0,0.0,1.882,certain_cold
dronbreen-20220328-DAT_0228_A1_2,25.0,538281.91,8670298.58,696.975,604.221,0.0,604.221,0.0,0.0,1.872,certain_cold
dronbreen-20220328-DAT_0228_A1_2,30.0,538286.06,8670297.21,696.666,604.33,0.0,604.33,0.0,0.0,1.864,certain_cold
dronbreen-20220328-DAT_0228_A1_2,35.0,538290.87,8670295.65,696.294,604.687,0.0,604.687,0.0,0.0,1.851,certain_cold
dronbreen-20220328-DAT_0228_A1_2,40.0,538295.55,8670294.2,695.931,604.95,0.0,604.95,0.0,0.0,1.839,certain_cold
dronbreen-20220328-DAT_0228_A1_2,45.0,538300.32,8670293.01,695.592,605.028,0.0,605.028,0.0,0.0,1.833,certain_cold
dronbreen-20220328-DAT_0228_A1_2,50.0,538305.7,8670291.94,695.247,605.308,0.0,605.308,0.0,0.0,1.82,certain_cold
dronbreen-20220328-DAT_0228_A1_2,55.0,538310.4,8670291.21,694.95,605.323,0.0,605.323,0.0,0.0,1.812,certain_cold
dronbreen-20220328-DAT_0228_A1_2,60.0,538315.25,8670290.79,694.622,605.308,0.0,605.308,0.0,0.0,1.806,certain_cold
dronbreen-20220328-DAT_0228_A1_2,65.0,538321.05,8670290.46,694.212,605.315,0.0,605.315,0.0,0.0,1.8,certain_cold
dronbreen-20220328-DAT_0228_A1_2,70.0,538325.5,8670290.33,693.91,605.325,0.0,605.325,0.0,0.0,1.794,certain_cold
dronbreen-20220328-DAT_0228_A1_2,75.0,538330.57,8670290.29,693.566,605.398,0.0,605.398,0.0,0.0,1.785,certain_cold
dronbreen-20220328-DAT_0228_A1_2,80.0,538335.7,8670290.07,693.196,605.236,0.0,605.236,0.0,0.0,1.779,certain_cold
dronbreen-20220328-DAT_0228_A1_2,85.0,538340.26,8670289.64,692.85,605.099,0.0,605.099,0.0,0.0,1.775,certain_cold
dronbreen-20220328-DAT_0228_A1_2,90.0,538345.81,8670288.86,692.397,605.167,0.0,605.167,0.0,0.0,1.765,certain_cold
dronbreen-20220328-DAT_0228_A1_2,95.0,538350.48,8670288.19,691.985,604.964,0.0,604.964,0.0,0.0,1.761,certain_cold
dronbreen-20220328-DAT_0228_A1_2,100.0,538354.83,8670287.45,691.591,604.674,0.0,604.674,0.0,0.0,1.759,certain_cold
dronbreen-20220328-DAT_0228_A1_2,105.0,538359.84,8670286.66,691.149,604.857,0.0,604.857,0.0,0.0,1.746,certain_cold
dronbreen-20220328-DAT_0228_A1_2,110.0,538365.44,8670285.76,690.688,605.126,0.0,605.126,0.0,0.0,1.732,certain_cold
dronbreen-20220328-DAT_0228_A1_2,115.0,538369.71,8670284.89,690.323,605.177,0.0,605.177,0.0,0.0,1.723,certain_cold
dronbreen-20220328-DAT_0228_A1_2,120.0,538374.69,8670283.17,689.828,605.203,0.0,605.203,0.0,0.0,1.713,certain_cold
dronbreen-20220328-DAT_0228_A1_2,125.0,538379.18,8670281.44,689.325,605.326,0.0,605.326,0.0,0.0,1.703,certain_cold
dronbreen-20220328-DAT_0228_A1_2,130.0,538384.19,8670279.82,688.711,605.025,0.0,605.025,0.0,0.0,1.697,certain_cold
dronbreen-20220328-DAT_0228_A1_2,135.0,538389.06,8670278.19,688.123,605.062,0.0,605.062,0.0,0.0,1.684,certain_cold
dronbreen-20220328-DAT_0228_A1_2,140.0,538394.0,8670276.47,687.565,605.13,0.0,605.13,0.0,0.0,1.674,certain_cold
dronbreen-20220328-DAT_0228_A1_2,145.0,538398.24,8670275.05,687.088,604.756,0.0,604.756,0.0,0.0,1.67,certain_cold
dronbreen-20220328-DAT_0228_A1_2,150.0,538403.27,8670273.22,686.476,604.353,0.0,604.353,0.0,0.0,1.664,certain_cold
dronbreen-20220328-DAT_0228_A1_2,155.0,538408.06,8670271.63,685.855,604.149,0.0,604.149,0.0,0.0,1.656,certain_cold
dronbreen-20220328-DAT_0228_A1_2,160.0,538412.43,8670270.11,685.27,603.981,0.0,603.981,0.0,0.0,1.647,certain_cold
dronbreen-20220328-DAT_0228_A1_2,165.0,538417.02,8670268.56,684.628,603.651,0.0,603.651,0.0,0.0,1.641,certain_cold
dronbreen-20220328-DAT_0228_A1_2,170.0,538421.82,8670267.21,683.923,603.364,0.0,603.364,0.0,0.0,1.633,certain_cold
dronbreen-20220328-DAT_0228_A1_2,175.0,538426.69,8670265.96,683.187,603.044,0.0,603.044,0.0,0.0,1.625,certain_cold
dronbreen-20220328-DAT_0228_A1_2,180.0,538431.53,8670264.7,682.458,602.836,0.0,602.836,0.0,0.0,1.614,certain_cold
dronbreen-20220328-DAT_0228_A1_2,185.0,538436.2,8670263.34,681.783,602.578,0.0,602.578,0.0,0.0,1.606,certain_cold
dronbreen-20220328-DAT_0228_A1_2,190.0,538441.53,8670261.91,680.985,602.301,0.0,602.301,0.0,0.0,1.596,certain_cold
dronbreen-20220328-DAT_0228_A1_2,195.0,538446.19,8670260.46,680.216,601.949,0.0,601.949,0.0,0.0,1.588,certain_cold
dronbreen-20220328-DAT_0228_A1_2,200.0,538450.58,8670259.1,679.471,601.413,0.0,601.413,0.0,0.0,1.584,certain_cold
dronbreen-20220328-DAT_0228_A1_2,205.0,538455.63,8670257.57,678.616,600.766,0.0,600.766,0.0,0.0,1.579,certain_cold
dronbreen-20220328-DAT_0228_A1_2,210.0,538460.61,8670256.04,677.813,600.276,0.0,600.276,0.0,0.0,1.573,certain_cold
dronbreen-20220328-DAT_0228_A1_2,215.0,538465.54,8670254.5,677.03,599.91,0.0,599.91,0.0,0.0,1.565,certain_cold
dronbreen-20220328-DAT_0228_A1_2,220.0,538470.56,8670252.97,676.219,599.516,0.0,599.516,0.0,0.0,1.557,certain_cold
dronbreen-20220328-DAT_0228_A1_2,225.0,538474.69,8670251.65,675.531,599.036,0.0,599.036,0.0,0.0,1.553,certain_cold
dronbreen-20220328-DAT_0228_A1_2,230.0,538479.25,8670249.93,674.747,598.46,0.0,598.46,0.0,0.0,1.549,certain_cold
dronbreen-20220328-DAT_0228_A1_2,235.0,538484.68,8670248.17,673.774,597.799,0.0,597.799,0.0,0.0,1.54,certain_cold
dronbreen-20220328-DAT_0228_A1_2,240.0,538489.06,8670246.8,672.911,597.145,0.0,597.145,0.0,0.0,1.538,certain_cold
dronbreen-20220328-DAT_0228_A1_2,245.0,538493.53,8670245.44,672.017,596.356,0.0,596.356,0.0,0.0,1.532,certain_cold
dronbreen-20220328-DAT_0228_A1_2,250.0,538498.61,8670244.1,671.067,595.614,0.0,595.614,0.0,0.0,1.526,certain_cold
dronbreen-20220328-DAT_0228_A1_2,255.0,538503.7,8670242.57,670.143,594.898,0.0,594.898,0.0,0.0,1.524,certain_cold
dronbreen-20220328-DAT_0228_A1_2,260.0,538508.24,8670241.33,669.318,594.282,0.0,594.282,0.0,0.0,1.524,certain_cold
dronbreen-20220328-DAT_0228_A1_2,265.0,538513.07,8670239.95,668.417,593.485,0.0,593.485,0.0,0.0,1.522,certain_cold
dronbreen-20220328-DAT_0228_A1_2,270.0,538518.22,8670238.47,667.423,592.386,0.0,592.386,0.0,0.0,1.524,certain_cold
dronbreen-20220328-DAT_0228_A1_2,275.0,538523.07,8670237.17,666.541,591.504,0.0,591.504,0.0,0.0,1.524,certain_cold
dronbreen-20220328-DAT_0228_A1_2,280.0,538528.01,8670235.87,665.692,590.655,0.0,590.655,0.0,0.0,1.524,certain_cold
dronbreen-20220328-DAT_0228_A1_2,285.0,538532.48,8670234.74,664.932,589.895,0.0,589.895,0.0,0.0,1.524,certain_cold
dronbreen-20220328-DAT_0228_A1_2,290.0,538537.36,8670233.3,664.066,588.717,0.0,588.717,0.0,0.0,1.53,certain_cold
dronbreen-20220328-DAT_0228_A1_2,295.0,538541.7,8670231.93,663.306,587.749,0.0,587.749,0.0,0.0,1.534,certain_cold
dronbreen-20220328-DAT_0228_A1_2,300.0,538547.04,8670230.22,662.382,586.512,0.0,586.512,0.0,0.0,1.543,certain_cold
dronbreen-20220328-DAT_0228_A1_2,305.0,538551.24,8670228.79,661.657,585.37,0.0,585.37,0.0,0.0,1.549,certain_cold
dronbreen-20220328-DAT_0228_A1_2,310.0,538556.46,8670226.96,660.76,583.952,0.0,583.952,0.0,0.0,1.559,certain_cold
dronbreen-20220328-DAT_0228_A1_2,315.0,538560.59,8670225.59,660.06,582.836,0.0,582.836,0.0,0.0,1.567,certain_cold
dronbreen-20220328-DAT_0228_A1_2,320.0,538565.79,8670224.06,659.234,581.28,0.0,581.28,0.0,0.0,1.582,certain_cold
dronbreen-20220328-DAT_0228_A1_2,325.0,538570.1,8670222.76,658.641,580.166,0.0,580.166,0.0,0.0,1.592,certain_cold
dronbreen-20220328-DAT_0228_A1_2,330.0,538575.35,8670221.36,658.022,578.921,0.0,578.921,0.0,0.0,1.604,certain_cold
dronbreen-20220328-DAT_0228_A1_2,335.0,538579.82,8670220.16,657.529,577.177,0.0,577.177,0.0,0.0,1.629,uncertain_cold
dronbreen-20220328-DAT_0228_A1_2,340.0,538584.75,8670218.84,657.01,575.408,0.0,575.408,0.0,0.0,1.654,uncertain_cold
dronbreen-20220328-DAT_0228_A1_2,345.0,538590.21,8670217.36,656.511,573.554,0.0,573.554,0.0,0.0,1.68,certain_cold
dronbreen-20220328-DAT_0228_A1_2,350.0,538595.08,8670216.22,656.122,571.706,0.0,571.706,0.0,0.0,1.709,certain_cold
dronbreen-20220328-DAT_0228_A1_2,355.0,538599.17,8670215.09,655.831,570.373,0.0,570.373,0.0,0.0,1.734,certain_cold
dronbreen-20220328-DAT_0228_A1_2,360.0,538604.76,8670213.64,655.475,568.454,0.0,568.454,0.0,0.0,1.771,certain_cold
dronbreen-20220328-DAT_0228_A1_2,365.0,538609.15,8670212.46,655.212,566.94,0.0,566.94,0.0,0.0,1.794,certain_cold
dronbreen-20220328-DAT_0228_A1_2,370.0,538614.26,8670210.98,654.892,565.057,0.0,565.057,0.0,0.0,1.82,certain_cold
dronbreen-20220328-DAT_0228_A1_2,375.0,538618.91,8670209.52,654.599,563.513,0.0,563.513,0.0,0.0,1.843,certain_cold
dronbreen-20220328-DAT_0228_A1_2,380.0,538623.94,8670207.86,654.272,561.936,0.0,561.936,0.0,0.0,1.866,certain_cold
dronbreen-20220328-DAT_0228_A1_2,385.0,538628.07,8670206.49,654.026,560.543,0.0,560.543,0.0,0.0,1.888,certain_cold
dronbreen-20220328-DAT_0228_A1_2,390.0,538633.31,8670204.78,653.746,559.325,0.0,559.325,0.0,0.0,1.907,certain_cold
dronbreen-20220328-DAT_0228_A1_2,395.0,538637.77,8670203.45,653.534,557.967,0.0,557.967,0.0,0.0,1.93,certain_cold
dronbreen-20220328-DAT_0228_A1_2,400.0,538642.56,8670202.26,653.294,556.477,0.0,556.477,0.0,0.0,1.954,certain_cold
dronbreen-20220328-DAT_0228_A1_2,405.0,538647.81,8670200.86,652.982,555.226,0.0,555.226,0.0,0.0,1.973,certain_cold
dronbreen-20220328-DAT_0228_A1_2,410.0,538652.61,8670199.54,652.678,554.089,0.0,554.089,0.0,0.0,1.99,certain_cold
dronbreen-20220328-DAT_0228_A1_2,415.0,538657.19,8670198.42,652.384,552.753,0.0,552.753,0.0,0.0,2.01,certain_cold
dronbreen-20220328-DAT_0228_A1_2,420.0,538662.03,8670197.29,652.073,551.712,0.0,551.712,0.0,0.0,2.025,certain_cold
dronbreen-20220328-DAT_0228_A1_2,425.0,538667.19,8670195.89,651.72,550.63,0.0,550.63,0.0,0.0,2.039,certain_cold
dronbreen-20220328-DAT_0228_A1_2,430.0,538672.16,8670194.79,651.382,549.562,0.0,549.562,0.0,0.0,2.054,certain_cold
dronbreen-20220328-DAT_0228_A1_2,435.0,538676.21,8670193.82,651.119,548.674,0.0,548.674,0.0,0.0,2.066,certain_cold
dronbreen-20220328-DAT_0228_A1_2,440.0,538681.59,8670192.72,650.776,547.601,0.0,547.601,0.0,0.0,2.081,certain_cold
dronbreen-20220328-DAT_0228_A1_2,445.0,538686.55,8670192.04,650.434,546.634,0.0,546.634,0.0,0.0,2.093,certain_cold
dronbreen-20220328-DAT_0228_A1_2,450.0,538691.41,8670191.56,650.066,545.432,0.0,545.432,0.0,0.0,2.109,certain_cold
dronbreen-20220328-DAT_0228_A1_2,455.0,538695.96,8670190.76,649.698,544.335,0.0,544.335,0.0,0.0,2.124,certain_cold
dronbreen-20220328-DAT_0228_A1_2,460.0,538701.21,8670189.8,649.298,543.31,0.0,543.31,0.0,0.0,2.138,certain_cold
dronbreen-20220328-DAT_0228_A1_2,465.0,538706.4,8670188.83,648.955,542.341,0.0,542.341,0.0,0.0,2.149,certain_cold
dronbreen-20220328-DAT_0228_A1_2,470.0,538711.48,8670187.86,648.631,541.496,0.0,541.496,0.0,0.0,2.159,certain_cold
dronbreen-20220328-DAT_0228_A1_2,475.0,538716.39,8670186.8,648.281,540.624,0.0,540.624,0.0,0.0,2.169,certain_cold
dronbreen-20220328-DAT_0228_A1_2,480.0,538720.64,8670185.95,647.959,539.886,0.0,539.886,0.0,0.0,2.178,certain_cold
dronbreen-20220328-DAT_0228_A1_2,485.0,538726.41,8670185.06,647.503,539.013,0.0,539.013,0.0,0.0,2.186,certain_cold
dronbreen-20220328-DAT_0228_A1_2,490.0,538731.09,8670184.33,647.111,538.204,0.0,538.204,0.0,0.0,2.194,certain_cold
dronbreen-20220328-DAT_0228_A1_2,495.0,538735.8,8670183.53,646.651,537.432,0.0,537.432,0.0,0.0,2.2,certain_cold
dronbreen-20220328-DAT_0228_A1_2,500.0,538740.72,8670182.71,646.147,536.511,0.0,536.511,0.0,0.0,2.209,certain_cold
dronbreen-20220328-DAT_0228_A1_2,505.0,538746.31,8670181.79,645.554,535.605,0.0,535.605,0.0,0.0,2.215,certain_cold
dronbreen-20220328-DAT_0228_A1_2,510.0,538750.97,8670181.12,645.068,534.807,0.0,534.807,0.0,0.0,2.221,certain_cold
dronbreen-20220328-DAT_0228_A1_2,515.0,538755.57,8670180.38,644.619,534.148,0.0,534.148,0.0,0.0,2.225,certain_cold
dronbreen-20220328-DAT_0228_A1_2,520.0,538760.61,8670179.7,644.219,533.436,0.0,533.436,0.0,0.0,2.232,certain_cold
dronbreen-20220328-DAT_0228_A1_2,525.0,538765.85,8670179.0,643.865,532.666,0.0,532.666,0.0,0.0,2.24,certain_cold
dronbreen-20220328-DAT_0228_A1_2,530.0,538770.55,8670178.39,643.621,532.004,0.0,532.004,0.0,0.0,2.248,certain_cold
dronbreen-20220328-DAT_0228_A1_2,535.0,538775.29,8670177.79,643.361,531.432,0.0,531.432,0.0,0.0,2.254,certain_cold
dronbreen-20220328-DAT_0228_A1_2,540.0,538780.66,8670177.17,642.962,530.72,0.0,530.72,0.0,0.0,2.26,certain_cold
dronbreen-20220328-DAT_0228_A1_2,545.0,538785.77,8670176.66,642.517,530.067,0.0,530.067,0.0,0.0,2.265,certain_cold
dronbreen-20220328-DAT_0228_A1_2,550.0,538790.63,8670176.13,642.045,529.282,0.0,529.282,0.0,0.0,2.271,certain_cold
dronbreen-20220328-DAT_0228_A1_2,555.0,538794.96,8670175.75,641.604,528.736,0.0,528.736,0.0,0.0,2.273,certain_cold
dronbreen-20220328-DAT_0228_A1_2,560.0,538800.4,8670175.13,641.028,527.849,0.0,527.849,0.0,0.0,2.279,certain_cold
dronbreen-20220328-DAT_0228_A1_2,565.0,538805.23,8670174.74,640.524,527.032,0.0,527.032,0.0,0.0,2.285,certain_cold
dronbreen-20220328-DAT_0228_A1_2,570.0,538810.51,8670174.05,640.067,526.262,0.0,526.262,0.0,0.0,2.292,certain_cold
dronbreen-20220328-DAT_0228_A1_2,575.0,538815.74,8670173.55,639.714,525.7,0.0,525.7,0.0,0.0,2.296,certain_cold
dronbreen-20220328-DAT_0228_A1_2,580.0,538819.95,8670173.2,639.475,525.149,0.0,525.149,0.0,0.0,2.302,certain_cold
dronbreen-20220328-DAT_0228_A1_2,585.0,538824.62,8670172.8,639.214,524.68,0.0,524.68,0.0,0.0,2.306,certain_cold
dronbreen-20220328-DAT_0228_A1_2,590.0,538830.01,8670172.35,638.878,524.03,0.0,524.03,0.0,0.0,2.312,certain_cold
dronbreen-20220328-DAT_0228_A1_2,595.0,538834.83,8670171.96,638.548,523.388,0.0,523.388,0.0,0.0,2.318,certain_cold
dronbreen-20220328-DAT_0228_A1_2,600.0,538840.03,8670171.56,638.171,522.699,0.0,522.699,0.0,0.0,2.325,certain_cold
dronbreen-20220328-DAT_0228_A1_2,605.0,538844.87,8670171.11,637.784,521.895,0.0,521.895,0.0,0.0,2.333,certain_cold
dronbreen-20220328-DAT_0228_A1_2,610.0,538850.24,8670170.55,637.325,521.123,0.0,521.123,0.0,0.0,2.339,certain_cold
dronbreen-20220328-DAT_0228_A1_2,615.0,538854.95,8670170.28,636.902,520.596,0.0,520.596,0.0,0.0,2.341,certain_cold
dronbreen-20220328-DAT_0228_A1_2,620.0,538860.21,8670169.72,636.425,519.806,0.0,519.806,0.0,0.0,2.347,certain_cold
dronbreen-20220328-DAT_0228_A1_2,625.0,538864.88,8670169.39,636.016,518.98,0.0,518.98,0.0,0.0,2.356,certain_cold
dronbreen-20220328-DAT_0228_A1_2,630.0,538870.01,8670169.07,635.592,518.243,0.0,518.243,0.0,0.0,2.362,certain_cold
dronbreen-20220328-DAT_0228_A1_2,635.0,538874.64,8670168.8,635.289,517.524,0.0,517.524,0.0,0.0,2.37,certain_cold
dronbreen-20220328-DAT_0228_A1_2,640.0,538879.97,8670168.4,635.028,516.741,0.0,516.741,0.0,0.0,2.381,certain_cold
dronbreen-20220328-DAT_0228_A1_2,645.0,538885.3,8670167.93,634.805,516.31,0.0,516.31,0.0,0.0,2.385,certain_cold
dronbreen-20220328-DAT_0228_A1_2,650.0,538890.07,8670167.51,634.593,515.785,0.0,515.785,0.0,0.0,2.391,certain_cold
dronbreen-20220328-DAT_0228_A1_2,655.0,538894.69,8670167.09,634.36,515.24,0.0,515.24,0.0,0.0,2.397,certain_cold
dronbreen-20220328-DAT_0228_A1_2,660.0,538899.74,8670166.49,634.096,514.767,0.0,514.767,0.0,0.0,2.401,certain_cold
dronbreen-20220328-DAT_0228_A1_2,665.0,538904.67,8670165.86,633.847,514.101,0.0,514.101,0.0,0.0,2.412,certain_cold
dronbreen-20220328-DAT_0228_A1_2,670.0,538910.02,8670165.11,633.598,513.227,0.0,513.227,0.0,0.0,2.422,certain_cold
dronbreen-20220328-DAT_0228_A1_2,675.0,538914.73,8670164.22,633.405,512.513,0.0,512.513,0.0,0.0,2.432,certain_cold
dronbreen-20220328-DAT_0228_A1_2,680.0,538919.63,8670163.15,633.216,512.012,0.0,512.012,0.0,0.0,2.443,certain_cold
dronbreen-20220328-DAT_0228_A1_2,685.0,538924.58,8670161.89,633.047,511.322,0.0,511.322,0.0,0.0,2.451,certain_cold
dronbreen-20220328-DAT_0228_A1_2,690.0,538929.03,8670160.82,632.895,510.753,0.0,510.753,0.0,0.0,2.459,certain_cold
dronbreen-20220328-DAT_0228_A1_2,695.0,538933.92,8670159.72,632.711,510.152,0.0,510.152,0.0,0.0,2.468,certain_cold
dronbreen-20220328-DAT_0228_A1_2,700.0,538939.01,8670158.69,632.537,509.456,0.0,509.456,0.0,0.0,2.478,certain_cold
dronbreen-20220328-DAT_0228_A1_2,705.0,538943.61,8670158.1,632.41,508.705,0.0,508.705,0.0,0.0,2.488,certain_cold
dronbreen-20220328-DAT_0228_A1_2,710.0,538949.23,8670157.5,632.309,508.082,0.0,508.082,0.0,0.0,2.499,certain_cold
dronbreen-20220328-DAT_0228_A1_2,715.0,538954.12,8670156.99,632.285,507.537,0.0,507.537,0.0,0.0,2.511,certain_cold
dronbreen-20220328-DAT_0228_A1_2,720.0,538959.01,8670156.48,632.29,507.021,0.0,507.021,0.0,0.0,2.526,certain_cold
dronbreen-20220328-DAT_0228_A1_2,725.0,538963.62,8670156.34,632.316,506.213,0.0,506.213,0.0,0.0,2.54,certain_cold
dronbreen-20220328-DAT_0228_A1_2,730.0,538968.66,8670156.01,632.333,505.292,0.0,505.292,0.0,0.0,2.555,certain_cold
dronbreen-20220328-DAT_0228_A1_2,735.0,538973.9,8670155.73,632.299,504.32,0.0,504.32,0.0,0.0,2.573,certain_cold
dronbreen-20220328-DAT_0228_A1_2,740.0,538979.37,8670155.36,632.2,503.596,0.0,503.596,0.0,0.0,2.586,certain_cold
dronbreen-20220328-DAT_0228_A1_2,745.0,538983.89,8670155.37,632.063,502.938,0.0,502.938,0.0,0.0,2.596,certain_cold
dronbreen-20220328-DAT_0228_A1_2,750.0,538988.6,8670155.1,631.908,502.262,0.0,502.262,0.0,0.0,2.606,certain_cold
dronbreen-20220328-DAT_0228_A1_2,755.0,538993.73,8670154.97,631.703,501.328,0.0,501.328,0.0,0.0,2.621,certain_cold
dronbreen-20220328-DAT_0228_A1_2,760.0,538998.94,8670154.84,631.79,500.789,0.0,500.789,0.0,0.0,2.633,certain_cold
dronbreen-20220328-DAT_0228_A1_2,765.0,539003.42,8670154.72,631.756,500.234,0.0,500.234,0.0,0.0,2.644,certain_cold
dronbreen-20220328-DAT_0228_A1_2,770.0,539009.0,8670154.39,631.734,499.691,0.0,499.691,0.0,0.0,2.654,certain_cold
dronbreen-20220328-DAT_0228_A1_2,775.0,539013.36,8670154.08,631.722,499.471,0.0,499.471,0.0,0.0,2.658,certain_cold
dronbreen-20220328-DAT_0228_A1_2,780.0,539018.89,8670153.56,631.718,499.154,0.0,499.154,0.0,0.0,2.665,certain_cold
dronbreen-20220328-DAT_0228_A1_2,785.0,539023.48,8670153.41,631.69,498.918,0.0,498.918,0.0,0.0,2.669,certain_cold
dronbreen-20220328-DAT_0228_A1_2,790.0,539029.07,8670153.48,631.653,498.672,0.0,498.672,0.0,0.0,2.673,certain_cold
dronbreen-20220328-DAT_0228_A1_2,795.0,539033.74,8670153.62,631.601,498.411,0.0,498.411,0.0,0.0,2.677,certain_cold
dronbreen-20220328-DAT_0228_A1_2,800.0,539038.93,8670153.58,631.5,498.102,0.0,498.102,0.0,0.0,2.681,certain_cold
dronbreen-20220328-DAT_0228_A1_2,805.0,539043.86,8670153.27,631.354,497.957,0.0,497.957,0.0,0.0,2.681,certain_cold
dronbreen-20220328-DAT_0228_A1_2,810.0,539048.89,8670152.75,631.182,497.575,0.0,497.575,0.0,0.0,2.685,certain_cold
dronbreen-20220328-DAT_0228_A1_2,815.0,539053.63,8670152.27,631.003,497.292,0.0,497.292,0.0,0.0,2.687,certain_cold
dronbreen-20220328-DAT_0228_A1_2,820.0,539058.19,8670152.03,630.859,496.94,0.0,496.94,0.0,0.0,2.692,certain_cold
dronbreen-20220328-DAT_0228_A1_2,825.0,539063.42,8670151.87,630.727,496.6,0.0,496.6,0.0,0.0,2.696,certain_cold
dronbreen-20220328-DAT_0228_A1_2,830.0,539069.08,8670152.03,630.602,496.371,0.0,496.371,0.0,0.0,2.698,certain_cold
dronbreen-20220328-DAT_0228_A1_2,835.0,539073.43,8670152.16,630.519,496.183,0.0,496.183,0.0,0.0,2.7,certain_cold
dronbreen-20220328-DAT_0228_A1_2,840.0,539078.88,8670152.32,630.432,495.888,0.0,495.888,0.0,0.0,2.704,certain_cold
dronbreen-20220328-DAT_0228_A1_2,845.0,539083.76,8670152.65,630.332,495.475,0.0,495.475,0.0,0.0,2.71,certain_cold
dronbreen-20220328-DAT_0228_A1_2,850.0,539088.65,8670152.97,630.224,495.159,0.0,495.159,0.0,0.0,2.714,certain_cold
dronbreen-20220328-DAT_0228_A1_2,855.0,539093.56,8670153.12,630.095,494.822,0.0,494.822,0.0,0.0,2.718,certain_cold
dronbreen-20220328-DAT_0228_A1_2,860.0,539098.28,8670153.5,629.951,494.573,0.0,494.573,0.0,0.0,2.721,certain_cold
dronbreen-20220328-DAT_0228_A1_2,865.0,539103.73,8670153.91,629.761,494.175,0.0,494.175,0.0,0.0,2.725,certain_cold
dronbreen-20220328-DAT_0228_A1_2,870.0,539108.71,8670154.07,629.572,493.777,0.0,493.777,0.0,0.0,2.729,certain_cold
dronbreen-20220328-DAT_0228_A1_2,875.0,539113.15,8670154.43,629.383,493.484,0.0,493.484,0.0,0.0,2.731,certain_cold
dronbreen-20220328-DAT_0228_A1_2,880.0,539118.43,8670154.86,629.164,493.056,0.0,493.056,0.0,0.0,2.735,certain_cold
dronbreen-20220328-DAT_0228_A1_2,885.0,539123.7,8670155.29,628.974,492.762,0.0,492.762,0.0,0.0,2.737,certain_cold
dronbreen-20220328-DAT_0228_A1_2,890.0,539128.38,8670155.68,628.823,492.612,0.0,492.612,0.0,0.0,2.737,certain_cold
dronbreen-20220328-DAT_0228_A1_2,895.0,539133.03,8670156.06,628.676,492.36,0.0,492.36,0.0,0.0,2.741,certain_cold
dronbreen-20220328-DAT_0228_A1_2,900.0,539138.71,8670156.41,628.471,491.947,0.0,491.947,0.0,0.0,2.745,certain_cold
dronbreen-20220328-DAT_0228_A1_2,905.0,539143.49,8670156.89,628.276,491.439,0.0,491.439,0.0,0.0,2.75,certain_cold
dronbreen-20220328-DAT_0228_A1_2,910.0,539149.1,8670157.64,628.015,490.97,0.0,490.97,0.0,0.0,2.754,certain_cold
dronbreen-20220328-DAT_0228_A1_2,915.0,539152.89,8670158.13,627.829,490.575,0.0,490.575,0.0,0.0,2.758,certain_cold
dronbreen-20220328-DAT_0228_A1_2,920.0,539158.33,8670158.95,627.569,489.794,0.0,489.794,0.0,0.0,2.768,certain_cold
dronbreen-20220328-DAT_0228_A1_2,925.0,539162.95,8670159.6,627.358,489.27,0.0,489.27,0.0,0.0,2.774,certain_cold
dronbreen-20220328-DAT_0228_A1_2,930.0,539167.74,8670160.17,627.151,488.855,0.0,488.855,0.0,0.0,2.779,certain_cold
dronbreen-20220328-DAT_0228_A1_2,935.0,539173.36,8670160.78,626.912,488.408,0.0,488.408,0.0,0.0,2.783,certain_cold
dronbreen-20220328-DAT_0228_A1_2,940.0,539177.64,8670161.33,626.721,488.112,0.0,488.112,0.0,0.0,2.785,certain_cold
dronbreen-20220328-DAT_0228_A1_2,945.0,539183.27,8670161.77,626.424,487.607,0.0,487.607,0.0,0.0,2.789,certain_cold
dronbreen-20220328-DAT_0228_A1_2,950.0,539188.71,8670162.21,626.136,487.215,0.0,487.215,0.0,0.0,2.791,certain_cold
dronbreen-20220328-DAT_0228_A1_2,955.0,539193.34,8670162.53,625.901,486.772,0.0,486.772,0.0,0.0,2.795,certain_cold
dronbreen-20220328-DAT_0228_A1_2,960.0,539197.91,8670162.66,625.688,486.349,0.0,486.349,0.0,0.0,2.799,certain_cold
dronbreen-20220328-DAT_0228_A1_2,965.0,539203.38,8670163.01,625.428,485.881,0.0,485.881,0.0,0.0,2.804,certain_cold
dronbreen-20220328-DAT_0228_A1_2,970.0,539208.14,8670163.39,625.197,485.442,0.0,485.442,0.0,0.0,2.808,certain_cold
dronbreen-20220328-DAT_0228_A1_2,975.0,539212.96,8670163.8,624.964,484.896,0.0,484.896,0.0,0.0,2.814,certain_cold
dronbreen-20220328-DAT_0228_A1_2,980.0,539218.39,8670164.13,624.7,484.528,0.0,484.528,0.0,0.0,2.816,certain_cold
dronbreen-20220328-DAT_0228_A1_2,985.0,539222.99,8670164.45,624.477,484.201,0.0,484.201,0.0,0.0,2.818,certain_cold
dronbreen-20220328-DAT_0228_A1_2,990.0,539227.7,8670164.83,624.258,483.878,0.0,483.878,0.0,0.0,2.82,certain_cold
dronbreen-20220328-DAT_0228_A1_2,995.0,539233.06,8670165.45,624.011,483.526,0.0,483.526,0.0,0.0,2.822,certain_cold
dronbreen-20220328-DAT_0228_A1_2,1000.0,539238.37,8670166.07,623.756,483.167,0.0,483.167,0.0,0.0,2.824,certain_cold
dronbreen-20220328-DAT_0228_A1_2,1005.0,539243.11,8670166.46,623.497,482.804,0.0,482.804,0.0,0.0,2.826,certain_cold
dronbreen-20220328-DAT_0228_A1_2,1010.0,539248.16,8670166.87,623.189,482.392,0.0,482.392,0.0,0.0,2.828,certain_cold
dronbreen-20220328-DAT_0228_A1_2,1015.0,539252.73,8670167.23,622.899,482.102,0.0,482.102,0.0,0.0,2.828,certain_cold
dronbreen-20220328-DAT_0228_A1_2,1020.0,539258.02,8670167.64,622.582,481.68,0.0,481.68,0.0,0.0,2.831,certain_cold
dronbreen-20220328-DAT_0228_A1_2,1025.0,539262.55,8670167.99,622.311,481.514,0.0,481.514,0.0,0.0,2.828,certain_cold
dronbreen-20220328-DAT_0228_A1_2,1030.0,539268.13,8670168.43,621.988,481.087,0.0,481.087,0.0,0.0,2.831,certain_cold
dronbreen-20220328-DAT_0228_A1_2,1035.0,539273.12,8670169.01,621.704,480.803,0.0,480.803,0.0,0.0,2.831,certain_cold
dronbreen-20220328-DAT_0228_A1_2,1040.0,539278.23,8670169.4,621.449,480.652,0.0,480.652,0.0,0.0,2.828,certain_cold
dronbreen-20220328-DAT_0228_A1_2,1045.0,539283.24,8670169.99,621.191,480.498,0.0,480.498,0.0,0.0,2.828,certain_cold
dronbreen-20220328-DAT_0228_A1_2,1050.0,539288.19,8670170.63,620.923,480.334,0.0,480.334,0.0,0.0,2.826,certain_cold
dronbreen-20220328-DAT_0228_A1_2,1055.0,539293.11,8670171.27,620.619,480.031,0.0,480.031,0.0,0.0,2.826,certain_cold
dronbreen-20220328-DAT_0228_A1_2,1060.0,539297.92,8670172.09,620.312,479.723,0.0,479.723,0.0,0.0,2.824,certain_cold
dronbreen-20220328-DAT_0228_A1_2,1065.0,539302.74,8670172.72,620.01,479.421,0.0,479.421,0.0,0.0,2.824,certain_cold
dronbreen-20220328-DAT_0228_A1_2,1070.0,539307.66,8670173.36,619.687,479.202,0.0,479.202,0.0,0.0,2.822,certain_cold
dronbreen-20220328-DAT_0228_A1_2,1075.0,539312.71,8670174.01,619.359,478.979,0.0,478.979,0.0,0.0,2.82,certain_cold
dronbreen-20220328-DAT_0228_A1_2,1080.0,539317.88,8670174.47,619.027,478.751,0.0,478.751,0.0,0.0,2.818,certain_cold
dronbreen-20220328-DAT_0228_A1_2,1085.0,539322.93,8670175.11,618.729,478.557,0.0,478.557,0.0,0.0,2.816,certain_cold
dronbreen-20220328-DAT_0228_A1_2,1090.0,539327.9,8670175.75,618.448,478.276,0.0,478.276,0.0,0.0,2.816,certain_cold
dronbreen-20220328-DAT_0228_A1_2,1095.0,539332.9,8670176.33,618.145,477.973,0.0,477.973,0.0,0.0,2.816,certain_cold
dronbreen-20220328-DAT_0228_A1_2,1100.0,539337.92,8670176.85,617.811,477.639,0.0,477.639,0.0,0.0,2.816,certain_cold
dronbreen-20220328-DAT_0228_A1_2,1105.0,539341.97,8670177.37,617.53,477.358,0.0,477.358,0.0,0.0,2.818,certain_cold
dronbreen-20220328-DAT_0228_A1_2,1110.0,539347.2,8670178.05,617.159,476.883,0.0,476.883,0.0,0.0,2.818,certain_cold
dronbreen-20220328-DAT_0228_A1_2,1115.0,539352.93,8670178.78,616.748,476.368,0.0,476.368,0.0,0.0,2.822,certain_cold
dronbreen-20220328-DAT_0228_A1_2,1120.0,539357.84,8670179.61,616.385,475.901,0.0,475.901,0.0,0.0,2.826,certain_cold
dronbreen-20220328-DAT_0228_A1_2,1125.0,539362.73,8670180.24,616.032,475.547,0.0,475.547,0.0,0.0,2.828,certain_cold
dronbreen-20220328-DAT_0228_A1_2,1130.0,539367.32,8670180.89,615.704,475.115,0.0,475.115,0.0,0.0,2.831,certain_cold
dronbreen-20220328-DAT_0228_A1_2,1135.0,539371.6,8670181.55,615.402,474.708,0.0,474.708,0.0,0.0,2.831,certain_cold
dronbreen-20220328-DAT_0228_A1_2,1140.0,539377.4,8670182.32,614.96,474.267,0.0,474.267,0.0,0.0,2.831,certain_cold
dronbreen-20220328-DAT_0228_A1_2,1145.0,539381.48,8670182.84,614.639,473.946,0.0,473.946,0.0,0.0,2.831,certain_cold
dronbreen-20220328-DAT_0228_A1_2,1150.0,539386.45,8670183.48,614.258,473.565,0.0,473.565,0.0,0.0,2.831,certain_cold
dronbreen-20220328-DAT_0228_A1_2,1155.0,539392.38,8670184.1,613.841,473.148,0.0,473.148,0.0,0.0,2.831,certain_cold
dronbreen-20220328-DAT_0228_A1_2,1160.0,539396.7,8670184.76,613.542,472.745,0.0,472.745,0.0,0.0,2.831,certain_cold
dronbreen-20220328-DAT_0228_A1_2,1165.0,539401.41,8670185.53,613.193,472.292,0.0,472.292,0.0,0.0,2.831,certain_cold
dronbreen-20220328-DAT_0228_A1_2,1170.0,539406.5,8670186.42,612.772,471.87,0.0,471.87,0.0,0.0,2.833,certain_cold
dronbreen-20220328-DAT_0228_A1_2,1175.0,539411.67,8670187.32,612.329,471.428,0.0,471.428,0.0,0.0,2.833,certain_cold
dronbreen-20220328-DAT_0228_A1_2,1180.0,539416.06,8670188.19,611.945,471.044,0.0,471.044,0.0,0.0,2.833,certain_cold
dronbreen-20220328-DAT_0228_A1_2,1185.0,539421.21,8670189.27,611.49,470.484,0.0,470.484,0.0,0.0,2.833,certain_cold
dronbreen-20220328-DAT_0228_A1_2,1190.0,539426.6,8670190.27,611.02,469.806,0.0,469.806,0.0,0.0,2.837,certain_cold
dronbreen-20220328-DAT_0228_A1_2,1195.0,539430.82,8670190.86,610.682,469.259,0.0,469.259,0.0,0.0,2.841,certain_cold
dronbreen-20220328-DAT_0228_A1_2,1200.0,539436.74,8670191.59,610.228,468.597,0.0,468.597,0.0,0.0,2.845,certain_cold
dronbreen-20220328-DAT_0228_A1_2,1205.0,539441.55,8670192.58,609.809,467.866,0.0,467.866,0.0,0.0,2.851,certain_cold
dronbreen-20220328-DAT_0228_A1_2,1210.0,539446.14,8670193.73,609.383,467.127,0.0,467.127,0.0,0.0,2.857,certain_cold
dronbreen-20220328-DAT_0228_A1_2,1215.0,539450.76,8670194.51,608.95,466.277,0.0,466.277,0.0,0.0,2.866,certain_cold
dronbreen-20220328-DAT_0228_A1_2,1220.0,539456.36,8670195.51,608.449,465.463,0.0,465.463,0.0,0.0,2.872,certain_cold
dronbreen-20220328-DAT_0228_A1_2,1225.0,539460.71,8670196.31,608.062,464.972,0.0,464.972,0.0,0.0,2.878,certain_cold
dronbreen-20220328-DAT_0228_A1_2,1230.0,539465.71,8670196.98,607.615,464.212,0.0,464.212,0.0,0.0,2.884,certain_cold
dronbreen-20220328-DAT_0228_A1_2,1235.0,539471.29,8670197.75,607.081,463.47,0.0,463.47,0.0,0.0,2.889,certain_cold
dronbreen-20220328-DAT_0228_A1_2,1240.0,539475.85,8670198.38,606.642,462.822,0.0,462.822,0.0,0.0,2.893,certain_cold
dronbreen-20220328-DAT_0228_A1_2,1245.0,539480.4,8670198.82,606.219,462.087,0.0,462.087,0.0,0.0,2.897,certain_cold
dronbreen-20220328-DAT_0228_A1_2,1250.0,539485.85,8670199.45,605.719,461.378,0.0,461.378,0.0,0.0,2.899,certain_cold
dronbreen-20220328-DAT_0228_A1_2,1255.0,539491.04,8670199.88,605.243,460.589,0.0,460.589,0.0,0.0,2.905,certain_cold
dronbreen-20220328-DAT_0228_A1_2,1260.0,539495.23,8670200.0,604.864,459.898,0.0,459.898,0.0,0.0,2.911,certain_cold
dronbreen-20220328-DAT_0228_A1_2,1265.0,539500.52,8670200.39,604.407,459.129,0.0,459.129,0.0,0.0,2.918,certain_cold
dronbreen-20220328-DAT_0228_A1_2,1270.0,539505.48,8670200.74,603.982,458.391,0.0,458.391,0.0,0.0,2.924,certain_cold
dronbreen-20220328-DAT_0228_A1_2,1275.0,539510.24,8670201.0,603.566,457.662,0.0,457.662,0.0,0.0,2.93,certain_cold
dronbreen-20220328-DAT_0228_A1_2,1280.0,539515.07,8670201.39,603.097,456.776,0.0,456.776,0.0,0.0,2.938,certain_cold
dronbreen-20220328-DAT_0228_A1_2,1285.0,539520.2,8670201.94,602.588,455.955,0.0,455.955,0.0,0.0,2.945,certain_cold
dronbreen-20220328-DAT_0228_A1_2,1290.0,539525.86,8670202.45,602.067,455.121,0.0,455.121,0.0,0.0,2.951,certain_cold
dronbreen-20220328-DAT_0228_A1_2,1295.0,539530.3,8670202.86,601.665,454.51,0.0,454.51,0.0,0.0,2.955,certain_cold
dronbreen-20220328-DAT_0228_A1_2,1300.0,539535.38,8670203.41,601.19,453.722,0.0,453.722,0.0,0.0,2.961,certain_cold
dronbreen-20220328-DAT_0228_A1_2,1305.0,539540.24,8670204.05,600.712,452.932,0.0,452.932,0.0,0.0,2.968,certain_cold
dronbreen-20220328-DAT_0228_A1_2,1310.0,539545.41,8670204.59,600.199,452.003,0.0,452.003,0.0,0.0,2.976,certain_cold
dronbreen-20220328-DAT_0228_A1_2,1315.0,539549.92,8670204.96,599.753,451.243,0.0,451.243,0.0,0.0,2.982,certain_cold
dronbreen-20220328-DAT_0228_A1_2,1320.0,539555.08,8670205.36,599.227,450.51,0.0,450.51,0.0,0.0,2.986,certain_cold
dronbreen-20220328-DAT_0228_A1_2,1325.0,539560.47,8670205.92,598.677,449.542,0.0,449.542,0.0,0.0,2.994,certain_cold
dronbreen-20220328-DAT_0228_A1_2,1330.0,539565.0,8670206.33,598.236,448.893,0.0,448.893,0.0,0.0,2.999,certain_cold
dronbreen-20220328-DAT_0228_A1_2,1335.0,539569.9,8670206.78,597.775,448.224,0.0,448.224,0.0,0.0,3.003,certain_cold
dronbreen-20220328-DAT_0228_A1_2,1340.0,539575.19,8670207.47,597.246,447.591,0.0,447.591,0.0,0.0,3.005,certain_cold
dronbreen-20220328-DAT_0228_A1_2,1345.0,539580.35,8670208.03,596.67,446.91,0.0,446.91,0.0,0.0,3.007,certain_cold
dronbreen-20220328-DAT_0228_A1_2,1350.0,539584.72,8670208.52,596.177,446.417,0.0,446.417,0.0,0.0,3.007,certain_cold
dronbreen-20220328-DAT_0228_A1_2,1355.0,539590.71,8670209.13,595.525,445.661,0.0,445.661,0.0,0.0,3.009,certain_cold
dronbreen-20220328-DAT_0228_A1_2,1360.0,539595.06,8670209.72,595.065,445.201,0.0,445.201,0.0,0.0,3.009,certain_cold
dronbreen-20220328-DAT_0228_A1_2,1365.0,539599.91,8670210.39,594.552,444.688,0.0,444.688,0.0,0.0,3.009,certain_cold
dronbreen-20220328-DAT_0228_A1_2,1370.0,539605.42,8670211.05,593.981,444.117,0.0,444.117,0.0,0.0,3.009,certain_cold
dronbreen-20220328-DAT_0228_A1_2,1375.0,539610.08,8670211.65,593.518,443.654,0.0,443.654,0.0,0.0,3.009,certain_cold
dronbreen-20220328-DAT_0228_A1_2,1380.0,539615.27,8670212.33,593.038,443.07,0.0,443.07,0.0,0.0,3.011,certain_cold
dronbreen-20220328-DAT_0228_A1_2,1385.0,539620.03,8670213.02,592.602,442.634,0.0,442.634,0.0,0.0,3.011,certain_cold
dronbreen-20220328-DAT_0228_A1_2,1390.0,539624.31,8670213.75,592.198,442.229,0.0,442.229,0.0,0.0,3.011,certain_cold
dronbreen-20220328-DAT_0228_A1_2,1395.0,539630.06,8670214.75,591.663,441.799,0.0,441.799,0.0,0.0,3.011,certain_cold
dronbreen-20220328-DAT_0228_A1_2,1400.0,539634.74,8670215.45,591.268,441.404,0.0,441.404,0.0,0.0,3.011,certain_cold
dronbreen-20220328-DAT_0228_A1_2,1405.0,539639.4,8670216.08,590.898,441.033,0.0,441.033,0.0,0.0,3.011,certain_cold
dronbreen-20220328-DAT_0228_A1_2,1410.0,539645.09,8670217.06,590.423,440.559,0.0,440.559,0.0,0.0,3.011,certain_cold
dronbreen-20220328-DAT_0228_A1_2,1415.0,539649.58,8670217.69,590.048,440.079,0.0,440.079,0.0,0.0,3.011,certain_cold
dronbreen-20220328-DAT_0228_A1_2,1420.0,539654.31,8670218.49,589.665,439.696,0.0,439.696,0.0,0.0,3.011,certain_cold
dronbreen-20220328-DAT_0228_A1_2,1425.0,539659.38,8670219.47,589.267,439.299,0.0,439.299,0.0,0.0,3.011,certain_cold
dronbreen-20220328-DAT_0228_A1_2,1430.0,539663.99,8670220.27,588.921,438.953,0.0,438.953,0.0,0.0,3.011,certain_cold
dronbreen-20220328-DAT_0228_A1_2,1435.0,539668.92,8670221.43,588.533,438.564,0.0,438.564,0.0,0.0,3.011,certain_cold
dronbreen-20220328-DAT_0228_A1_2,1440.0,539673.54,8670222.49,588.178,438.21,0.0,438.21,0.0,0.0,3.011,certain_cold
dronbreen-20220328-DAT_0228_A1_2,1445.0,539678.62,8670223.84,587.777,437.808,0.0,437.808,0.0,0.0,3.011,certain_cold
dronbreen-20220328-DAT_0228_A1_2,1450.0,539684.04,8670225.28,587.182,437.214,0.0,437.214,0.0,0.0,3.011,certain_cold
dronbreen-20220328-DAT_0228_A1_2,1455.0,539688.16,8670226.51,586.935,436.967,0.0,436.967,0.0,0.0,3.011,certain_cold
dronbreen-20220328-DAT_0228_A1_2,1460.0,539693.66,8670228.16,586.645,436.676,0.0,436.676,0.0,0.0,3.011,certain_cold
dronbreen-20220328-DAT_0228_A1_2,1465.0,539697.83,8670229.65,586.438,436.469,0.0,436.469,0.0,0.0,3.011,certain_cold
dronbreen-20220328-DAT_0228_A1_2,1470.0,539702.78,8670231.78,586.211,436.138,0.0,436.138,0.0,0.0,3.013,certain_cold
dronbreen-20220328-DAT_0228_A1_2,1475.0,539707.64,8670233.91,586.004,435.932,0.0,435.932,0.0,0.0,3.013,certain_cold
dronbreen-20220328-DAT_0228_A1_2,1480.0,539711.59,8670235.76,585.848,435.776,0.0,435.776,0.0,0.0,3.013,certain_cold
dronbreen-20220328-DAT_0228_A1_2,1485.0,539716.6,8670238.02,585.646,435.573,0.0,435.573,0.0,0.0,3.015,certain_cold
dronbreen-20220328-DAT_0228_A1_2,1490.0,539720.68,8670239.94,585.487,435.311,0.0,435.311,0.0,0.0,3.015,certain_cold
dronbreen-20220328-DAT_0228_A1_2,1495.0,539725.05,8670241.93,585.304,435.127,0.0,435.127,0.0,0.0,3.015,certain_cold
dronbreen-20220328-DAT_0228_A1_2,1500.0,539730.14,8670244.37,585.098,434.817,0.0,434.817,0.0,0.0,3.017,certain_cold
dronbreen-20220328-DAT_0228_A1_2,1505.0,539734.16,8670246.4,584.948,434.667,0.0,434.667,0.0,0.0,3.017,certain_cold
dronbreen-20220328-DAT_0228_A1_2,1510.0,539738.86,8670248.76,584.791,434.302,0.0,434.302,0.0,0.0,3.021,certain_cold
dronbreen-20220328-DAT_0228_A1_2,1515.0,539743.52,8670251.03,584.673,433.975,0.0,433.975,0.0,0.0,3.026,certain_cold
dronbreen-20220328-DAT_0228_A1_2,1520.0,539747.63,8670252.92,584.586,433.68,0.0,433.68,0.0,0.0,3.03,certain_cold
dronbreen-20220328-DAT_0228_A1_2,1525.0,539751.93,8670255.0,584.481,433.262,0.0,433.262,0.0,0.0,3.036,certain_cold
dronbreen-20220328-DAT_0228_A1_2,1530.0,539756.89,8670257.38,584.362,432.935,0.0,432.935,0.0,0.0,3.04,certain_cold
dronbreen-20220328-DAT_0228_A1_2,1535.0,539761.29,8670259.61,584.241,432.501,0.0,432.501,0.0,0.0,3.046,certain_cold
dronbreen-20220328-DAT_0228_A1_2,1540.0,539766.11,8670262.09,584.09,432.142,0.0,432.142,0.0,0.0,3.051,certain_cold
dronbreen-20220328-DAT_0228_A1_2,1545.0,539770.55,8670264.11,583.933,431.671,0.0,431.671,0.0,0.0,3.057,certain_cold
dronbreen-20220328-DAT_0228_A1_2,1550.0,539774.66,8670265.82,583.786,431.317,0.0,431.317,0.0,0.0,3.061,certain_cold
dronbreen-20220328-DAT_0228_A1_2,1555.0,539779.15,8670267.81,583.621,430.839,0.0,430.839,0.0,0.0,3.067,certain_cold
dronbreen-20220328-DAT_0228_A1_2,1560.0,539784.5,8670269.92,583.484,430.39,0.0,430.39,0.0,0.0,3.073,certain_cold
dronbreen-20220328-DAT_0228_A1_2,1565.0,539788.48,8670271.47,583.421,430.013,0.0,430.013,0.0,0.0,3.08,certain_cold
dronbreen-20220328-DAT_0228_A1_2,1570.0,539793.38,8670273.35,583.386,429.457,0.0,429.457,0.0,0.0,3.09,certain_cold
dronbreen-20220328-DAT_0228_A1_2,1575.0,539797.81,8670275.18,583.35,429.005,0.0,429.005,0.0,0.0,3.098,certain_cold
dronbreen-20220328-DAT_0228_A1_2,1580.0,539802.81,8670277.1,583.303,428.437,0.0,428.437,0.0,0.0,3.109,certain_cold
dronbreen-20220328-DAT_0228_A1_2,1585.0,539807.57,8670278.98,583.225,427.837,0.0,427.837,0.0,0.0,3.119,certain_cold
dronbreen-20220328-DAT_0228_A1_2,1590.0,539812.33,8670280.67,583.164,427.36,0.0,427.36,0.0,0.0,3.127,certain_cold
dronbreen-20220328-DAT_0228_A1_2,1595.0,539816.61,8670282.17,583.113,426.787,0.0,426.787,0.0,0.0,3.138,certain_cold
dronbreen-20220328-DAT_0228_A1_2,1600.0,539821.45,8670283.81,583.066,426.22,0.0,426.22,0.0,0.0,3.148,certain_cold
dronbreen-20220328-DAT_0228_A1_2,1605.0,539826.33,8670285.49,583.026,425.658,0.0,425.658,0.0,0.0,3.159,certain_cold
dronbreen-20220328-DAT_0228_A1_2,1610.0,539830.63,8670287.06,582.973,425.085,0.0,425.085,0.0,0.0,3.169,certain_cold
dronbreen-20220328-DAT_0228_A1_2,1615.0,539835.12,8670288.65,582.918,424.612,0.0,424.612,0.0,0.0,3.177,certain_cold
dronbreen-20220328-DAT_0228_A1_2,1620.0,539840.0,8670290.45,582.852,424.129,0.0,424.129,0.0,0.0,3.186,certain_cold
dronbreen-20220328-DAT_0228_A1_2,1625.0,539845.11,8670292.18,582.787,423.439,0.0,423.439,0.0,0.0,3.198,certain_cold
dronbreen-20220328-DAT_0228_A1_2,1630.0,539849.41,8670293.8,582.722,422.958,0.0,422.958,0.0,0.0,3.206,certain_cold
dronbreen-20220328-DAT_0228_A1_2,1635.0,539854.49,8670295.67,582.673,422.387,0.0,422.387,0.0,0.0,3.217,certain_cold
dronbreen-20220328-DAT_0228_A1_2,1640.0,539858.88,8670297.12,582.66,421.853,0.0,421.853,0.0,0.0,3.227,certain_cold
dronbreen-20220328-DAT_0228_A1_2,1645.0,539864.0,8670298.74,582.663,421.439,0.0,421.439,0.0,0.0,3.235,certain_cold
dronbreen-20220328-DAT_0228_A1_2,1650.0,539868.43,8670300.32,582.646,420.797,0.0,420.797,0.0,0.0,3.248,certain_cold
dronbreen-20220328-DAT_0228_A1_2,1655.0,539873.62,8670302.46,582.618,420.143,0.0,420.143,0.0,0.0,3.26,certain_cold
dronbreen-20220328-DAT_0228_A1_2,1660.0,539878.26,8670304.33,582.615,419.515,0.0,419.515,0.0,0.0,3.273,certain_cold
dronbreen-20220328-DAT_0228_A1_2,1665.0,539882.97,8670305.96,582.646,418.921,0.0,418.921,0.0,0.0,3.285,certain_cold
dronbreen-20220328-DAT_0228_A1_2,1670.0,539887.63,8670307.4,582.685,418.335,0.0,418.335,0.0,0.0,3.298,certain_cold
dronbreen-20220328-DAT_0228_A1_2,1675.0,539892.02,8670308.96,582.725,417.749,0.0,417.749,0.0,0.0,3.31,certain_cold
dronbreen-20220328-DAT_0228_A1_2,1680.0,539896.87,8670310.46,582.752,417.151,0.0,417.151,0.0,0.0,3.323,certain_cold
dronbreen-20220328-DAT_0228_A1_2,1685.0,539901.94,8670311.82,582.78,416.449,0.0,416.449,0.0,0.0,3.337,certain_cold
dronbreen-20220328-DAT_0228_A1_2,1690.0,539906.92,8670312.99,582.85,415.686,0.0,415.686,0.0,0.0,3.354,certain_cold
dronbreen-20220328-DAT_0228_A1_2,1695.0,539911.64,8670313.07,582.974,414.976,0.0,414.976,0.0,0.0,3.37,certain_cold
dronbreen-20220328-DAT_0228_A1_2,1700.0,539916.73,8670312.17,583.146,414.21,0.0,414.21,0.0,0.0,3.389,certain_cold
dronbreen-20220328-DAT_0228_A1_2,1705.0,539920.81,8670310.06,583.35,413.789,0.0,413.789,0.0,0.0,3.402,certain_cold
dronbreen-20220328-DAT_0228_A1_2,1710.0,539925.12,8670307.58,583.564,413.065,0.0,413.065,0.0,0.0,3.42,certain_cold
dronbreen-20220328-DAT_0228_A1_2,1715.0,539929.47,8670305.29,583.736,412.612,0.0,412.612,0.0,0.0,3.433,certain_cold
dronbreen-20220328-DAT_0228_A1_2,1720.0,539934.4,8670302.69,583.905,412.26,0.0,412.26,0.0,0.0,3.443,certain_cold
dronbreen-20220328-DAT_0228_A1_2,1725.0,539938.49,8670300.53,584.023,412.378,0.0,412.378,0.0,0.0,3.443,certain_cold
dronbreen-20220328-DAT_0228_A1_2,1730.0,539943.0,8670297.87,584.181,412.639,0.0,412.639,0.0,0.0,3.441,certain_cold
dronbreen-20220328-DAT_0228_A1_2,1735.0,539946.96,8670295.57,584.326,413.202,0.0,413.202,0.0,0.0,3.433,certain_cold
dronbreen-20220328-DAT_0228_A1_2,1740.0,539951.81,8670292.74,584.505,413.589,0.0,413.589,0.0,0.0,3.429,certain_cold
dronbreen-20220328-DAT_0228_A1_2,1745.0,539955.32,8670290.5,584.618,414.119,0.0,414.119,0.0,0.0,3.42,certain_cold
dronbreen-20220328-DAT_0228_A1_2,1750.0,539960.39,8670287.55,584.766,414.684,0.0,414.684,0.0,0.0,3.412,certain_cold
dronbreen-20220328-DAT_0228_A1_2,1755.0,539964.57,8670285.18,584.873,415.207,0.0,415.207,0.0,0.0,3.404,certain_cold
dronbreen-20220328-DAT_0228_A1_2,1760.0,539968.57,8670282.81,584.99,415.741,0.0,415.741,0.0,0.0,3.395,certain_cold
dronbreen-20220328-DAT_0228_A1_2,1765.0,539972.49,8670280.26,585.116,416.389,0.0,416.389,0.0,0.0,3.385,certain_cold
dronbreen-20220328-DAT_0228_A1_2,1770.0,539977.48,8670277.12,585.291,417.189,0.0,417.189,0.0,0.0,3.373,certain_cold
dronbreen-20220328-DAT_0228_A1_2,1775.0,539981.59,8670274.52,585.421,417.736,0.0,417.736,0.0,0.0,3.364,certain_cold
dronbreen-20220328-DAT_0228_A1_2,1780.0,539985.29,8670272.24,585.545,418.485,0.0,418.485,0.0,0.0,3.352,certain_cold
dronbreen-20220328-DAT_0228_A1_2,1785.0,539990.07,8670269.5,585.722,419.496,0.0,419.496,0.0,0.0,3.337,certain_cold
dronbreen-20220328-DAT_0228_A1_2,1790.0,539994.22,8670267.04,585.885,420.388,0.0,420.388,0.0,0.0,3.323,certain_cold
dronbreen-20220328-DAT_0228_A1_2,1795.0,539998.76,8670264.52,586.051,421.388,0.0,421.388,0.0,0.0,3.306,certain_cold
dronbreen-20220328-DAT_0228_A1_2,1800.0,540002.8,8670262.06,586.19,422.256,0.0,422.256,0.0,0.0,3.289,certain_cold
dronbreen-20220328-DAT_0228_A1_2,1805.0,540006.92,8670259.51,586.304,423.1,0.0,423.1,0.0,0.0,3.275,certain_cold
dronbreen-20220328-DAT_0228_A1_2,1810.0,540011.04,8670257.03,586.409,423.934,0.0,423.934,0.0,0.0,3.262,certain_cold
dronbreen-20220328-DAT_0228_A1_2,1815.0,540016.06,8670253.71,586.517,424.981,0.0,424.981,0.0,0.0,3.242,certain_cold
dronbreen-20220328-DAT_0228_A1_2,1820.0,540019.52,8670251.33,586.583,425.672,0.0,425.672,0.0,0.0,3.229,certain_cold
dronbreen-20220328-DAT_0228_A1_2,1825.0,540023.78,8670248.23,586.662,426.376,0.0,426.376,0.0,0.0,3.217,certain_cold
dronbreen-20220328-DAT_0228_A1_2,1830.0,540027.98,8670245.31,586.78,427.223,0.0,427.223,0.0,0.0,3.202,certain_cold
dronbreen-20220328-DAT_0228_A1_2,1835.0,540032.13,8670242.3,586.947,428.121,0.0,428.121,0.0,0.0,3.188,certain_cold
dronbreen-20220328-DAT_0228_A1_2,1840.0,540036.17,8670239.57,587.114,429.225,0.0,429.225,0.0,0.0,3.169,certain_cold
dronbreen-20220328-DAT_0228_A1_2,1845.0,540040.05,8670236.93,587.252,429.989,0.0,429.989,0.0,0.0,3.156,certain_cold
dronbreen-20220328-DAT_0228_A1_2,1850.0,540044.76,8670233.65,587.37,430.836,0.0,430.836,0.0,0.0,3.136,certain_cold
dronbreen-20220328-DAT_0228_A1_2,1855.0,540048.63,8670230.85,587.417,431.613,0.0,431.613,0.0,0.0,3.123,certain_cold
dronbreen-20220328-DAT_0228_A1_2,1860.0,540052.48,8670227.99,587.444,432.682,0.0,432.682,0.0,0.0,3.105,certain_cold
dronbreen-20220328-DAT_0228_A1_2,1865.0,540056.33,8670225.0,587.482,433.345,0.0,433.345,0.0,0.0,3.092,certain_cold
dronbreen-20220328-DAT_0228_A1_2,1870.0,540060.18,8670221.89,587.542,434.03,0.0,434.03,0.0,0.0,3.08,certain_cold
dronbreen-20220328-DAT_0228_A1_2,1875.0,540064.06,8670218.89,587.618,434.836,0.0,434.836,0.0,0.0,3.061,certain_cold
dronbreen-20220328-DAT_0228_A1_2,1880.0,540068.46,8670215.32,587.719,435.666,0.0,435.666,0.0,0.0,3.046,certain_cold
dronbreen-20220328-DAT_0228_A1_2,1885.0,540071.48,8670212.8,587.803,436.272,0.0,436.272,0.0,0.0,3.038,certain_cold
dronbreen-20220328-DAT_0228_A1_2,1890.0,540075.45,8670209.32,587.924,437.018,0.0,437.018,0.0,0.0,3.026,certain_cold
dronbreen-20220328-DAT_0228_A1_2,1895.0,540079.12,8670205.96,588.007,437.935,0.0,437.935,0.0,0.0,3.009,certain_cold
dronbreen-20220328-DAT_0228_A1_2,1900.0,540082.98,8670202.38,588.057,438.818,0.0,438.818,0.0,0.0,2.992,certain_cold
dronbreen-20220328-DAT_0228_A1_2,1905.0,540086.5,8670199.23,588.074,439.252,0.0,439.252,0.0,0.0,2.98,certain_cold
dronbreen-20220328-DAT_0228_A1_2,1910.0,540090.52,8670195.76,588.101,439.8,0.0,439.8,0.0,0.0,2.963,certain_cold
dronbreen-20220328-DAT_0228_A1_2,1915.0,540093.99,8670192.82,588.126,440.346,0.0,440.346,0.0,0.0,2.953,certain_cold
dronbreen-20220328-DAT_0228_A1_2,1920.0,540098.46,8670188.89,588.16,441.005,0.0,441.005,0.0,0.0,2.945,certain_cold
dronbreen-20220328-DAT_0228_A1_2,1925.0,540101.49,8670186.22,588.182,441.549,0.0,441.549,0.0,0.0,2.938,certain_cold
dronbreen-20220328-DAT_0228_A1_2,1930.0,540105.27,8670182.98,588.211,442.098,0.0,442.098,0.0,0.0,2.93,certain_cold
dronbreen-20220328-DAT_0228_A1_2,1935.0,540109.11,8670179.62,588.243,442.443,0.0,442.443,0.0,0.0,2.92,certain_cold
dronbreen-20220328-DAT_0228_A1_2,1940.0,540112.95,8670176.26,588.299,443.125,0.0,443.125,0.0,0.0,2.907,certain_cold
dronbreen-20220328-DAT_0228_A1_2,1945.0,540116.75,8670173.02,588.359,443.601,0.0,443.601,0.0,0.0,2.899,certain_cold
dronbreen-20220328-DAT_0228_A1_2,1950.0,540120.38,8670169.72,588.427,444.087,0.0,444.087,0.0,0.0,2.889,certain_cold
dronbreen-20220328-DAT_0228_A1_2,1955.0,540123.87,8670166.35,588.501,444.682,0.0,444.682,0.0,0.0,2.88,certain_cold
dronbreen-20220328-DAT_0228_A1_2,1960.0,540128.09,8670162.32,588.58,445.386,0.0,445.386,0.0,0.0,2.872,certain_cold
dronbreen-20220328-DAT_0228_A1_2,1965.0,540131.39,8670158.88,588.645,445.867,0.0,445.867,0.0,0.0,2.866,certain_cold
dronbreen-20220328-DAT_0228_A1_2,1970.0,540134.68,8670155.03,588.718,446.357,0.0,446.357,0.0,0.0,2.857,certain_cold
dronbreen-20220328-DAT_0228_A1_2,1975.0,540137.24,8670151.24,588.809,446.761,0.0,446.761,0.0,0.0,2.849,certain_cold
dronbreen-20220328-DAT_0228_A1_2,1980.0,540140.11,8670147.07,588.936,447.201,0.0,447.201,0.0,0.0,2.841,certain_cold
dronbreen-20220328-DAT_0228_A1_2,1985.0,540142.82,8670143.08,589.072,447.65,0.0,447.65,0.0,0.0,2.833,certain_cold
dronbreen-20220328-DAT_0228_A1_2,1990.0,540146.11,8670138.42,589.25,448.14,0.0,448.14,0.0,0.0,2.824,certain_cold
dronbreen-20220328-DAT_0228_A1_2,1995.0,540148.81,8670134.53,589.403,448.71,0.0,448.71,0.0,0.0,2.818,certain_cold
dronbreen-20220328-DAT_0228_A1_2,2000.0,540151.48,8670130.73,589.559,449.074,0.0,449.074,0.0,0.0,2.81,certain_cold
dronbreen-20220328-DAT_0228_A1_2,2005.0,540154.79,8670126.08,589.745,449.886,0.0,449.886,0.0,0.0,2.801,certain_cold
dronbreen-20220328-DAT_0228_A1_2,2010.0,540157.37,8670122.44,589.888,450.55,0.0,450.55,0.0,0.0,2.795,certain_cold
dronbreen-20220328-DAT_0228_A1_2,2015.0,540160.28,8670118.25,590.08,451.263,0.0,451.263,0.0,0.0,2.787,certain_cold
dronbreen-20220328-DAT_0228_A1_2,2020.0,540163.24,8670114.05,590.272,451.976,0.0,451.976,0.0,0.0,2.774,certain_cold
dronbreen-20220328-DAT_0228_A1_2,2025.0,540165.89,8670110.35,590.444,452.46,0.0,452.46,0.0,0.0,2.77,certain_cold
dronbreen-20220328-DAT_0228_A1_2,2030.0,540169.23,8670105.67,590.671,453.105,0.0,453.105,0.0,0.0,2.758,certain_cold
dronbreen-20220328-DAT_0228_A1_2,2035.0,540171.91,8670101.84,590.861,453.815,0.0,453.815,0.0,0.0,2.748,certain_cold
dronbreen-20220328-DAT_0228_A1_2,2040.0,540174.8,8670097.84,591.073,454.549,0.0,454.549,0.0,0.0,2.737,certain_cold
dronbreen-20220328-DAT_0228_A1_2,2045.0,540177.93,8670093.4,591.324,455.425,0.0,455.425,0.0,0.0,2.727,certain_cold
dronbreen-20220328-DAT_0228_A1_2,2050.0,540180.53,8670089.51,591.542,456.06,0.0,456.06,0.0,0.0,2.718,certain_cold
dronbreen-20220328-DAT_0228_A1_2,2055.0,540183.07,8670085.61,591.786,457.033,0.0,457.033,0.0,0.0,2.708,certain_cold
dronbreen-20220328-DAT_0228_A1_2,2060.0,540186.16,8670081.05,592.086,458.063,0.0,458.063,0.0,0.0,2.692,certain_cold
dronbreen-20220328-DAT_0228_A1_2,2065.0,540188.8,8670076.8,592.354,458.956,0.0,458.956,0.0,0.0,2.681,certain_cold
dronbreen-20220328-DAT_0228_A1_2,2070.0,540191.21,8670072.92,592.595,459.822,0.0,459.822,0.0,0.0,2.669,certain_cold
dronbreen-20220328-DAT_0228_A1_2,2075.0,540193.87,8670068.63,592.86,460.712,0.0,460.712,0.0,0.0,2.656,certain_cold
dronbreen-20220328-DAT_0228_A1_2,2080.0,540196.53,8670064.74,593.132,461.506,0.0,461.506,0.0,0.0,2.646,certain_cold
dronbreen-20220328-DAT_0228_A1_2,2085.0,540199.58,8670059.96,593.5,462.916,0.0,462.916,0.0,0.0,2.623,certain_cold
dronbreen-20220328-DAT_0228_A1_2,2090.0,540201.82,8670056.21,593.805,464.159,0.0,464.159,0.0,0.0,2.606,certain_cold
dronbreen-20220328-DAT_0228_A1_2,2095.0,540204.51,8670051.46,594.228,465.103,0.0,465.103,0.0,0.0,2.588,certain_cold
dronbreen-20220328-DAT_0228_A1_2,2100.0,540206.73,8670047.55,594.586,466.399,0.0,466.399,0.0,0.0,2.573,certain_cold
dronbreen-20220328-DAT_0228_A1_2,2105.0,540209.56,8670042.58,595.038,467.789,0.0,467.789,0.0,0.0,2.559,certain_cold
dronbreen-20220328-DAT_0228_A1_2,2110.0,540211.72,8670038.83,595.371,468.33,0.0,468.33,0.0,0.0,2.555,certain_cold
dronbreen-20220328-DAT_0228_A1_2,2115.0,540214.79,8670033.71,595.829,468.997,0.0,468.997,0.0,0.0,2.551,certain_cold
dronbreen-20220328-DAT_0228_A1_2,2120.0,540217.14,8670029.81,596.183,469.455,0.0,469.455,0.0,0.0,2.546,certain_cold
dronbreen-20220328-DAT_0228_A1_2,2125.0,540219.51,8670025.8,596.545,469.713,0.0,469.713,0.0,0.0,2.546,certain_cold
dronbreen-20220328-DAT_0228_A1_2,2130.0,540222.08,8670021.21,596.954,470.018,0.0,470.018,0.0,0.0,2.546,certain_cold
dronbreen-20220328-DAT_0228_A1_2,2135.0,540224.46,8670016.93,597.345,470.513,0.0,470.513,0.0,0.0,2.548,certain_cold
dronbreen-20220328-DAT_0228_A1_2,2140.0,540226.83,8670012.72,597.759,470.927,0.0,470.927,0.0,0.0,2.551,certain_cold
dronbreen-20220328-DAT_0228_A1_2,2145.0,540229.46,8670007.91,598.263,471.222,0.104,471.327,0.313,0.0,2.553,certain_cold
dronbreen-20220328-DAT_0228_A1_2,2150.0,540231.9,8670003.36,598.776,471.527,0.208,471.735,4.559,0.0,2.555,uncertain_cold
dronbreen-20220328-DAT_0228_A1_2,2155.0,540234.09,8669999.21,599.216,471.758,1.772,473.53,6.792,0.0,2.528,uncertain_temperate
dronbreen-20220328-DAT_0228_A1_2,2160.0,540236.57,8669994.73,599.676,472.01,3.335,475.345,7.878,0.0,2.501,uncertain_temperate
dronbreen-20220328-DAT_0228_A1_2,2165.0,540238.8,8669990.41,600.107,472.233,4.586,476.819,9.059,0.0,2.48,uncertain_temperate
dronbreen-20220328-DAT_0228_A1_2,2170.0,540240.92,8669986.48,600.506,472.423,5.94,478.363,10.397,0.0,2.457,uncertain_temperate
dronbreen-20220328-DAT_0228_A1_2,2175.0,540243.5,8669981.6,601.002,472.711,7.191,479.902,11.898,0.0,2.437,uncertain_temperate
dronbreen-20220328-DAT_0228_A1_2,2180.0,540245.98,8669977.19,601.448,472.845,8.858,481.703,13.547,0.0,2.41,certain_temperate
dronbreen-20220328-DAT_0228_A1_2,2185.0,540248.11,8669973.3,601.849,473.036,10.109,483.145,13.35,0.0,2.389,certain_temperate
dronbreen-20220328-DAT_0228_A1_2,2190.0,540250.52,8669968.78,602.323,473.198,11.255,484.454,14.483,1.358,2.372,certain_temperate
dronbreen-20220328-DAT_0228_A1_2,2195.0,540252.87,8669964.32,602.806,473.472,12.193,485.666,16.006,3.065,2.358,certain_temperate
dronbreen-20220328-DAT_0228_A1_2,2200.0,540255.52,8669959.38,603.349,474.12,13.34,487.46,18.915,4.847,2.333,certain_temperate
dronbreen-20220328-DAT_0228_A1_2,2205.0,540257.47,8669955.71,603.74,474.094,14.903,488.997,20.298,7.111,2.31,certain_temperate
dronbreen-20220328-DAT_0228_A1_2,2210.0,540259.91,8669951.13,604.227,474.477,16.049,490.526,21.534,8.689,2.289,certain_temperate
dronbreen-20220328-DAT_0228_A1_2,2215.0,540262.44,8669946.42,604.722,474.867,17.3,492.167,22.747,9.769,2.267,certain_temperate
dronbreen-20220328-DAT_0228_A1_2,2220.0,540264.77,8669942.11,605.128,475.065,18.655,493.719,24.004,11.013,2.244,certain_temperate
dronbreen-20220328-DAT_0228_A1_2,2225.0,540266.94,8669938.13,605.498,475.226,19.905,495.132,25.344,12.278,2.223,certain_temperate
dronbreen-20220328-DAT_0228_A1_2,2230.0,540269.84,8669932.95,605.961,475.481,21.26,496.741,26.767,13.148,2.2,certain_temperate
dronbreen-20220328-DAT_0228_A1_2,2235.0,540272.17,8669928.8,606.345,475.761,22.511,498.272,27.756,13.931,2.178,certain_temperate
dronbreen-20220328-DAT_0228_A1_2,2240.0,540274.47,8669924.65,606.757,476.068,23.449,499.517,28.632,15.035,2.161,certain_temperate
dronbreen-20220328-DAT_0228_A1_2,2245.0,540276.67,8669920.62,607.157,476.365,24.491,500.856,29.979,15.355,2.143,certain_temperate
dronbreen-20220328-DAT_0228_A1_2,2250.0,540279.15,8669915.98,607.613,476.717,25.846,502.562,31.049,16.162,2.118,certain_temperate
dronbreen-20220328-DAT_0228_A1_2,2255.0,540281.99,8669911.04,608.077,476.972,26.784,503.756,31.415,17.567,2.103,certain_temperate
dronbreen-20220328-DAT_0228_A1_2,2260.0,540284.13,8669907.32,608.431,477.221,27.305,504.526,31.822,18.098,2.095,certain_temperate
dronbreen-20220328-DAT_0228_A1_2,2265.0,540286.78,8669902.44,608.939,477.625,27.93,505.556,32.542,18.733,2.085,certain_temperate
dronbreen-20220328-DAT_0228_A1_2,2270.0,540288.93,8669898.5,609.361,478.047,28.347,506.394,32.951,19.053,2.076,certain_temperate
dronbreen-20220328-DAT_0228_A1_2,2275.0,540291.49,8669893.83,609.839,478.421,28.972,507.394,33.724,19.948,2.066,certain_temperate
dronbreen-20220328-DAT_0228_A1_2,2280.0,540293.93,8669889.25,610.264,478.742,29.598,508.34,34.392,21.26,2.056,certain_temperate
dronbreen-20220328-DAT_0228_A1_2,2285.0,540296.34,8669884.86,610.675,479.049,30.119,509.167,34.858,22.357,2.047,certain_temperate
dronbreen-20220328-DAT_0228_A1_2,2290.0,540298.35,8669881.1,611.032,479.301,30.64,509.941,35.419,23.359,2.039,certain_temperate
dronbreen-20220328-DAT_0228_A1_2,2295.0,540300.84,8669876.43,611.47,479.635,31.265,510.901,36.192,24.67,2.029,certain_temperate
dronbreen-20220328-DAT_0228_A1_2,2300.0,540303.32,8669871.59,611.888,479.949,31.89,511.84,36.913,25.513,2.019,certain_temperate
dronbreen-20220328-DAT_0228_A1_2,2305.0,540305.56,8669867.27,612.241,480.198,32.516,512.714,37.529,26.356,2.008,certain_temperate
dronbreen-20220328-DAT_0228_A1_2,2310.0,540307.59,8669863.11,612.619,480.472,33.141,513.613,38.147,27.301,1.998,certain_temperate
dronbreen-20220328-DAT_0228_A1_2,2315.0,540310.18,8669858.1,613.118,480.866,33.558,514.424,38.859,28.257,1.992,certain_temperate
dronbreen-20220328-DAT_0228_A1_2,2320.0,540312.11,8669854.04,613.512,481.157,33.871,515.027,39.806,28.978,1.988,certain_temperate
dronbreen-20220328-DAT_0228_A1_2,2325.0,540314.23,8669849.32,613.933,481.578,34.496,516.073,40.882,29.465,1.975,certain_temperate
dronbreen-20220328-DAT_0228_A1_2,2330.0,540316.13,8669845.07,614.295,481.835,35.434,517.269,41.425,30.277,1.959,certain_temperate
dronbreen-20220328-DAT_0228_A1_2,2335.0,540318.32,8669839.83,614.75,482.186,36.059,518.245,42.008,31.465,1.948,certain_temperate
dronbreen-20220328-DAT_0228_A1_2,2340.0,540320.06,8669835.76,615.134,482.466,36.58,519.046,42.576,32.147,1.94,certain_temperate
dronbreen-20220328-DAT_0228_A1_2,2345.0,540322.08,8669831.1,615.581,482.808,37.101,519.91,43.298,32.78,1.932,certain_temperate
dronbreen-20220328-DAT_0228_A1_2,2350.0,540323.97,8669826.79,615.98,483.207,37.518,520.726,43.917,33.099,1.924,certain_temperate
dronbreen-20220328-DAT_0228_A1_2,2355.0,540326.17,8669821.69,616.383,483.507,38.248,521.754,44.581,33.582,1.911,certain_temperate
dronbreen-20220328-DAT_0228_A1_2,2360.0,540327.94,8669817.32,616.727,483.85,38.56,522.41,44.837,33.742,1.905,certain_temperate
dronbreen-20220328-DAT_0228_A1_2,2365.0,540329.93,8669812.67,617.118,484.241,39.081,523.323,45.296,33.909,1.895,certain_temperate
dronbreen-20220328-DAT_0228_A1_2,2370.0,540332.0,8669808.02,617.566,484.585,39.602,524.188,45.758,34.176,1.886,certain_temperate
dronbreen-20220328-DAT_0228_A1_2,2375.0,540334.0,8669803.36,618.024,485.043,40.019,525.063,46.115,34.341,1.878,certain_temperate
dronbreen-20220328-DAT_0228_A1_2,2380.0,540335.85,8669798.45,618.468,485.487,40.54,526.027,46.683,35.336,1.868,certain_temperate
dronbreen-20220328-DAT_0228_A1_2,2385.0,540337.57,8669794.07,618.835,485.854,41.062,526.916,47.152,36.743,1.857,certain_temperate
dronbreen-20220328-DAT_0228_A1_2,2390.0,540339.35,8669789.69,619.177,486.196,41.687,527.882,47.868,37.902,1.845,certain_temperate
dronbreen-20220328-DAT_0228_A1_2,2395.0,540341.51,8669784.68,619.565,486.48,42.625,529.105,48.765,39.09,1.829,certain_temperate
dronbreen-20220328-DAT_0228_A1_2,2400.0,540343.47,8669780.29,619.921,486.835,43.354,530.19,49.095,40.114,1.814,certain_temperate
dronbreen-20220328-DAT_0228_A1_2,2405.0,540345.67,8669775.43,620.345,487.156,44.188,531.344,49.567,40.893,1.8,certain_temperate
dronbreen-20220328-DAT_0228_A1_2,2410.0,540347.58,8669770.83,620.741,487.448,44.813,532.261,50.014,41.489,1.789,certain_temperate
dronbreen-20220328-DAT_0228_A1_2,2415.0,540349.33,8669766.35,621.099,487.702,45.543,533.244,50.811,41.525,1.777,certain_temperate
dronbreen-20220328-DAT_0228_A1_2,2420.0,540351.1,8669761.82,621.438,487.936,46.585,534.521,51.652,41.518,1.759,certain_temperate
dronbreen-20220328-DAT_0228_A1_2,2425.0,540352.87,8669757.45,621.754,488.148,47.731,535.879,52.43,41.573,1.738,certain_temperate
dronbreen-20220328-DAT_0228_A1_2,2430.0,540354.76,8669752.75,622.125,488.31,49.19,537.5,52.682,42.468,1.713,certain_temperate
dronbreen-20220328-DAT_0228_A1_2,2435.0,540356.69,8669747.52,622.537,488.618,49.92,538.538,52.691,43.397,1.701,certain_temperate
dronbreen-20220328-DAT_0228_A1_2,2440.0,540358.19,8669743.23,622.866,488.843,50.441,539.284,53.249,45.549,1.693,certain_temperate
dronbreen-20220328-DAT_0228_A1_2,2445.0,540360.03,8669738.26,623.246,489.119,51.066,540.185,53.865,47.955,1.682,certain_temperate
dronbreen-20220328-DAT_0228_A1_2,2450.0,540361.82,8669733.79,623.622,489.286,51.692,540.978,54.428,48.747,1.674,certain_temperate
dronbreen-20220328-DAT_0228_A1_2,2455.0,540363.51,8669728.97,624.131,489.691,52.213,541.904,55.516,49.223,1.666,certain_temperate
dronbreen-20220328-DAT_0228_A1_2,2460.0,540364.88,8669724.83,624.57,490.026,52.63,542.656,55.464,49.586,1.66,certain_temperate
dronbreen-20220328-DAT_0228_A1_2,2465.0,540366.37,8669720.16,624.924,490.171,53.151,543.322,55.951,50.038,1.654,certain_temperate
dronbreen-20220328-DAT_0228_A1_2,2470.0,540368.42,8669714.51,625.343,490.486,52.942,543.428,56.377,50.341,1.66,certain_temperate
dronbreen-20220328-DAT_0228_A1_2,2475.0,540369.91,8669709.9,625.681,490.72,53.255,543.975,56.802,50.646,1.656,certain_temperate
dronbreen-20220328-DAT_0228_A1_2,2480.0,540371.21,8669705.8,625.982,490.812,53.463,544.275,57.311,50.658,1.656,certain_temperate
dronbreen-20220328-DAT_0228_A1_2,2485.0,540372.7,8669701.05,626.329,491.055,53.463,544.518,57.73,50.343,1.658,certain_temperate
dronbreen-20220328-DAT_0228_A1_2,2490.0,540374.33,8669696.08,626.63,491.252,53.568,544.819,58.147,49.926,1.658,certain_temperate
dronbreen-20220328-DAT_0228_A1_2,2495.0,540376.11,8669690.92,626.887,491.3,53.672,544.972,57.837,49.82,1.66,certain_temperate
dronbreen-20220328-DAT_0228_A1_2,2500.0,540377.77,8669686.51,627.125,491.434,53.984,545.418,57.681,50.08,1.656,certain_temperate
dronbreen-20220328-DAT_0228_A1_2,2505.0,540379.42,8669682.09,627.425,491.526,54.401,545.928,57.442,50.527,1.651,certain_temperate
dronbreen-20220328-DAT_0228_A1_2,2510.0,540381.26,8669676.89,627.854,491.746,54.714,546.46,57.466,51.024,1.649,certain_temperate
dronbreen-20220328-DAT_0228_A1_2,2515.0,540382.79,8669672.19,628.268,492.057,55.131,547.188,57.91,51.517,1.643,certain_temperate
dronbreen-20220328-DAT_0228_A1_2,2520.0,540384.22,8669667.04,628.663,492.243,55.548,547.79,58.785,51.998,1.639,certain_temperate
dronbreen-20220328-DAT_0228_A1_2,2525.0,540385.4,8669662.98,628.924,492.4,55.756,548.156,59.829,52.204,1.637,certain_temperate
dronbreen-20220328-DAT_0228_A1_2,2530.0,540387.06,8669657.69,629.208,492.58,56.798,549.378,61.412,51.767,1.619,certain_temperate
dronbreen-20220328-DAT_0228_A1_2,2535.0,540388.41,8669653.64,629.384,492.651,57.632,550.283,61.816,52.093,1.604,certain_temperate
dronbreen-20220328-DAT_0228_A1_2,2540.0,540389.97,8669648.32,629.642,492.7,58.362,551.062,62.799,52.986,1.594,certain_temperate
dronbreen-20220328-DAT_0228_A1_2,2545.0,540391.44,8669643.18,629.898,492.957,58.674,551.631,63.59,53.863,1.588,certain_temperate
dronbreen-20220328-DAT_0228_A1_2,2550.0,540392.7,8669638.82,630.25,493.205,58.987,552.192,64.003,54.492,1.584,certain_temperate
dronbreen-20220328-DAT_0228_A1_2,2555.0,540394.0,8669634.37,630.631,493.482,59.404,552.885,64.607,55.138,1.577,certain_temperate
dronbreen-20220328-DAT_0228_A1_2,2560.0,540395.44,8669629.41,631.006,493.752,59.925,553.677,65.017,55.875,1.569,certain_temperate
dronbreen-20220328-DAT_0228_A1_2,2565.0,540396.94,8669624.39,631.276,493.814,60.446,554.26,65.484,56.658,1.563,certain_temperate
dronbreen-20220328-DAT_0228_A1_2,2570.0,540398.41,8669619.57,631.493,493.926,60.863,554.789,66.0,56.976,1.557,certain_temperate
dronbreen-20220328-DAT_0228_A1_2,2575.0,540400.06,8669614.35,631.743,494.176,61.175,555.351,66.23,57.267,1.551,certain_temperate
dronbreen-20220328-DAT_0228_A1_2,2580.0,540401.13,8669610.66,631.955,494.493,61.175,555.668,66.332,57.269,1.549,certain_temperate
dronbreen-20220328-DAT_0228_A1_2,2585.0,540402.69,8669605.09,632.323,494.861,61.488,556.349,66.819,57.616,1.543,certain_temperate
dronbreen-20220328-DAT_0228_A1_2,2590.0,540404.25,8669600.12,632.672,495.419,61.801,557.219,67.123,58.042,1.532,certain_temperate
dronbreen-20220328-DAT_0228_A1_2,2595.0,540405.64,8669595.97,632.948,495.694,62.113,557.807,67.222,58.568,1.526,certain_temperate
dronbreen-20220328-DAT_0228_A1_2,2600.0,540407.47,8669590.63,633.249,496.099,62.322,558.421,67.578,58.941,1.52,certain_temperate
dronbreen-20220328-DAT_0228_A1_2,2605.0,540409.02,8669585.84,633.498,496.453,62.634,559.087,67.96,59.184,1.512,certain_temperate
dronbreen-20220328-DAT_0228_A1_2,2610.0,540410.53,8669580.98,633.758,496.713,63.26,559.972,68.333,59.645,1.499,certain_temperate
dronbreen-20220328-DAT_0228_A1_2,2615.0,540411.79,8669576.8,634.0,497.059,63.677,560.735,68.231,60.269,1.489,certain_temperate
dronbreen-20220328-DAT_0228_A1_2,2620.0,540413.4,8669571.58,634.352,497.62,63.572,561.192,68.328,60.797,1.487,certain_temperate
dronbreen-20220328-DAT_0228_A1_2,2625.0,540414.72,8669567.21,634.659,498.134,63.572,561.707,68.538,61.108,1.483,certain_temperate
dronbreen-20220328-DAT_0228_A1_2,2630.0,540416.2,8669562.23,634.956,498.744,63.677,562.42,68.741,61.218,1.475,certain_temperate
dronbreen-20220328-DAT_0228_A1_2,2635.0,540417.67,8669557.25,635.228,499.225,63.885,563.11,68.782,61.073,1.467,certain_temperate
dronbreen-20220328-DAT_0228_A1_2,2640.0,540418.84,8669552.88,635.454,499.763,63.885,563.648,68.644,60.897,1.46,certain_temperate
dronbreen-20220328-DAT_0228_A1_2,2645.0,540420.42,8669547.66,635.724,500.45,63.572,564.023,68.574,60.759,1.458,certain_temperate
dronbreen-20220328-DAT_0228_A1_2,2650.0,540421.87,8669542.84,635.966,501.005,63.156,564.161,68.372,60.544,1.46,certain_temperate
dronbreen-20220328-DAT_0228_A1_2,2655.0,540423.15,8669538.62,636.166,501.518,62.843,564.361,68.06,59.815,1.46,certain_temperate
dronbreen-20220328-DAT_0228_A1_2,2660.0,540424.71,8669533.64,636.388,502.26,62.218,564.478,67.345,58.758,1.463,certain_temperate
dronbreen-20220328-DAT_0228_A1_2,2665.0,540426.2,8669528.7,636.626,502.811,61.801,564.612,66.917,58.039,1.465,certain_temperate
dronbreen-20220328-DAT_0228_A1_2,2670.0,540427.53,8669524.39,636.854,503.248,61.592,564.84,66.605,57.622,1.465,certain_temperate
dronbreen-20220328-DAT_0228_A1_2,2675.0,540429.25,8669519.02,637.179,503.886,61.175,565.061,66.098,57.295,1.467,certain_temperate
dronbreen-20220328-DAT_0228_A1_2,2680.0,540430.9,8669514.2,637.485,504.504,60.759,565.263,65.671,56.993,1.469,certain_temperate
dronbreen-20220328-DAT_0228_A1_2,2685.0,540432.37,8669510.05,637.74,505.072,60.446,565.518,65.254,56.68,1.469,certain_temperate
dronbreen-20220328-DAT_0228_A1_2,2690.0,540434.22,8669504.9,638.035,505.679,60.029,565.708,64.748,56.353,1.471,certain_temperate
dronbreen-20220328-DAT_0228_A1_2,2695.0,540435.84,8669500.16,638.316,506.377,59.508,565.885,64.216,55.947,1.473,certain_temperate
dronbreen-20220328-DAT_0228_A1_2,2700.0,540437.65,8669495.33,638.672,507.255,58.987,566.242,63.486,55.321,1.473,certain_temperate
dronbreen-20220328-DAT_0228_A1_2,2705.0,540439.32,8669491.1,639.026,507.816,58.674,566.491,63.189,54.264,1.475,certain_temperate
dronbreen-20220328-DAT_0228_A1_2,2710.0,540441.25,8669486.16,639.429,508.741,58.049,566.79,62.461,52.595,1.477,certain_temperate
dronbreen-20220328-DAT_0228_A1_2,2715.0,540443.1,8669481.47,639.78,509.613,57.424,567.036,61.838,51.655,1.479,certain_temperate
dronbreen-20220328-DAT_0228_A1_2,2720.0,540444.81,8669477.12,640.065,510.106,57.111,567.217,61.548,51.319,1.481,certain_temperate
dronbreen-20220328-DAT_0228_A1_2,2725.0,540446.78,8669472.15,640.367,510.721,56.59,567.311,61.031,50.898,1.485,certain_temperate
dronbreen-20220328-DAT_0228_A1_2,2730.0,540448.39,8669468.15,640.588,511.359,56.069,567.428,60.387,50.396,1.487,certain_temperate
dronbreen-20220328-DAT_0228_A1_2,2735.0,540450.57,8669463.21,640.792,511.979,55.548,567.527,59.659,49.873,1.489,certain_temperate
dronbreen-20220328-DAT_0228_A1_2,2740.0,540452.44,8669459.05,640.938,512.542,55.027,567.569,59.057,49.433,1.491,certain_temperate
dronbreen-20220328-DAT_0228_A1_2,2745.0,540454.72,8669453.84,641.147,513.064,54.506,567.569,58.544,48.904,1.495,certain_temperate
dronbreen-20220328-DAT_0228_A1_2,2750.0,540456.62,8669449.42,641.4,513.838,53.568,567.406,57.714,48.379,1.504,certain_temperate
dronbreen-20220328-DAT_0228_A1_2,2755.0,540458.7,8669444.47,641.789,514.748,53.151,567.899,56.737,48.002,1.501,certain_temperate
dronbreen-20220328-DAT_0228_A1_2,2760.0,540460.57,8669440.31,642.154,515.321,52.838,568.159,56.339,47.983,1.504,certain_temperate
dronbreen-20220328-DAT_0228_A1_2,2765.0,540462.68,8669435.6,642.564,516.253,52.213,568.466,55.507,47.772,1.506,certain_temperate
dronbreen-20220328-DAT_0228_A1_2,2770.0,540464.55,8669431.31,642.905,517.011,51.692,568.703,55.321,47.645,1.508,certain_temperate
dronbreen-20220328-DAT_0228_A1_2,2775.0,540466.61,8669426.41,643.255,517.778,51.066,568.844,55.429,47.537,1.512,certain_temperate
dronbreen-20220328-DAT_0228_A1_2,2780.0,540468.29,8669422.37,643.485,518.633,50.337,568.97,54.785,47.035,1.514,certain_temperate
dronbreen-20220328-DAT_0228_A1_2,2785.0,540470.24,8669417.28,643.779,519.448,49.712,569.159,54.079,46.282,1.516,certain_temperate
dronbreen-20220328-DAT_0228_A1_2,2790.0,540472.13,8669412.51,644.085,520.275,48.982,569.257,53.457,45.653,1.52,certain_temperate
dronbreen-20220328-DAT_0228_A1_2,2795.0,540474.01,8669407.84,644.383,520.99,48.461,569.451,52.813,45.151,1.522,certain_temperate
dronbreen-20220328-DAT_0228_A1_2,2800.0,540475.83,8669403.29,644.657,521.681,47.94,569.621,52.282,44.536,1.524,certain_temperate
dronbreen-20220328-DAT_0228_A1_2,2805.0,540477.76,8669398.15,644.959,522.4,47.523,569.923,51.757,44.123,1.524,certain_temperate
dronbreen-20220328-DAT_0228_A1_2,2810.0,540479.14,8669393.97,645.239,523.097,47.106,570.203,51.236,43.81,1.524,certain_temperate
dronbreen-20220328-DAT_0228_A1_2,2815.0,540480.6,8669388.74,645.618,523.893,46.689,570.582,50.61,43.498,1.524,certain_temperate
dronbreen-20220328-DAT_0228_A1_2,2820.0,540481.75,8669384.16,645.98,524.672,46.272,570.944,50.089,43.185,1.524,certain_temperate
dronbreen-20220328-DAT_0228_A1_2,2825.0,540482.94,8669379.4,646.389,525.601,45.751,571.352,49.464,42.768,1.524,certain_temperate
dronbreen-20220328-DAT_0228_A1_2,2830.0,540483.85,8669374.82,646.795,526.425,45.334,571.759,48.855,42.439,1.524,certain_temperate
dronbreen-20220328-DAT_0228_A1_2,2835.0,540484.81,8669369.27,647.26,527.307,44.709,572.016,48.387,42.073,1.528,certain_temperate
dronbreen-20220328-DAT_0228_A1_2,2840.0,540485.53,8669365.26,647.553,528.016,44.084,572.1,47.905,41.513,1.532,certain_temperate
dronbreen-20220328-DAT_0228_A1_2,2845.0,540486.71,8669359.28,647.925,528.701,43.459,572.159,47.494,41.09,1.538,certain_temperate
dronbreen-20220328-DAT_0228_A1_2,2850.0,540487.41,8669354.78,648.238,529.327,42.937,572.264,46.985,40.765,1.543,certain_temperate
dronbreen-20220328-DAT_0228_A1_2,2855.0,540488.08,8669349.88,648.639,530.144,42.625,572.769,46.683,40.338,1.54,certain_temperate
dronbreen-20220328-DAT_0228_A1_2,2860.0,540488.71,8669345.2,649.107,531.029,42.312,573.341,46.264,39.819,1.538,certain_temperate
dronbreen-20220328-DAT_0228_A1_2,2865.0,540489.33,8669339.82,649.674,532.013,41.999,574.012,45.97,39.28,1.536,certain_temperate
dronbreen-20220328-DAT_0228_A1_2,2870.0,540489.91,8669334.44,650.199,532.955,41.791,574.746,45.653,38.763,1.532,certain_temperate
dronbreen-20220328-DAT_0228_A1_2,2875.0,540490.26,8669330.3,650.551,533.515,41.687,575.202,45.526,38.577,1.53,certain_temperate
dronbreen-20220328-DAT_0228_A1_2,2880.0,540490.71,8669324.85,650.985,534.053,41.687,575.74,45.524,38.475,1.528,certain_temperate
dronbreen-20220328-DAT_0228_A1_2,2885.0,540491.08,8669319.96,651.319,534.596,41.583,576.178,45.105,38.268,1.526,certain_temperate
dronbreen-20220328-DAT_0228_A1_2,2890.0,540491.38,8669315.25,651.625,535.11,41.478,576.589,44.499,38.041,1.524,certain_temperate
dronbreen-20220328-DAT_0228_A1_2,2895.0,540491.75,8669309.56,652.032,535.726,41.478,577.204,44.39,37.837,1.52,certain_temperate
dronbreen-20220328-DAT_0228_A1_2,2900.0,540491.99,8669305.33,652.367,536.165,41.478,577.644,44.368,37.755,1.518,certain_temperate
dronbreen-20220328-DAT_0228_A1_2,2905.0,540492.15,8669300.08,652.856,536.863,41.374,578.237,44.47,37.549,1.516,certain_temperate
dronbreen-20220328-DAT_0228_A1_2,2910.0,540492.25,8669294.87,653.341,537.556,41.27,578.826,44.781,37.342,1.514,certain_temperate
dronbreen-20220328-DAT_0228_A1_2,2915.0,540492.32,8669289.91,653.808,538.231,41.166,579.397,44.779,37.136,1.512,certain_temperate
dronbreen-20220328-DAT_0228_A1_2,2920.0,540492.32,8669285.07,654.273,538.801,41.166,579.967,44.797,37.117,1.51,certain_temperate
dronbreen-20220328-DAT_0228_A1_2,2925.0,540492.31,8669280.17,654.732,539.573,41.062,580.634,44.376,36.809,1.506,certain_temperate
dronbreen-20220328-DAT_0228_A1_2,2930.0,540492.25,8669275.39,655.137,540.186,40.957,581.143,44.354,36.623,1.504,certain_temperate
dronbreen-20220328-DAT_0228_A1_2,2935.0,540492.17,8669270.43,655.506,540.659,40.957,581.616,44.352,36.521,1.501,certain_temperate
dronbreen-20220328-DAT_0228_A1_2,2940.0,540491.96,8669264.56,656.0,541.466,40.749,582.215,44.766,36.836,1.499,certain_temperate
dronbreen-20220328-DAT_0228_A1_2,2945.0,540491.71,8669260.19,656.46,542.134,40.645,582.778,44.994,37.129,1.497,certain_temperate
dronbreen-20220328-DAT_0228_A1_2,2950.0,540491.43,8669255.64,656.98,542.863,40.645,583.507,45.356,37.288,1.493,certain_temperate
dronbreen-20220328-DAT_0228_A1_2,2955.0,540491.06,8669249.94,657.653,543.744,40.957,584.701,45.81,37.46,1.483,certain_temperate
dronbreen-20220328-DAT_0228_A1_2,2960.0,540490.68,8669244.52,658.258,544.662,41.27,585.931,45.834,37.853,1.471,certain_temperate
dronbreen-20220328-DAT_0228_A1_2,2965.0,540490.32,8669240.24,658.698,545.206,41.583,586.789,46.073,38.343,1.463,certain_temperate
dronbreen-20220328-DAT_0228_A1_2,2970.0,540489.88,8669235.3,659.184,546.005,41.791,587.796,46.05,38.574,1.452,certain_temperate
dronbreen-20220328-DAT_0228_A1_2,2975.0,540489.28,8669230.02,659.667,546.696,41.791,588.487,46.196,39.157,1.448,certain_temperate
dronbreen-20220328-DAT_0228_A1_2,2980.0,540488.74,8669224.98,660.12,547.357,41.687,589.044,46.41,39.256,1.446,certain_temperate
dronbreen-20220328-DAT_0228_A1_2,2985.0,540488.25,8669220.45,660.605,548.154,41.895,590.05,47.261,38.822,1.436,certain_temperate
dronbreen-20220328-DAT_0228_A1_2,2990.0,540487.55,8669215.51,661.242,549.105,42.521,591.625,47.96,38.853,1.417,certain_temperate
dronbreen-20220328-DAT_0228_A1_2,2995.0,540486.6,8669209.84,661.99,550.27,42.729,592.999,48.148,39.186,1.405,certain_temperate
dronbreen-20220328-DAT_0228_A1_2,3000.0,540485.6,8669205.07,662.548,551.244,42.833,594.078,48.623,39.127,1.395,certain_temperate
dronbreen-20220328-DAT_0228_A1_2,3005.0,540484.6,8669200.67,662.993,551.898,43.042,594.939,49.015,39.465,1.387,certain_temperate
dronbreen-20220328-DAT_0228_A1_2,3010.0,540483.43,8669196.16,663.439,552.656,43.042,595.698,49.59,39.308,1.381,certain_temperate
dronbreen-20220328-DAT_0228_A1_2,3015.0,540482.08,8669191.1,663.992,553.627,43.146,596.772,49.573,39.429,1.37,certain_temperate
dronbreen-20220328-DAT_0228_A1_2,3020.0,540480.88,8669186.41,664.544,554.595,42.833,597.428,48.996,39.589,1.368,certain_temperate
dronbreen-20220328-DAT_0228_A1_2,3025.0,540479.63,8669181.72,665.08,555.443,42.416,597.86,48.794,39.582,1.37,certain_temperate
dronbreen-20220328-DAT_0228_A1_2,3030.0,540478.0,8669176.09,665.657,556.542,41.895,598.437,48.377,39.27,1.37,certain_temperate
dronbreen-20220328-DAT_0228_A1_2,3035.0,540476.6,8669171.58,666.002,557.303,41.374,598.678,47.957,38.543,1.372,certain_temperate
dronbreen-20220328-DAT_0228_A1_2,3040.0,540475.22,8669166.95,666.365,557.979,41.166,599.145,47.661,38.005,1.37,certain_temperate
dronbreen-20220328-DAT_0228_A1_2,3045.0,540473.72,8669162.38,666.728,558.759,40.853,599.612,47.401,37.224,1.368,certain_temperate
dronbreen-20220328-DAT_0228_A1_2,3050.0,540471.96,8669157.86,667.199,559.647,40.749,600.396,47.222,36.36,1.362,certain_temperate
dronbreen-20220328-DAT_0228_A1_2,3055.0,540469.62,8669152.48,667.923,560.997,40.54,601.537,46.385,35.426,1.354,certain_temperate
dronbreen-20220328-DAT_0228_A1_2,3060.0,540467.78,8669148.66,668.449,562.043,40.124,602.167,45.441,34.807,1.352,certain_temperate
dronbreen-20220328-DAT_0228_A1_2,3065.0,540465.07,8669143.51,669.054,563.483,39.081,602.564,43.882,33.343,1.356,certain_temperate
dronbreen-20220328-DAT_0228_A1_2,3070.0,540462.83,8669139.35,669.008,564.165,37.831,601.996,42.73,32.098,1.366,certain_temperate
dronbreen-20220328-DAT_0228_A1_2,3075.0,540460.55,8669135.0,669.136,565.023,36.58,601.604,41.487,31.152,1.377,certain_temperate
dronbreen-20220328-DAT_0228_A1_2,3080.0,540458.27,8669130.84,669.402,565.914,35.434,601.348,40.052,30.607,1.387,certain_temperate
dronbreen-20220328-DAT_0228_A1_2,3085.0,540455.5,8669126.38,669.854,566.992,34.6,601.592,38.707,29.973,1.391,certain_temperate
dronbreen-20220328-DAT_0228_A1_2,3090.0,540452.5,8669122.1,670.365,568.128,33.662,601.791,37.566,29.342,1.397,certain_temperate
dronbreen-20220328-DAT_0228_A1_2,3095.0,540449.37,8669118.1,670.896,569.18,32.933,602.112,36.281,28.751,1.401,certain_temperate
dronbreen-20220328-DAT_0228_A1_2,3100.0,540446.09,8669114.28,671.414,570.428,31.995,602.423,34.864,27.875,1.405,certain_temperate
dronbreen-20220328-DAT_0228_A1_2,3105.0,540443.13,8669110.97,671.827,571.257,31.265,602.522,33.983,26.567,1.411,certain_temperate
dronbreen-20220328-DAT_0228_A1_2,3110.0,540439.63,8669106.64,672.319,572.27,30.223,602.493,33.287,24.971,1.422,certain_temperate
dronbreen-20220328-DAT_0228_A1_2,3115.0,540436.32,8669103.2,672.71,573.183,28.764,601.947,32.588,23.272,1.44,certain_temperate
dronbreen-20220328-DAT_0228_A1_2,3120.0,540432.44,8669099.73,673.138,574.132,27.096,601.228,30.984,22.584,1.463,certain_temperate
dronbreen-20220328-DAT_0228_A1_2,3125.0,540428.66,8669096.7,673.528,575.043,26.054,601.097,29.369,22.218,1.473,certain_temperate
dronbreen-20220328-DAT_0228_A1_2,3130.0,540424.62,8669093.63,673.92,575.852,25.116,600.968,28.975,20.737,1.483,certain_temperate
dronbreen-20220328-DAT_0228_A1_2,3135.0,540421.02,8669091.01,674.263,576.611,23.24,599.852,28.329,19.61,1.512,certain_temperate
dronbreen-20220328-DAT_0228_A1_2,3140.0,540416.82,8669088.41,674.661,577.218,22.094,599.312,26.535,19.321,1.53,certain_temperate
dronbreen-20220328-DAT_0228_A1_2,3145.0,540412.18,8669085.72,675.124,577.994,21.469,599.463,25.128,17.81,1.536,certain_temperate
dronbreen-20220328-DAT_0228_A1_2,3150.0,540407.83,8669083.36,675.598,578.885,20.739,599.624,24.254,16.391,1.543,certain_temperate
dronbreen-20220328-DAT_0228_A1_2,3155.0,540403.39,8669080.81,676.134,579.837,19.697,599.534,23.531,15.134,1.555,certain_temperate
dronbreen-20220328-DAT_0228_A1_2,3160.0,540398.97,8669078.44,676.627,580.539,18.863,599.402,22.734,14.159,1.567,certain_temperate
dronbreen-20220328-DAT_0228_A1_2,3165.0,540394.61,8669076.08,677.1,581.22,17.717,598.937,21.545,14.306,1.586,certain_temperate
dronbreen-20220328-DAT_0228_A1_2,3170.0,540390.39,8669073.78,678.499,582.828,17.092,599.919,20.387,14.318,1.594,certain_temperate
dronbreen-20220328-DAT_0228_A1_2,3175.0,540385.94,8669071.4,679.336,583.664,16.883,600.548,20.282,13.067,1.598,certain_temperate
dronbreen-20220328-DAT_0228_A1_2,3180.0,540381.0,8669068.79,678.708,583.14,16.154,599.294,19.327,13.189,1.61,certain_temperate
dronbreen-20220328-DAT_0228_A1_2,3185.0,540376.79,8669066.55,678.894,583.327,16.779,600.106,20.277,12.551,1.598,certain_temperate
dronbreen-20220328-DAT_0228_A1_2,3190.0,540372.56,8669064.44,679.423,583.856,17.613,601.469,21.099,12.563,1.582,certain_temperate
dronbreen-20220328-DAT_0228_A1_2,3195.0,540368.28,8669062.33,679.925,584.254,18.342,602.596,21.458,12.83,1.569,certain_temperate
dronbreen-20220328-DAT_0228_A1_2,3200.0,540363.5,8669060.07,680.162,584.491,18.968,603.459,21.628,14.222,1.557,certain_temperate
dronbreen-20220328-DAT_0228_A1_2,3205.0,540359.27,8669058.09,680.367,584.591,19.801,604.393,22.13,16.326,1.543,certain_temperate
dronbreen-20220328-DAT_0228_A1_2,3210.0,540354.95,8669055.97,680.72,584.944,20.114,605.058,22.819,17.721,1.536,certain_temperate
dronbreen-20220328-DAT_0228_A1_2,3215.0,540349.65,8669053.52,681.092,585.317,20.948,606.264,24.493,17.193,1.52,certain_temperate
dronbreen-20220328-DAT_0228_A1_2,3220.0,540345.43,8669051.41,681.42,585.644,22.302,607.947,25.739,17.824,1.493,certain_temperate
dronbreen-20220328-DAT_0228_A1_2,3225.0,540340.91,8669049.41,681.677,585.902,23.032,608.934,25.276,19.121,1.479,certain_temperate
dronbreen-20220328-DAT_0228_A1_2,3230.0,540336.58,8669047.81,681.865,585.881,23.657,609.538,25.904,20.055,1.471,certain_temperate
dronbreen-20220328-DAT_0228_A1_2,3235.0,540331.47,8669045.95,682.032,585.84,24.283,610.122,26.728,21.003,1.463,certain_temperate
dronbreen-20220328-DAT_0228_A1_2,3240.0,540327.54,8669044.42,682.087,585.686,24.699,610.386,27.477,21.505,1.458,certain_temperate
dronbreen-20220328-DAT_0228_A1_2,3245.0,540322.81,8669042.42,682.311,585.806,25.012,610.818,28.202,21.926,1.454,certain_temperate
dronbreen-20220328-DAT_0228_A1_2,3250.0,540318.12,8669040.48,682.694,586.085,25.325,611.41,29.061,22.11,1.45,certain_temperate
dronbreen-20220328-DAT_0228_A1_2,3255.0,540312.9,8669038.6,683.062,586.869,25.429,612.298,29.882,22.539,1.44,certain_temperate
dronbreen-20220328-DAT_0228_A1_2,3260.0,540308.23,8669037.02,683.536,587.76,25.846,613.606,30.266,22.676,1.424,certain_temperate
dronbreen-20220328-DAT_0228_A1_2,3265.0,540303.29,8669035.2,684.104,588.642,26.158,614.8,30.467,23.309,1.411,certain_temperate
dronbreen-20220328-DAT_0228_A1_2,3270.0,540298.55,8669033.32,684.549,589.295,26.367,615.662,30.745,23.76,1.403,certain_temperate
dronbreen-20220328-DAT_0228_A1_2,3275.0,540294.04,8669031.45,685.084,590.142,26.471,616.613,31.465,23.77,1.395,certain_temperate
dronbreen-20220328-DAT_0228_A1_2,3280.0,540289.7,8669029.77,685.488,590.859,26.888,617.747,32.616,23.765,1.381,certain_temperate
dronbreen-20220328-DAT_0228_A1_2,3285.0,540284.84,8669027.85,686.064,591.748,27.409,619.157,33.529,23.999,1.364,certain_temperate
dronbreen-20220328-DAT_0228_A1_2,3290.0,540280.06,8669025.94,686.492,592.488,27.93,620.419,34.176,24.498,1.348,certain_temperate
dronbreen-20220328-DAT_0228_A1_2,3295.0,540275.92,8669024.42,686.694,592.898,28.347,621.245,34.794,24.819,1.336,certain_temperate
dronbreen-20220328-DAT_0228_A1_2,3300.0,540271.26,8669022.7,687.123,593.328,29.181,622.509,36.107,25.276,1.319,certain_temperate
dronbreen-20220328-DAT_0228_A1_2,3305.0,540265.91,8669020.62,687.756,593.857,30.119,623.975,37.348,25.911,1.303,certain_temperate
dronbreen-20220328-DAT_0228_A1_2,3310.0,540261.54,8669018.78,688.006,593.793,31.265,625.058,38.891,26.766,1.287,certain_temperate
dronbreen-20220328-DAT_0228_A1_2,3315.0,540256.85,8669016.88,688.606,593.977,32.62,626.597,40.757,28.235,1.268,certain_temperate
dronbreen-20220328-DAT_0228_A1_2,3320.0,540252.37,8669014.96,689.047,594.105,33.766,627.871,42.009,29.797,1.252,certain_temperate
dronbreen-20220328-DAT_0228_A1_2,3325.0,540247.92,8669013.01,689.519,593.847,35.33,629.177,44.261,31.192,1.236,certain_temperate
dronbreen-20220328-DAT_0228_A1_2,3330.0,540243.43,8669011.03,690.004,593.499,37.414,630.913,46.738,32.675,1.211,certain_temperate
dronbreen-20220328-DAT_0228_A1_2,3335.0,540238.57,8669009.07,690.481,593.246,39.498,632.745,48.813,34.248,1.185,certain_temperate
dronbreen-20220328-DAT_0228_A1_2,3340.0,540233.64,8669006.97,690.934,592.866,41.791,634.657,58.285,36.552,1.156,certain_temperate
dronbreen-20220328-DAT_0228_A1_2,3345.0,540229.52,8669005.27,691.312,592.306,43.771,636.077,66.094,38.436,1.136,certain_temperate
dronbreen-20220328-DAT_0228_A1_2,3350.0,540224.9,8669003.41,691.723,591.779,46.064,637.843,69.42,40.529,1.11,certain_temperate
dronbreen-20220328-DAT_0228_A1_2,3355.0,540219.95,8669001.59,692.138,591.255,48.357,639.612,72.433,42.101,1.084,certain_temperate
dronbreen-20220328-DAT_0228_A1_2,3360.0,540215.41,8669000.13,692.496,591.093,50.233,641.325,88.933,42.068,1.057,certain_temperate
dronbreen-20220328-DAT_0228_A1_2,3365.0,540210.59,8668998.24,692.888,591.173,53.046,644.219,101.716,19.297,1.009,certain_temperate
dronbreen-20220328-DAT_0228_A1_2,3370.0,540206.32,8668996.26,693.248,591.115,76.808,667.923,102.133,21.949,0.572,certain_temperate
dronbreen-20220328-DAT_0228_A1_2,3375.0,540201.44,8668994.2,693.659,591.109,79.309,670.418,101.053,47.873,0.535,certain_temperate
dronbreen-20220328-DAT_0228_A1_2,3380.0,540196.97,8668991.95,694.017,591.05,81.81,672.861,101.017,50.202,0.5,certain_temperate
dronbreen-20220328-DAT_0228_A1_2,3385.0,540192.88,8668990.14,694.32,591.145,83.686,674.831,101.222,50.518,0.472,certain_temperate
dronbreen-20220328-DAT_0228_A1_2,3390.0,540187.79,8668987.9,694.694,591.102,86.188,677.289,101.299,51.275,0.438,certain_temperate
dronbreen-20220328-DAT_0228_A1_2,3395.0,540183.2,8668985.79,695.035,591.131,87.855,678.986,99.494,53.705,0.417,certain_temperate
dronbreen-20220328-DAT_0228_A1_2,3400.0,540179.05,8668983.85,695.346,591.234,88.168,679.401,98.541,55.075,0.415,certain_temperate
dronbreen-20220328-DAT_0228_A1_2,3405.0,540174.65,8668981.54,695.649,591.328,88.48,679.808,98.748,55.285,0.413,certain_temperate
dronbreen-20220328-DAT_0228_A1_2,3410.0,540169.88,8668978.87,695.969,591.439,88.793,680.232,99.123,55.431,0.412,certain_temperate
dronbreen-20220328-DAT_0228_A1_2,3415.0,540165.56,8668976.56,696.252,591.514,89.21,680.724,99.329,59.186,0.409,certain_temperate
dronbreen-20220328-DAT_0228_A1_2,3420.0,540161.22,8668974.2,696.548,591.602,89.522,681.124,99.429,62.525,0.407,certain_temperate
dronbreen-20220328-DAT_0228_A1_2,3425.0,540156.93,8668971.97,696.856,591.701,89.731,681.432,99.68,65.817,0.407,certain_temperate
dronbreen-20220328-DAT_0228_A1_2,3430.0,540152.32,8668969.74,697.181,591.609,90.356,681.965,100.159,70.028,0.404,certain_temperate
dronbreen-20220328-DAT_0228_A1_2,3435.0,540147.56,8668967.53,697.523,591.43,90.982,682.411,100.614,74.471,0.402,certain_temperate
dronbreen-20220328-DAT_0228_A1_2,3440.0,540143.21,8668965.66,697.862,591.248,91.607,682.855,101.238,78.849,0.401,certain_temperate
dronbreen-20220328-DAT_0228_A1_2,3445.0,540138.86,8668963.86,698.237,591.102,92.232,683.334,101.758,82.498,0.399,certain_temperate
dronbreen-20220328-DAT_0228_A1_2,3450.0,540134.28,8668962.11,698.607,590.742,93.066,683.808,104.099,84.742,0.398,certain_temperate
dronbreen-20220328-DAT_0228_A1_2,3455.0,540129.54,8668960.42,698.929,590.439,95.463,685.902,106.173,87.67,0.372,certain_temperate
dronbreen-20220328-DAT_0228_A1_2,3460.0,540124.69,8668958.54,699.187,590.176,97.443,687.618,105.46,91.093,0.352,certain_temperate
dronbreen-20220328-DAT_0228_A1_2,3465.0,540120.17,8668956.54,699.366,589.73,98.694,688.423,108.667,90.283,0.344,certain_temperate
dronbreen-20220328-DAT_0228_A1_2,3470.0,540115.5,8668954.6,699.523,589.574,102.862,692.437,109.87,89.914,0.301,certain_temperate
dronbreen-20220328-DAT_0228_A1_2,3475.0,540110.88,8668952.45,699.722,589.356,104.634,693.99,108.631,94.592,0.289,certain_temperate
dronbreen-20220328-DAT_0228_A1_2,3480.0,540106.33,8668950.21,699.962,589.179,105.051,694.23,110.072,95.444,0.289,certain_temperate
dronbreen-20220328-DAT_0228_A1_2,3485.0,540101.79,8668947.87,700.235,589.243,104.217,693.46,108.997,96.624,0.298,certain_temperate
dronbreen-20220328-DAT_0228_A1_2,3490.0,540097.29,8668945.69,700.513,589.522,105.259,694.782,109.864,95.861,0.289,certain_temperate
dronbreen-20220328-DAT_0228_A1_2,3495.0,540092.73,8668943.2,700.85,589.755,105.363,695.119,109.092,96.945,0.289,certain_temperate
dronbreen-20220328-DAT_0228_A1_2,3500.0,540088.63,8668940.94,701.163,590.067,105.363,695.431,109.53,97.028,0.289,certain_temperate
dronbreen-20220328-DAT_0228_A1_2,3505.0,540083.89,8668938.36,701.526,590.535,105.363,695.899,109.112,62.325,0.288,certain_temperate
dronbreen-20220328-DAT_0228_A1_2,3510.0,540080.38,8668936.44,701.804,590.917,105.259,696.176,108.987,62.242,0.288,certain_temperate
dronbreen-20220328-DAT_0228_A1_2,3515.0,540076.04,8668934.08,702.148,591.365,105.155,696.52,108.883,62.138,0.288,certain_temperate
dronbreen-20220328-DAT_0228_A1_2,3520.0,540070.55,8668931.37,702.587,591.909,105.051,696.959,108.778,62.033,0.288,certain_temperate
dronbreen-20220328-DAT_0228_A1_2,3525.0,540066.13,8668929.26,702.96,592.386,104.947,697.332,108.674,61.929,0.288,certain_temperate
dronbreen-20220328-DAT_0228_A1_2,3530.0,540061.62,8668926.95,703.358,592.784,104.947,697.73,108.674,62.033,0.288,certain_temperate
dronbreen-20220328-DAT_0228_A1_2,3535.0,540057.19,8668924.77,703.775,593.409,104.738,698.147,108.487,61.804,0.288,certain_temperate
dronbreen-20220328-DAT_0228_A1_2,3540.0,540052.85,8668922.41,704.195,593.829,104.842,698.672,108.486,61.804,0.288,certain_temperate
dronbreen-20220328-DAT_0228_A1_2,3545.0,540048.64,8668920.24,704.594,594.228,104.842,699.07,108.569,61.826,0.288,certain_temperate
dronbreen-20220328-DAT_0228_A1_2,3550.0,540044.1,8668917.87,705.002,594.636,104.842,699.479,108.569,61.826,0.288,certain_temperate
dronbreen-20220328-DAT_0228_A1_2,3555.0,540039.52,8668915.5,705.388,594.918,104.947,699.865,108.673,61.93,0.288,certain_temperate
dronbreen-20220328-DAT_0228_A1_2,3560.0,540035.65,8668913.53,705.703,594.921,105.259,700.18,108.986,62.243,0.288,certain_temperate
dronbreen-20220328-DAT_0228_A1_2,3565.0,540031.16,8668911.28,706.078,595.087,105.468,700.554,109.216,62.43,0.288,certain_temperate
dronbreen-20220328-DAT_0228_A1_2,3570.0,540026.71,8668908.98,706.501,595.302,105.78,701.082,109.424,62.639,0.287,certain_temperate
dronbreen-20220328-DAT_0228_A1_2,3575.0,540021.76,8668906.32,707.01,595.394,106.197,701.591,109.819,63.181,0.287,certain_temperate
dronbreen-20220328-DAT_0228_A1_2,3580.0,540017.83,8668904.11,707.448,595.31,106.718,702.029,110.34,63.702,0.287,certain_temperate
dronbreen-20220328-DAT_0228_A1_2,3585.0,540012.92,8668901.31,707.96,595.197,107.344,702.541,111.07,64.328,0.287,certain_temperate
dronbreen-20220328-DAT_0228_A1_2,3590.0,540008.95,8668899.02,708.341,595.161,107.76,702.922,111.487,64.745,0.287,certain_temperate
dronbreen-20220328-DAT_0228_A1_2,3595.0,540004.36,8668896.22,708.758,594.953,108.386,703.339,112.133,65.348,0.287,certain_temperate
dronbreen-20220328-DAT_0228_A1_2,3600.0,540000.29,8668893.4,709.124,594.694,109.115,703.809,112.758,65.974,0.286,certain_temperate
dronbreen-20220328-DAT_0228_A1_2,3605.0,539996.85,8668891.22,709.45,594.499,109.636,704.135,113.257,66.517,0.286,certain_temperate
dronbreen-20220328-DAT_0228_A1_2,3610.0,539992.79,8668888.5,709.874,594.297,110.262,704.559,113.883,67.142,0.286,certain_temperate
dronbreen-20220328-DAT_0228_A1_2,3615.0,539987.55,8668885.36,710.473,594.167,110.991,705.158,114.612,67.872,0.286,certain_temperate
dronbreen-20220328-DAT_0228_A1_2,3620.0,539983.8,8668883.05,710.92,593.989,111.616,705.605,115.238,68.497,0.286,certain_temperate
dronbreen-20220328-DAT_0228_A1_2,3625.0,539978.87,8668880.21,711.5,593.839,112.346,706.185,116.071,69.331,0.286,certain_temperate
dronbreen-20220328-DAT_0228_A1_2,3630.0,539975.62,8668878.25,711.844,593.558,112.971,706.529,116.718,69.935,0.286,certain_temperate
dronbreen-20220328-DAT_0228_A1_2,3635.0,539970.22,8668875.3,712.333,593.421,113.701,707.122,117.343,70.561,0.285,certain_temperate
dronbreen-20220328-DAT_0228_A1_2,3640.0,539966.54,8668873.37,712.628,593.196,114.222,707.417,117.842,71.103,0.285,certain_temperate
dronbreen-20220328-DAT_0228_A1_2,3645.0,539962.32,8668870.97,712.96,592.901,114.847,707.749,118.468,71.729,0.285,certain_temperate
dronbreen-20220328-DAT_0228_A1_2,3650.0,539957.87,8668868.79,713.314,592.735,115.368,708.104,118.989,72.25,0.285,certain_temperate
dronbreen-20220328-DAT_0228_A1_2,3655.0,539953.29,8668866.42,713.704,592.604,115.889,708.493,119.51,72.771,0.285,certain_temperate
dronbreen-20220328-DAT_0228_A1_2,3660.0,539948.23,8668863.96,714.139,592.726,116.202,708.928,119.822,73.083,0.285,certain_temperate
dronbreen-20220328-DAT_0228_A1_2,3665.0,539944.45,8668862.04,714.464,592.843,116.41,709.253,120.052,73.27,0.285,certain_temperate
dronbreen-20220328-DAT_0228_A1_2,3670.0,539939.19,8668859.3,714.918,592.776,117.036,709.812,120.573,73.792,0.285,certain_temperate
dronbreen-20220328-DAT_0228_A1_2,3675.0,539935.79,8668857.34,715.189,592.838,117.244,710.082,120.76,74.126,0.285,certain_temperate
dronbreen-20220328-DAT_0228_A1_2,3680.0,539931.2,8668854.73,715.491,592.932,117.453,710.385,120.968,74.335,0.285,certain_temperate
dronbreen-20220328-DAT_0228_A1_2,3685.0,539927.07,8668852.3,715.736,592.968,117.661,710.629,121.176,74.543,0.285,certain_temperate
dronbreen-20220328-DAT_0228_A1_2,3690.0,539922.46,8668849.51,715.99,592.91,117.974,710.884,121.489,74.856,0.285,certain_temperate
dronbreen-20220328-DAT_0228_A1_2,3695.0,539918.22,8668847.33,716.235,593.259,117.87,711.128,121.406,74.73,0.285,certain_temperate
dronbreen-20220328-DAT_0228_A1_2,3700.0,539913.98,8668845.1,716.51,593.534,117.974,711.508,121.406,74.731,0.284,certain_temperate
dronbreen-20220328-DAT_0228_A1_2,3705.0,539908.77,8668842.43,716.848,593.871,117.974,711.845,121.384,74.752,0.284,certain_temperate
dronbreen-20220328-DAT_0228_A1_2,3710.0,539904.43,8668840.19,717.121,594.353,117.765,712.118,121.176,74.544,0.284,certain_temperate
dronbreen-20220328-DAT_0228_A1_2,3715.0,539900.05,8668838.05,717.386,594.931,117.453,712.384,120.863,74.231,0.284,certain_temperate
dronbreen-20220328-DAT_0228_A1_2,3720.0,539895.75,8668835.94,717.673,595.426,117.244,712.671,120.655,74.023,0.284,certain_temperate
dronbreen-20220328-DAT_0228_A1_2,3725.0,539891.53,8668833.95,717.972,596.038,116.932,712.969,120.364,73.793,0.284,certain_temperate
dronbreen-20220328-DAT_0228_A1_2,3730.0,539886.38,8668831.5,718.355,596.63,116.827,713.457,120.154,73.585,0.283,certain_temperate
dronbreen-20220328-DAT_0228_A1_2,3735.0,539881.63,8668829.13,718.678,597.265,116.515,713.78,119.82,73.294,0.283,certain_temperate
dronbreen-20220328-DAT_0228_A1_2,3740.0,539877.21,8668826.95,718.944,597.74,116.306,714.046,119.612,73.086,0.283,certain_temperate
dronbreen-20220328-DAT_0228_A1_2,3745.0,539872.79,8668824.65,719.214,598.114,116.202,714.316,119.507,72.981,0.283,certain_temperate
dronbreen-20220328-DAT_0228_A1_2,3750.0,539868.85,8668822.8,719.439,598.547,115.994,714.541,119.299,72.773,0.283,certain_temperate
dronbreen-20220328-DAT_0228_A1_2,3755.0,539863.84,8668820.6,719.718,599.035,115.785,714.82,119.091,72.565,0.283,certain_temperate
dronbreen-20220328-DAT_0228_A1_2,3760.0,539859.67,8668818.8,719.952,599.268,115.785,715.054,119.112,72.543,0.283,certain_temperate
dronbreen-20220328-DAT_0228_A1_2,3765.0,539854.92,8668816.55,720.24,599.661,115.785,715.446,119.007,72.439,0.282,certain_temperate
dronbreen-20220328-DAT_0228_A1_2,3770.0,539850.54,8668814.25,720.522,600.047,115.681,715.728,118.881,72.461,0.282,certain_temperate
dronbreen-20220328-DAT_0228_A1_2,3775.0,539846.45,8668811.98,720.802,600.535,115.473,716.008,118.673,72.253,0.282,certain_temperate
dronbreen-20220328-DAT_0228_A1_2,3780.0,539842.05,8668809.46,721.117,601.059,115.264,716.323,118.465,72.044,0.282,certain_temperate
dronbreen-20220328-DAT_0228_A1_2,3785.0,539838.04,8668807.0,721.397,601.443,115.16,716.603,118.36,71.94,0.282,certain_temperate
dronbreen-20220328-DAT_0228_A1_2,3790.0,539832.87,8668803.75,721.705,601.855,115.056,716.911,118.278,71.814,0.282,certain_temperate
dronbreen-20220328-DAT_0228_A1_2,3795.0,539828.75,8668801.33,721.95,602.205,115.056,717.26,118.173,71.711,0.282,certain_temperate
dronbreen-20220328-DAT_0228_A1_2,3800.0,539824.55,8668798.72,722.202,602.561,114.951,717.512,118.047,71.628,0.282,certain_temperate
dronbreen-20220328-DAT_0228_A1_2,3805.0,539820.85,8668796.35,722.44,602.903,114.847,717.751,117.943,71.524,0.282,certain_temperate
dronbreen-20220328-DAT_0228_A1_2,3810.0,539816.27,8668793.33,722.761,603.329,114.743,718.072,117.839,71.42,0.282,certain_temperate
dronbreen-20220328-DAT_0228_A1_2,3815.0,539812.18,8668790.54,723.039,604.023,114.326,718.35,117.422,71.003,0.282,certain_temperate
dronbreen-20220328-DAT_0228_A1_2,3820.0,539808.11,8668787.93,723.305,604.602,114.013,718.616,117.109,70.794,0.282,certain_temperate
dronbreen-20220328-DAT_0228_A1_2,3825.0,539804.01,8668785.29,723.545,605.155,113.701,718.856,116.818,70.46,0.282,certain_temperate
dronbreen-20220328-DAT_0228_A1_2,3830.0,539799.8,8668782.67,723.794,606.029,113.18,719.209,116.192,69.835,0.281,certain_temperate
dronbreen-20220328-DAT_0228_A1_2,3835.0,539795.64,8668780.25,724.046,606.697,112.763,719.46,115.754,69.44,0.281,certain_temperate
dronbreen-20220328-DAT_0228_A1_2,3840.0,539791.25,8668777.83,724.32,607.18,112.554,719.734,115.545,69.232,0.281,certain_temperate
dronbreen-20220328-DAT_0228_A1_2,3845.0,539786.04,8668774.85,724.638,607.706,112.346,720.052,115.337,69.023,0.281,certain_temperate
dronbreen-20220328-DAT_0228_A1_2,3850.0,539782.21,8668772.74,724.871,608.147,112.138,720.285,115.128,68.815,0.281,certain_temperate
dronbreen-20220328-DAT_0228_A1_2,3855.0,539778.26,8668770.44,725.102,608.796,111.721,720.517,114.733,68.376,0.281,certain_temperate
dronbreen-20220328-DAT_0228_A1_2,3860.0,539773.27,8668767.5,725.38,609.282,111.616,720.898,114.524,68.168,0.28,certain_temperate
dronbreen-20220328-DAT_0228_A1_2,3865.0,539769.14,8668764.96,725.639,609.541,111.616,721.158,114.502,68.294,0.28,certain_temperate
dronbreen-20220328-DAT_0228_A1_2,3870.0,539764.92,8668762.04,725.943,609.741,111.721,721.462,114.606,68.399,0.28,certain_temperate
dronbreen-20220328-DAT_0228_A1_2,3875.0,539761.17,8668759.7,726.224,610.022,111.721,721.743,114.606,68.399,0.28,certain_temperate
dronbreen-20220328-DAT_0228_A1_2,3880.0,539757.09,8668757.1,726.526,610.011,112.033,722.044,114.919,68.711,0.28,certain_temperate
dronbreen-20220328-DAT_0228_A1_2,3885.0,539752.84,8668754.37,726.829,610.418,111.929,722.348,114.815,68.607,0.28,certain_temperate
dronbreen-20220328-DAT_0228_A1_2,3890.0,539748.77,8668751.52,727.082,610.568,112.033,722.601,114.941,68.689,0.28,certain_temperate
dronbreen-20220328-DAT_0228_A1_2,3895.0,539744.31,8668748.5,727.345,610.934,112.033,722.968,114.836,68.586,0.28,certain_temperate
dronbreen-20220328-DAT_0228_A1_2,3900.0,539740.1,8668745.87,727.615,611.517,111.721,723.238,114.502,68.295,0.28,certain_temperate
dronbreen-20220328-DAT_0228_A1_2,3905.0,539735.42,8668742.94,727.975,611.982,111.616,723.598,114.397,68.191,0.28,certain_temperate
dronbreen-20220328-DAT_0228_A1_2,3910.0,539731.42,8668740.4,728.316,612.323,111.616,723.939,114.397,68.295,0.28,certain_temperate
dronbreen-20220328-DAT_0228_A1_2,3915.0,539727.37,8668737.92,728.659,612.978,111.304,724.282,114.085,67.982,0.28,certain_temperate
dronbreen-20220328-DAT_0228_A1_2,3920.0,539723.23,8668735.2,728.997,613.629,110.991,724.62,113.794,67.648,0.28,certain_temperate
dronbreen-20220328-DAT_0228_A1_2,3925.0,539719.06,8668732.41,729.338,614.595,110.47,725.065,113.168,67.023,0.279,certain_temperate
dronbreen-20220328-DAT_0228_A1_2,3930.0,539715.05,8668729.87,729.669,615.656,109.741,725.396,112.417,66.316,0.279,certain_temperate
dronbreen-20220328-DAT_0228_A1_2,3935.0,539711.11,8668727.15,730.001,616.821,108.907,725.728,111.583,65.482,0.279,certain_temperate
dronbreen-20220328-DAT_0228_A1_2,3940.0,539706.82,8668723.86,730.375,618.133,107.969,726.102,110.645,64.544,0.279,certain_temperate
dronbreen-20220328-DAT_0228_A1_2,3945.0,539703.06,8668721.14,730.693,619.702,106.718,726.42,109.416,63.271,0.279,certain_temperate
dronbreen-20220328-DAT_0228_A1_2,3950.0,539698.34,8668718.21,731.085,621.345,105.572,726.917,108.165,62.021,0.278,certain_temperate
dronbreen-20220328-DAT_0228_A1_2,3955.0,539694.3,8668716.05,731.416,622.718,104.53,727.247,107.101,61.105,0.278,certain_temperate
dronbreen-20220328-DAT_0228_A1_2,3960.0,539689.11,8668713.29,731.846,624.19,103.488,727.678,106.059,60.063,0.278,certain_temperate
dronbreen-20220328-DAT_0228_A1_2,3965.0,539684.91,8668711.12,732.149,625.222,102.758,727.98,105.329,59.334,0.278,certain_temperate
dronbreen-20220328-DAT_0228_A1_2,3970.0,539681.02,8668709.14,732.422,626.225,102.029,728.253,104.6,58.604,0.278,certain_temperate
dronbreen-20220328-DAT_0228_A1_2,3975.0,539676.62,8668706.9,732.764,627.818,100.778,728.595,103.349,57.354,0.278,certain_temperate
dronbreen-20220328-DAT_0228_A1_2,3980.0,539671.5,8668704.27,733.213,629.1,99.944,729.044,102.537,56.498,0.278,certain_temperate
dronbreen-20220328-DAT_0228_A1_2,3985.0,539667.13,8668702.03,733.65,630.267,99.319,729.586,101.807,55.769,0.278,certain_temperate
dronbreen-20220328-DAT_0228_A1_2,3990.0,539663.38,8668699.88,734.041,631.178,98.798,729.976,101.264,55.27,0.278,certain_temperate
dronbreen-20220328-DAT_0228_A1_2,3995.0,539658.35,8668696.98,734.545,632.517,97.964,730.481,100.43,54.436,0.278,certain_temperate
dronbreen-20220328-DAT_0228_A1_2,4000.0,539653.91,8668694.39,734.994,633.383,97.547,730.93,100.014,54.124,0.278,certain_temperate
dronbreen-20220328-DAT_0228_A1_2,4005.0,539650.19,8668692.05,735.391,634.093,97.235,731.327,99.723,53.789,0.278,certain_temperate
dronbreen-20220328-DAT_0228_A1_2,4010.0,539645.93,8668689.04,735.889,635.215,96.713,731.928,100.035,88.911,0.277,certain_temperate
dronbreen-20220328-DAT_0228_A1_2,4015.0,539642.66,8668686.52,736.313,636.056,96.297,732.353,99.7,88.516,0.277,certain_temperate
dronbreen-20220328-DAT_0228_A1_2,4020.0,539637.79,8668682.83,736.945,636.897,96.088,732.985,99.492,88.307,0.277,certain_temperate
dronbreen-20220328-DAT_0228_A1_2,4025.0,539633.77,8668679.84,737.443,637.291,96.192,733.483,99.596,88.307,0.277,certain_temperate
dronbreen-20220328-DAT_0228_A1_2,4030.0,539629.91,8668677.74,737.861,637.604,96.297,733.901,99.7,88.412,0.277,certain_temperate
dronbreen-20220328-DAT_0228_A1_2,4035.0,539624.99,8668675.12,738.359,638.207,96.192,734.399,99.618,88.285,0.277,certain_temperate
dronbreen-20220328-DAT_0228_A1_2,4040.0,539620.87,8668672.6,738.784,638.735,96.192,734.928,99.513,88.077,0.277,certain_temperate
dronbreen-20220328-DAT_0228_A1_2,4045.0,539616.5,8668670.03,739.226,639.281,96.088,735.37,99.387,87.995,0.277,certain_temperate
dronbreen-20220328-DAT_0228_A1_2,4050.0,539612.62,8668667.31,739.644,639.804,95.984,735.788,98.241,52.457,0.277,certain_temperate
dronbreen-20220328-DAT_0228_A1_2,4055.0,539608.46,8668664.95,740.105,640.473,95.775,736.249,98.032,52.249,0.277,certain_temperate
dronbreen-20220328-DAT_0228_A1_2,4060.0,539603.86,8668662.34,740.66,641.133,95.671,736.804,97.928,52.145,0.277,certain_temperate
dronbreen-20220328-DAT_0228_A1_2,4065.0,539599.22,8668659.41,741.241,641.922,95.463,737.385,97.742,51.914,0.277,certain_temperate
dronbreen-20220328-DAT_0228_A1_2,4070.0,539595.38,8668656.82,741.722,642.716,95.254,737.97,97.429,51.602,0.276,certain_temperate
dronbreen-20220328-DAT_0228_A1_2,4075.0,539591.44,8668654.41,742.182,643.489,94.942,738.43,97.094,51.311,0.276,certain_temperate
dronbreen-20220328-DAT_0228_A1_2,4080.0,539586.74,8668651.48,742.715,644.542,94.421,738.963,96.573,50.79,0.276,certain_temperate
dronbreen-20220328-DAT_0228_A1_2,4085.0,539583.1,8668649.2,743.141,645.698,93.691,739.389,95.843,50.061,0.276,certain_temperate
dronbreen-20220328-DAT_0228_A1_2,4090.0,539578.1,8668646.01,743.706,647.409,92.545,739.954,94.697,49.019,0.276,certain_temperate
dronbreen-20220328-DAT_0228_A1_2,4095.0,539574.54,8668643.86,744.079,648.408,91.919,740.327,94.094,48.371,0.276,certain_temperate
dronbreen-20220328-DAT_0228_A1_2,4100.0,539569.85,8668641.12,744.567,649.938,90.981,740.919,93.051,47.329,0.275,certain_temperate
dronbreen-20220328-DAT_0228_A1_2,4105.0,539566.31,8668638.57,744.988,650.984,90.356,741.34,92.403,46.726,0.275,certain_temperate
dronbreen-20220328-DAT_0228_A1_2,4110.0,539561.84,8668635.24,745.54,652.37,89.522,741.892,91.57,45.893,0.275,certain_temperate
dronbreen-20220328-DAT_0228_A1_2,4115.0,539558.27,8668632.4,746.001,653.977,88.376,742.353,90.423,44.746,0.275,certain_temperate
dronbreen-20220328-DAT_0228_A1_2,4120.0,539553.95,8668628.68,746.553,655.572,87.334,742.905,89.381,43.704,0.275,certain_temperate
dronbreen-20220328-DAT_0228_A1_2,4125.0,539550.3,8668625.55,746.997,657.266,86.083,743.349,88.153,42.431,0.275,certain_temperate
dronbreen-20220328-DAT_0228_A1_2,4130.0,539546.25,8668622.14,747.469,659.197,84.728,743.925,86.693,41.077,0.275,certain_temperate
dronbreen-20220328-DAT_0228_A1_2,4135.0,539543.09,8668619.49,747.812,660.583,83.686,744.269,85.629,40.057,0.275,certain_temperate
dronbreen-20220328-DAT_0228_A1_2,4140.0,539539.03,8668615.79,748.236,662.569,82.123,744.692,84.065,38.494,0.275,certain_temperate
dronbreen-20220328-DAT_0228_A1_2,4145.0,539535.06,8668612.68,748.621,664.206,80.872,745.078,82.815,37.243,0.275,certain_temperate
dronbreen-20220328-DAT_0228_A1_2,4150.0,539530.9,8668609.46,749.034,665.661,79.83,745.491,81.773,36.201,0.275,certain_temperate
dronbreen-20220328-DAT_0228_A1_2,4155.0,539526.99,8668606.92,749.438,666.898,78.997,745.894,80.961,35.345,0.275,certain_temperate
dronbreen-20220328-DAT_0228_A1_2,4160.0,539522.6,8668604.19,749.91,668.933,77.537,746.47,79.397,33.782,0.274,certain_temperate
dronbreen-20220328-DAT_0228_A1_2,4165.0,539518.33,8668601.15,750.399,671.194,75.766,746.959,77.603,32.033,0.274,certain_temperate
dronbreen-20220328-DAT_0228_A1_2,4170.0,539514.56,8668598.42,750.85,672.479,74.932,747.411,76.77,31.303,0.274,certain_temperate
dronbreen-20220328-DAT_0228_A1_2,4175.0,539510.41,8668595.65,751.326,675.352,72.535,747.887,74.395,28.884,0.274,certain_temperate
dronbreen-20220328-DAT_0228_A1_2,4180.0,539507.77,8668591.57,751.66,677.249,71.076,748.325,74.411,25.902,0.274,certain_temperate
dronbreen-20220328-DAT_0228_A1_2,4185.0,539509.97,8668587.07,751.504,680.115,69.513,749.628,71.389,58.427,0.268,certain_temperate
