radar_key,distance,easting,northing,elevation,bed_elevation,temperate,temperate_elevation,temperate_lower,temperate_upper,temperate_gpr_uncertainty,bed_type
dronbreen-20220328-DAT_0227_A1_1,0.0,541768.29,8675975.76,203.647,202.396,0.0,202.396,0.0,0.0,0.267,certain_cold
dronbreen-20220328-DAT_0227_A1_1,5.0,541770.49,8675980.17,203.634,201.654,0.0,201.654,0.0,0.0,0.27,certain_cold
dronbreen-20220328-DAT_0227_A1_1,10.0,541772.45,8675984.64,203.604,201.624,0.0,201.624,0.0,0.0,0.27,certain_cold
dronbreen-20220328-DAT_0227_A1_1,15.0,541776.86,8675987.75,203.769,201.789,0.0,201.789,0.0,0.0,0.27,certain_cold
dronbreen-20220328-DAT_0227_A1_1,20.0,541781.46,8675988.45,204.041,202.061,0.0,202.061,0.0,0.0,0.27,certain_cold
dronbreen-20220328-DAT_0227_A1_1,25.0,541785.5,8675985.14,204.432,202.452,0.0,202.452,0.0,0.0,0.27,certain_cold
dronbreen-20220328-DAT_0227_A1_1,30.0,541788.58,8675981.37,204.802,202.822,0.0,202.822,0.0,0.0,0.269,certain_cold
dronbreen-20220328-DAT_0227_A1_1,35.0,541790.96,8675976.78,205.128,203.148,0.0,203.148,0.0,0.0,0.269,certain_cold
dronbreen-20220328-DAT_0227_A1_1,40.0,541793.06,8675971.88,205.408,203.428,0.0,203.428,0.0,0.0,0.269,certain_cold
dronbreen-20220328-DAT_0227_A1_1,45.0,541794.9,8675967.82,205.616,203.636,0.0,203.636,0.0,0.0,0.269,certain_cold
dronbreen-20220328-DAT_0227_A1_1,50.0,541797.09,8675963.1,205.865,203.885,0.0,203.885,0.0,0.0,0.269,certain_cold
dronbreen-20220328-DAT_0227_A1_1,55.0,541799.22,8675958.53,206.129,204.149,0.0,204.149,0.0,0.0,0.269,certain_cold
dronbreen-20220328-DAT_0227_A1_1,60.0,541801.19,8675953.9,206.389,204.409,0.0,204.409,0.0,0.0,0.269,certain_cold
dronbreen-20220328-DAT_0227_A1_1,65.0,541802.79,8675949.67,206.615,204.531,0.0,204.531,0.0,0.0,0.269,certain_cold
dronbreen-20220328-DAT_0227_A1_1,70.0,541804.75,8675944.39,206.897,204.813,0.0,204.813,0.0,0.0,0.269,certain_cold
dronbreen-20220328-DAT_0227_A1_1,75.0,541806.08,8675940.15,207.108,205.023,0.0,205.023,0.0,0.0,0.269,certain_cold
dronbreen-20220328-DAT_0227_A1_1,80.0,541807.42,8675935.48,207.323,205.239,0.0,205.239,0.0,0.0,0.269,certain_cold
dronbreen-20220328-DAT_0227_A1_1,85.0,541809.02,8675929.76,207.546,205.462,0.0,205.462,0.0,0.0,0.269,certain_cold
dronbreen-20220328-DAT_0227_A1_1,90.0,541810.42,8675924.97,207.722,205.638,0.0,205.638,0.0,0.0,0.269,certain_cold
dronbreen-20220328-DAT_0227_A1_1,95.0,541811.64,8675920.86,207.874,205.789,0.0,205.789,0.0,0.0,0.269,certain_cold
dronbreen-20220328-DAT_0227_A1_1,100.0,541813.24,8675915.38,208.093,206.009,0.0,206.009,0.0,0.0,0.269,certain_cold
dronbreen-20220328-DAT_0227_A1_1,105.0,541814.5,8675911.38,208.273,206.189,0.0,206.189,0.0,0.0,0.269,certain_cold
dronbreen-20220328-DAT_0227_A1_1,110.0,541816.17,8675906.16,208.508,206.424,0.0,206.424,0.0,0.0,0.269,certain_cold
dronbreen-20220328-DAT_0227_A1_1,115.0,541817.47,8675901.99,208.665,206.58,0.0,206.58,0.0,0.0,0.27,certain_cold
dronbreen-20220328-DAT_0227_A1_1,120.0,541819.02,8675896.76,208.847,206.763,0.0,206.763,0.0,0.0,0.27,certain_cold
dronbreen-20220328-DAT_0227_A1_1,125.0,541820.67,8675891.79,209.04,206.955,0.0,206.955,0.0,0.0,0.27,certain_cold
dronbreen-20220328-DAT_0227_A1_1,130.0,541821.94,8675887.73,209.191,207.106,0.0,207.106,0.0,0.0,0.27,certain_cold
dronbreen-20220328-DAT_0227_A1_1,135.0,541823.43,8675882.76,209.363,207.279,0.0,207.279,0.0,0.0,0.27,certain_cold
dronbreen-20220328-DAT_0227_A1_1,140.0,541824.77,8675877.96,209.502,207.417,0.0,207.417,0.0,0.0,0.27,certain_cold
dronbreen-20220328-DAT_0227_A1_1,145.0,541825.89,8675872.92,209.647,207.563,0.0,207.563,0.0,0.0,0.27,certain_cold
dronbreen-20220328-DAT_0227_A1_1,150.0,541827.13,8675867.98,209.845,207.76,0.0,207.76,0.0,0.0,0.27,certain_cold
dronbreen-20220328-DAT_0227_A1_1,155.0,541828.43,8675863.37,210.09,208.005,0.0,208.005,0.0,0.0,0.27,certain_cold
dronbreen-20220328-DAT_0227_A1_1,160.0,541829.87,8675858.21,210.353,208.269,0.0,208.269,0.0,0.0,0.27,certain_cold
dronbreen-20220328-DAT_0227_A1_1,165.0,541830.93,8675853.67,210.589,208.504,0.0,208.504,0.0,0.0,0.27,certain_cold
dronbreen-20220328-DAT_0227_A1_1,170.0,541832.11,8675848.6,210.852,208.767,0.0,208.767,0.0,0.0,0.27,certain_cold
dronbreen-20220328-DAT_0227_A1_1,175.0,541833.37,8675843.43,211.151,209.067,0.0,209.067,0.0,0.0,0.27,certain_cold
dronbreen-20220328-DAT_0227_A1_1,180.0,541834.56,8675838.81,211.397,209.313,0.0,209.313,0.0,0.0,0.27,certain_cold
dronbreen-20220328-DAT_0227_A1_1,185.0,541835.53,8675834.11,211.642,209.558,0.0,209.558,0.0,0.0,0.27,certain_cold
dronbreen-20220328-DAT_0227_A1_1,190.0,541836.58,8675829.01,211.936,209.851,0.0,209.851,0.0,0.0,0.27,certain_cold
dronbreen-20220328-DAT_0227_A1_1,195.0,541837.7,8675824.64,212.243,210.159,0.0,210.159,0.0,0.0,0.27,certain_cold
dronbreen-20220328-DAT_0227_A1_1,200.0,541838.84,8675819.72,212.637,210.552,0.0,210.552,0.0,0.0,0.27,certain_cold
dronbreen-20220328-DAT_0227_A1_1,205.0,541840.13,8675813.93,213.175,210.986,0.0,210.986,0.0,0.0,0.27,certain_cold
dronbreen-20220328-DAT_0227_A1_1,210.0,541841.17,8675809.29,213.635,211.238,0.0,211.238,0.0,0.0,0.27,certain_cold
dronbreen-20220328-DAT_0227_A1_1,215.0,541842.29,8675804.72,214.126,211.417,0.0,211.417,0.0,0.0,0.271,uncertain_cold
dronbreen-20220328-DAT_0227_A1_1,220.0,541843.43,8675800.01,214.648,211.73,0.0,211.73,0.0,0.0,0.272,uncertain_cold
dronbreen-20220328-DAT_0227_A1_1,225.0,541844.55,8675795.39,215.147,212.02,0.0,212.02,0.0,0.0,0.273,uncertain_cold
dronbreen-20220328-DAT_0227_A1_1,230.0,541845.81,8675789.85,215.735,212.296,0.0,212.296,0.0,0.0,0.274,uncertain_cold
dronbreen-20220328-DAT_0227_A1_1,235.0,541846.77,8675785.41,216.191,212.543,0.0,212.543,0.0,0.0,0.275,uncertain_temperate
dronbreen-20220328-DAT_0227_A1_1,240.0,541847.97,8675780.05,216.714,212.754,0.0,212.754,0.0,0.0,0.277,uncertain_temperate
dronbreen-20220328-DAT_0227_A1_1,245.0,541848.93,8675775.74,217.109,212.94,0.0,212.94,0.0,0.0,0.278,uncertain_cold
dronbreen-20220328-DAT_0227_A1_1,250.0,541850.01,8675770.6,217.597,213.219,0.0,213.219,0.0,0.0,0.28,uncertain_cold
dronbreen-20220328-DAT_0227_A1_1,255.0,541851.03,8675765.45,218.113,213.424,0.0,213.424,0.0,0.0,0.283,uncertain_cold
dronbreen-20220328-DAT_0227_A1_1,260.0,541851.88,8675761.19,218.556,213.658,0.0,213.658,0.0,0.0,0.286,uncertain_cold
dronbreen-20220328-DAT_0227_A1_1,265.0,541852.97,8675755.83,219.093,213.883,0.0,213.883,0.0,0.0,0.288,uncertain_cold
dronbreen-20220328-DAT_0227_A1_1,270.0,541853.78,8675751.23,219.522,213.999,0.0,213.999,0.0,0.0,0.291,uncertain_cold
dronbreen-20220328-DAT_0227_A1_1,275.0,541854.58,8675745.64,220.034,214.198,0.0,214.198,0.0,0.0,0.294,uncertain_cold
dronbreen-20220328-DAT_0227_A1_1,280.0,541855.07,8675741.13,220.462,214.313,0.0,214.313,0.0,0.0,0.296,uncertain_cold
dronbreen-20220328-DAT_0227_A1_1,285.0,541855.55,8675736.14,220.97,214.509,0.0,214.509,0.0,0.0,0.299,uncertain_cold
dronbreen-20220328-DAT_0227_A1_1,290.0,541856.13,8675730.68,221.543,214.873,0.0,214.873,0.0,0.0,0.301,uncertain_cold
dronbreen-20220328-DAT_0227_A1_1,295.0,541856.63,8675726.04,222.038,215.264,0.0,215.264,0.0,0.0,0.303,certain_cold
dronbreen-20220328-DAT_0227_A1_1,300.0,541857.1,8675721.34,222.54,215.453,0.0,215.453,0.0,0.0,0.306,certain_cold
dronbreen-20220328-DAT_0227_A1_1,305.0,541857.44,8675716.64,223.012,215.717,0.0,215.717,0.0,0.0,0.308,certain_cold
dronbreen-20220328-DAT_0227_A1_1,310.0,541857.74,8675710.76,223.558,216.054,0.0,216.054,0.0,0.0,0.311,certain_cold
dronbreen-20220328-DAT_0227_A1_1,315.0,541857.93,8675706.3,223.969,216.152,0.0,216.152,0.0,0.0,0.314,certain_cold
dronbreen-20220328-DAT_0227_A1_1,320.0,541858.16,8675700.72,224.472,216.447,0.0,216.447,0.0,0.0,0.317,certain_cold
dronbreen-20220328-DAT_0227_A1_1,325.0,541858.37,8675695.76,224.896,216.558,0.0,216.558,0.0,0.0,0.319,certain_cold
dronbreen-20220328-DAT_0227_A1_1,330.0,541858.55,8675691.43,225.241,216.695,0.0,216.695,0.0,0.0,0.322,certain_cold
dronbreen-20220328-DAT_0227_A1_1,335.0,541858.72,8675685.94,225.651,216.793,0.0,216.793,0.0,0.0,0.325,certain_cold
dronbreen-20220328-DAT_0227_A1_1,340.0,541858.86,8675681.43,225.992,216.925,0.0,216.925,0.0,0.0,0.328,certain_cold
dronbreen-20220328-DAT_0227_A1_1,345.0,541859.13,8675676.19,226.413,217.137,0.0,217.137,0.0,0.0,0.331,certain_cold
dronbreen-20220328-DAT_0227_A1_1,350.0,541859.35,8675671.17,226.819,217.231,0.0,217.231,0.0,0.0,0.334,certain_cold
dronbreen-20220328-DAT_0227_A1_1,355.0,541859.42,8675666.52,227.193,217.397,0.0,217.397,0.0,0.0,0.336,certain_cold
dronbreen-20220328-DAT_0227_A1_1,360.0,541859.37,8675660.93,227.632,217.523,0.0,217.523,0.0,0.0,0.34,certain_cold
dronbreen-20220328-DAT_0227_A1_1,365.0,541859.51,8675655.66,228.064,217.746,0.0,217.746,0.0,0.0,0.343,certain_cold
dronbreen-20220328-DAT_0227_A1_1,370.0,541859.82,8675651.27,228.432,217.906,0.0,217.906,0.0,0.0,0.344,certain_cold
dronbreen-20220328-DAT_0227_A1_1,375.0,541860.3,8675646.76,228.805,217.966,0.0,217.966,0.0,0.0,0.347,certain_cold
dronbreen-20220328-DAT_0227_A1_1,380.0,541860.83,8675640.88,229.264,218.217,0.0,218.217,0.0,0.0,0.35,certain_cold
dronbreen-20220328-DAT_0227_A1_1,385.0,541861.32,8675636.18,229.625,218.266,0.0,218.266,0.0,0.0,0.352,certain_cold
dronbreen-20220328-DAT_0227_A1_1,390.0,541861.8,8675631.48,229.992,218.423,0.0,218.423,0.0,0.0,0.355,certain_cold
dronbreen-20220328-DAT_0227_A1_1,395.0,541862.31,8675626.6,230.354,218.577,0.0,218.577,0.0,0.0,0.358,certain_cold
dronbreen-20220328-DAT_0227_A1_1,400.0,541862.87,8675621.5,230.713,218.624,0.0,218.624,0.0,0.0,0.361,certain_cold
dronbreen-20220328-DAT_0227_A1_1,405.0,541863.44,8675616.21,231.092,218.69,0.0,218.69,0.0,0.0,0.363,uncertain_cold
dronbreen-20220328-DAT_0227_A1_1,410.0,541864.03,8675611.7,231.432,218.822,0.0,218.822,0.0,0.0,0.366,uncertain_cold
dronbreen-20220328-DAT_0227_A1_1,415.0,541864.68,8675606.57,231.82,219.001,0.0,219.001,0.0,0.0,0.369,uncertain_cold
dronbreen-20220328-DAT_0227_A1_1,420.0,541865.3,8675601.94,232.153,219.126,0.0,219.126,0.0,0.0,0.372,uncertain_cold
dronbreen-20220328-DAT_0227_A1_1,425.0,541865.98,8675596.64,232.501,219.265,0.0,219.265,0.0,0.0,0.375,uncertain_cold
dronbreen-20220328-DAT_0227_A1_1,430.0,541866.67,8675591.0,232.876,219.536,0.0,219.536,0.0,0.0,0.378,certain_cold
dronbreen-20220328-DAT_0227_A1_1,435.0,541867.2,8675586.06,233.233,219.685,0.0,219.685,0.0,0.0,0.379,certain_cold
dronbreen-20220328-DAT_0227_A1_1,440.0,541867.62,8675582.22,233.523,219.871,0.0,219.871,0.0,0.0,0.381,certain_cold
dronbreen-20220328-DAT_0227_A1_1,445.0,541868.27,8675576.32,233.947,220.086,0.0,220.086,0.0,0.0,0.385,certain_cold
dronbreen-20220328-DAT_0227_A1_1,450.0,541868.75,8675572.09,234.236,220.167,0.0,220.167,0.0,0.0,0.388,certain_cold
dronbreen-20220328-DAT_0227_A1_1,455.0,541869.25,8675567.26,234.573,220.296,0.0,220.296,0.0,0.0,0.393,certain_cold
dronbreen-20220328-DAT_0227_A1_1,460.0,541869.85,8675561.33,234.995,220.508,0.0,220.508,0.0,0.0,0.396,certain_cold
dronbreen-20220328-DAT_0227_A1_1,465.0,541870.29,8675556.46,235.318,220.624,0.0,220.624,0.0,0.0,0.399,certain_cold
dronbreen-20220328-DAT_0227_A1_1,470.0,541870.69,8675552.46,235.579,220.78,0.0,220.78,0.0,0.0,0.401,certain_cold
dronbreen-20220328-DAT_0227_A1_1,475.0,541871.34,8675546.9,235.945,220.834,0.0,220.834,0.0,0.0,0.406,uncertain_cold
dronbreen-20220328-DAT_0227_A1_1,480.0,541871.95,8675541.91,236.306,220.986,0.0,220.986,0.0,0.0,0.407,uncertain_cold
dronbreen-20220328-DAT_0227_A1_1,485.0,541872.63,8675537.22,236.657,221.128,0.0,221.128,0.0,0.0,0.41,uncertain_cold
dronbreen-20220328-DAT_0227_A1_1,490.0,541873.46,8675532.04,237.014,221.278,0.0,221.278,0.0,0.0,0.413,uncertain_cold
dronbreen-20220328-DAT_0227_A1_1,495.0,541874.44,8675527.04,237.345,221.4,0.0,221.4,0.0,0.0,0.417,uncertain_cold
dronbreen-20220328-DAT_0227_A1_1,500.0,541875.64,8675522.24,237.668,221.514,0.0,221.514,0.0,0.0,0.42,uncertain_cold
dronbreen-20220328-DAT_0227_A1_1,505.0,541877.05,8675517.07,238.028,221.666,0.0,221.666,0.0,0.0,0.423,uncertain_cold
dronbreen-20220328-DAT_0227_A1_1,510.0,541878.24,8675512.86,238.313,221.743,0.0,221.743,0.0,0.0,0.425,uncertain_cold
dronbreen-20220328-DAT_0227_A1_1,515.0,541879.75,8675507.48,238.682,221.799,0.0,221.799,0.0,0.0,0.43,uncertain_cold
dronbreen-20220328-DAT_0227_A1_1,520.0,541880.8,8675503.3,238.987,221.999,0.0,221.999,0.0,0.0,0.433,uncertain_cold
dronbreen-20220328-DAT_0227_A1_1,525.0,541882.19,8675498.07,239.385,222.189,0.0,222.189,0.0,0.0,0.436,certain_cold
dronbreen-20220328-DAT_0227_A1_1,530.0,541883.75,8675493.0,239.783,222.379,0.0,222.379,0.0,0.0,0.44,certain_cold
dronbreen-20220328-DAT_0227_A1_1,535.0,541885.11,8675488.62,240.106,222.494,0.0,222.494,0.0,0.0,0.443,certain_cold
dronbreen-20220328-DAT_0227_A1_1,540.0,541886.69,8675483.38,240.48,222.659,0.0,222.659,0.0,0.0,0.445,certain_cold
dronbreen-20220328-DAT_0227_A1_1,545.0,541888.04,8675479.2,240.76,222.73,0.0,222.73,0.0,0.0,0.448,uncertain_cold
dronbreen-20220328-DAT_0227_A1_1,550.0,541889.74,8675473.71,241.113,222.875,0.0,222.875,0.0,0.0,0.451,uncertain_cold
dronbreen-20220328-DAT_0227_A1_1,555.0,541891.18,8675469.16,241.404,223.062,0.0,223.062,0.0,0.0,0.453,certain_cold
dronbreen-20220328-DAT_0227_A1_1,560.0,541892.69,8675464.34,241.713,223.163,0.0,223.163,0.0,0.0,0.456,uncertain_cold
dronbreen-20220328-DAT_0227_A1_1,565.0,541894.14,8675459.73,242.03,223.375,0.0,223.375,0.0,0.0,0.46,certain_cold
dronbreen-20220328-DAT_0227_A1_1,570.0,541895.56,8675455.18,242.336,223.473,0.0,223.473,0.0,0.0,0.461,uncertain_cold
dronbreen-20220328-DAT_0227_A1_1,575.0,541897.02,8675450.52,242.652,223.685,0.0,223.685,0.0,0.0,0.465,certain_cold
dronbreen-20220328-DAT_0227_A1_1,580.0,541898.51,8675446.03,242.957,223.782,0.0,223.782,0.0,0.0,0.468,uncertain_cold
dronbreen-20220328-DAT_0227_A1_1,585.0,541900.46,8675440.57,243.318,223.934,0.0,223.934,0.0,0.0,0.472,uncertain_cold
dronbreen-20220328-DAT_0227_A1_1,590.0,541902.09,8675436.48,243.586,224.098,0.0,224.098,0.0,0.0,0.473,uncertain_cold
dronbreen-20220328-DAT_0227_A1_1,595.0,541904.39,8675431.21,243.904,224.102,0.0,224.102,0.0,0.0,0.479,uncertain_cold
dronbreen-20220328-DAT_0227_A1_1,600.0,541905.97,8675427.04,244.133,224.228,0.0,224.228,0.0,0.0,0.48,uncertain_cold
dronbreen-20220328-DAT_0227_A1_1,605.0,541907.75,8675422.61,244.385,224.271,0.0,224.271,0.0,0.0,0.484,uncertain_cold
dronbreen-20220328-DAT_0227_A1_1,610.0,541909.93,8675417.42,244.701,224.379,0.0,224.379,0.0,0.0,0.487,uncertain_cold
dronbreen-20220328-DAT_0227_A1_1,615.0,541911.86,8675412.89,245.013,224.482,0.0,224.482,0.0,0.0,0.491,uncertain_cold
dronbreen-20220328-DAT_0227_A1_1,620.0,541913.51,8675408.97,245.305,224.67,0.0,224.67,0.0,0.0,0.493,uncertain_cold
dronbreen-20220328-DAT_0227_A1_1,625.0,541915.53,8675404.2,245.671,224.828,0.0,224.828,0.0,0.0,0.498,uncertain_cold
dronbreen-20220328-DAT_0227_A1_1,630.0,541917.63,8675399.52,246.037,224.985,0.0,224.985,0.0,0.0,0.501,certain_cold
dronbreen-20220328-DAT_0227_A1_1,635.0,541919.84,8675394.28,246.438,225.282,0.0,225.282,0.0,0.0,0.505,certain_cold
dronbreen-20220328-DAT_0227_A1_1,640.0,541921.48,8675389.87,246.78,225.416,0.0,225.416,0.0,0.0,0.508,certain_cold
dronbreen-20220328-DAT_0227_A1_1,645.0,541923.1,8675385.45,247.12,225.547,0.0,225.547,0.0,0.0,0.512,certain_cold
dronbreen-20220328-DAT_0227_A1_1,650.0,541924.63,8675381.03,247.446,225.664,0.0,225.664,0.0,0.0,0.517,certain_cold
dronbreen-20220328-DAT_0227_A1_1,655.0,541926.43,8675375.51,247.813,225.719,0.0,225.719,0.0,0.0,0.521,certain_cold
dronbreen-20220328-DAT_0227_A1_1,660.0,541927.97,8675370.84,248.122,225.819,0.0,225.819,0.0,0.0,0.525,certain_cold
dronbreen-20220328-DAT_0227_A1_1,665.0,541929.37,8675366.67,248.409,225.898,0.0,225.898,0.0,0.0,0.528,certain_cold
dronbreen-20220328-DAT_0227_A1_1,670.0,541931.2,8675361.14,248.788,225.965,0.0,225.965,0.0,0.0,0.532,certain_cold
dronbreen-20220328-DAT_0227_A1_1,675.0,541932.74,8675356.47,249.115,226.083,0.0,226.083,0.0,0.0,0.535,certain_cold
dronbreen-20220328-DAT_0227_A1_1,680.0,541934.1,8675352.3,249.415,226.174,0.0,226.174,0.0,0.0,0.539,certain_cold
dronbreen-20220328-DAT_0227_A1_1,685.0,541935.78,8675346.95,249.778,226.225,0.0,226.225,0.0,0.0,0.543,certain_cold
dronbreen-20220328-DAT_0227_A1_1,690.0,541937.29,8675342.22,250.072,226.31,0.0,226.31,0.0,0.0,0.548,certain_cold
dronbreen-20220328-DAT_0227_A1_1,695.0,541938.63,8675338.11,250.322,226.352,0.0,226.352,0.0,0.0,0.552,certain_cold
dronbreen-20220328-DAT_0227_A1_1,700.0,541940.13,8675333.5,250.605,226.427,0.0,226.427,0.0,0.0,0.555,certain_cold
dronbreen-20220328-DAT_0227_A1_1,705.0,541941.66,8675328.84,250.912,226.525,0.0,226.525,0.0,0.0,0.559,certain_cold
dronbreen-20220328-DAT_0227_A1_1,710.0,541943.3,8675323.88,251.24,226.541,0.0,226.541,0.0,0.0,0.563,certain_cold
dronbreen-20220328-DAT_0227_A1_1,715.0,541944.78,8675319.51,251.525,226.617,0.0,226.617,0.0,0.0,0.566,certain_cold
dronbreen-20220328-DAT_0227_A1_1,720.0,541946.26,8675314.59,251.828,226.712,0.0,226.712,0.0,0.0,0.57,certain_cold
dronbreen-20220328-DAT_0227_A1_1,725.0,541948.04,8675309.19,252.171,226.742,0.0,226.742,0.0,0.0,0.574,certain_cold
dronbreen-20220328-DAT_0227_A1_1,730.0,541949.47,8675304.55,252.46,226.822,0.0,226.822,0.0,0.0,0.577,certain_cold
dronbreen-20220328-DAT_0227_A1_1,735.0,541950.91,8675300.0,252.751,227.009,0.0,227.009,0.0,0.0,0.581,certain_cold
dronbreen-20220328-DAT_0227_A1_1,740.0,541952.42,8675295.18,253.063,227.113,0.0,227.113,0.0,0.0,0.585,certain_cold
dronbreen-20220328-DAT_0227_A1_1,745.0,541954.0,8675290.21,253.376,227.218,0.0,227.218,0.0,0.0,0.589,certain_cold
dronbreen-20220328-DAT_0227_A1_1,750.0,541955.53,8675285.29,253.682,227.315,0.0,227.315,0.0,0.0,0.592,certain_cold
dronbreen-20220328-DAT_0227_A1_1,755.0,541956.93,8675280.62,253.985,227.41,0.0,227.41,0.0,0.0,0.596,certain_cold
dronbreen-20220328-DAT_0227_A1_1,760.0,541958.35,8675276.26,254.281,227.601,0.0,227.601,0.0,0.0,0.598,certain_cold
dronbreen-20220328-DAT_0227_A1_1,765.0,541960.22,8675270.67,254.671,227.783,0.0,227.783,0.0,0.0,0.602,certain_cold
dronbreen-20220328-DAT_0227_A1_1,770.0,541961.59,8675266.58,254.965,227.869,0.0,227.869,0.0,0.0,0.605,certain_cold
dronbreen-20220328-DAT_0227_A1_1,775.0,541963.05,8675262.14,255.267,227.858,0.0,227.858,0.0,0.0,0.609,certain_cold
dronbreen-20220328-DAT_0227_A1_1,780.0,541964.83,8675256.55,255.617,228.0,0.0,228.0,0.0,0.0,0.613,certain_cold
dronbreen-20220328-DAT_0227_A1_1,785.0,541966.37,8675252.07,255.892,228.066,0.0,228.066,0.0,0.0,0.617,certain_cold
dronbreen-20220328-DAT_0227_A1_1,790.0,541967.91,8675247.34,256.171,228.137,0.0,228.137,0.0,0.0,0.62,certain_cold
dronbreen-20220328-DAT_0227_A1_1,795.0,541969.19,8675242.76,256.452,228.209,0.0,228.209,0.0,0.0,0.624,certain_cold
dronbreen-20220328-DAT_0227_A1_1,800.0,541970.57,8675238.03,256.751,228.3,0.0,228.3,0.0,0.0,0.628,certain_cold
dronbreen-20220328-DAT_0227_A1_1,805.0,541972.12,8675232.65,257.087,228.428,0.0,228.428,0.0,0.0,0.632,certain_cold
dronbreen-20220328-DAT_0227_A1_1,810.0,541973.52,8675228.1,257.356,228.487,0.0,228.487,0.0,0.0,0.636,certain_cold
dronbreen-20220328-DAT_0227_A1_1,815.0,541974.94,8675223.31,257.62,228.647,0.0,228.647,0.0,0.0,0.639,certain_cold
dronbreen-20220328-DAT_0227_A1_1,820.0,541976.41,8675218.51,257.899,228.718,0.0,228.718,0.0,0.0,0.643,certain_cold
dronbreen-20220328-DAT_0227_A1_1,825.0,541977.95,8675213.82,258.178,228.788,0.0,228.788,0.0,0.0,0.647,certain_cold
dronbreen-20220328-DAT_0227_A1_1,830.0,541979.4,8675209.12,258.454,228.856,0.0,228.856,0.0,0.0,0.651,certain_cold
dronbreen-20220328-DAT_0227_A1_1,835.0,541980.7,8675204.94,258.714,228.908,0.0,228.908,0.0,0.0,0.653,certain_cold
dronbreen-20220328-DAT_0227_A1_1,840.0,541982.29,8675199.72,259.044,229.029,0.0,229.029,0.0,0.0,0.658,certain_cold
dronbreen-20220328-DAT_0227_A1_1,845.0,541983.82,8675194.51,259.34,229.013,0.0,229.013,0.0,0.0,0.662,certain_cold
dronbreen-20220328-DAT_0227_A1_1,850.0,541985.51,8675189.77,259.614,229.078,0.0,229.078,0.0,0.0,0.666,certain_cold
dronbreen-20220328-DAT_0227_A1_1,855.0,541987.03,8675185.81,259.857,229.217,0.0,229.217,0.0,0.0,0.67,certain_cold
dronbreen-20220328-DAT_0227_A1_1,860.0,541989.2,8675180.58,260.176,229.327,0.0,229.327,0.0,0.0,0.674,certain_cold
dronbreen-20220328-DAT_0227_A1_1,865.0,541991.28,8675175.99,260.455,229.398,0.0,229.398,0.0,0.0,0.677,certain_cold
dronbreen-20220328-DAT_0227_A1_1,870.0,541993.05,8675171.95,260.697,229.432,0.0,229.432,0.0,0.0,0.681,certain_cold
dronbreen-20220328-DAT_0227_A1_1,875.0,541994.81,8675167.54,260.954,229.585,0.0,229.585,0.0,0.0,0.685,certain_cold
dronbreen-20220328-DAT_0227_A1_1,880.0,541996.78,8675162.27,261.257,229.679,0.0,229.679,0.0,0.0,0.689,certain_cold
dronbreen-20220328-DAT_0227_A1_1,885.0,541998.58,8675157.72,261.555,229.664,0.0,229.664,0.0,0.0,0.693,certain_cold
dronbreen-20220328-DAT_0227_A1_1,890.0,542000.3,8675153.38,261.859,229.864,0.0,229.864,0.0,0.0,0.697,certain_cold
dronbreen-20220328-DAT_0227_A1_1,895.0,542002.33,8675148.42,262.244,230.041,0.0,230.041,0.0,0.0,0.699,certain_cold
dronbreen-20220328-DAT_0227_A1_1,900.0,542004.41,8675143.56,262.599,230.188,0.0,230.188,0.0,0.0,0.702,certain_cold
dronbreen-20220328-DAT_0227_A1_1,905.0,542006.07,8675139.64,262.869,230.249,0.0,230.249,0.0,0.0,0.706,certain_cold
dronbreen-20220328-DAT_0227_A1_1,910.0,542008.17,8675134.55,263.207,230.378,0.0,230.378,0.0,0.0,0.708,certain_cold
dronbreen-20220328-DAT_0227_A1_1,915.0,542010.22,8675129.69,263.511,230.474,0.0,230.474,0.0,0.0,0.712,certain_cold
dronbreen-20220328-DAT_0227_A1_1,920.0,542012.15,8675125.4,263.792,230.651,0.0,230.651,0.0,0.0,0.716,certain_cold
dronbreen-20220328-DAT_0227_A1_1,925.0,542014.48,8675120.52,264.141,230.791,0.0,230.791,0.0,0.0,0.72,certain_cold
dronbreen-20220328-DAT_0227_A1_1,930.0,542016.3,8675115.92,264.48,230.922,0.0,230.922,0.0,0.0,0.724,certain_cold
dronbreen-20220328-DAT_0227_A1_1,935.0,542018.08,8675111.69,264.808,231.041,0.0,231.041,0.0,0.0,0.726,certain_cold
dronbreen-20220328-DAT_0227_A1_1,940.0,542019.73,8675107.4,265.139,231.164,0.0,231.164,0.0,0.0,0.73,certain_cold
dronbreen-20220328-DAT_0227_A1_1,945.0,542021.97,8675102.03,265.568,231.385,0.0,231.385,0.0,0.0,0.733,certain_cold
dronbreen-20220328-DAT_0227_A1_1,950.0,542023.71,8675097.94,265.919,231.527,0.0,231.527,0.0,0.0,0.737,certain_cold
dronbreen-20220328-DAT_0227_A1_1,955.0,542025.73,8675093.42,266.311,231.711,0.0,231.711,0.0,0.0,0.743,certain_cold
dronbreen-20220328-DAT_0227_A1_1,960.0,542027.95,8675088.49,266.73,231.818,0.0,231.818,0.0,0.0,0.749,certain_cold
dronbreen-20220328-DAT_0227_A1_1,965.0,542029.68,8675084.58,267.061,231.94,0.0,231.94,0.0,0.0,0.755,certain_cold
dronbreen-20220328-DAT_0227_A1_1,970.0,542031.73,8675079.53,267.51,231.972,0.0,231.972,0.0,0.0,0.763,certain_cold
dronbreen-20220328-DAT_0227_A1_1,975.0,542033.69,8675074.96,267.937,231.982,0.0,231.982,0.0,0.0,0.769,certain_cold
dronbreen-20220328-DAT_0227_A1_1,980.0,542035.71,8675070.75,268.357,232.194,0.0,232.194,0.0,0.0,0.772,certain_cold
dronbreen-20220328-DAT_0227_A1_1,985.0,542037.86,8675066.21,268.803,232.222,0.0,232.222,0.0,0.0,0.778,certain_cold
dronbreen-20220328-DAT_0227_A1_1,990.0,542040.04,8675060.9,269.266,232.477,0.0,232.477,0.0,0.0,0.784,certain_cold
dronbreen-20220328-DAT_0227_A1_1,995.0,542041.57,8675056.88,269.597,232.6,0.0,232.6,0.0,0.0,0.79,certain_cold
dronbreen-20220328-DAT_0227_A1_1,1000.0,542043.41,8675051.63,270.016,232.707,0.0,232.707,0.0,0.0,0.796,certain_cold
dronbreen-20220328-DAT_0227_A1_1,1005.0,542044.99,8675046.85,270.419,232.901,0.0,232.901,0.0,0.0,0.802,certain_cold
dronbreen-20220328-DAT_0227_A1_1,1010.0,542046.6,8675042.01,270.817,232.986,0.0,232.986,0.0,0.0,0.808,certain_cold
dronbreen-20220328-DAT_0227_A1_1,1015.0,542047.98,8675037.82,271.173,233.029,0.0,233.029,0.0,0.0,0.812,certain_cold
dronbreen-20220328-DAT_0227_A1_1,1020.0,542049.79,8675032.29,271.672,233.216,0.0,233.216,0.0,0.0,0.816,certain_cold
dronbreen-20220328-DAT_0227_A1_1,1025.0,542051.39,8675027.69,272.105,233.337,0.0,233.337,0.0,0.0,0.822,certain_cold
dronbreen-20220328-DAT_0227_A1_1,1030.0,542053.12,8675023.34,272.539,233.562,0.0,233.562,0.0,0.0,0.826,certain_cold
dronbreen-20220328-DAT_0227_A1_1,1035.0,542054.7,8675019.23,272.945,233.656,0.0,233.656,0.0,0.0,0.829,certain_cold
dronbreen-20220328-DAT_0227_A1_1,1040.0,542056.74,8675013.81,273.478,233.876,0.0,233.876,0.0,0.0,0.835,certain_cold
dronbreen-20220328-DAT_0227_A1_1,1045.0,542058.28,8675009.3,273.892,233.977,0.0,233.977,0.0,0.0,0.841,certain_cold
dronbreen-20220328-DAT_0227_A1_1,1050.0,542059.73,8675005.0,274.266,234.038,0.0,234.038,0.0,0.0,0.847,uncertain_cold
dronbreen-20220328-DAT_0227_A1_1,1055.0,542061.41,8674999.9,274.714,234.173,0.0,234.173,0.0,0.0,0.853,uncertain_cold
dronbreen-20220328-DAT_0227_A1_1,1060.0,542063.1,8674995.12,275.14,234.287,0.0,234.287,0.0,0.0,0.859,uncertain_cold
dronbreen-20220328-DAT_0227_A1_1,1065.0,542064.64,8674990.7,275.532,234.47,0.0,234.47,0.0,0.0,0.863,uncertain_cold
dronbreen-20220328-DAT_0227_A1_1,1070.0,542066.28,8674985.45,275.978,234.5,0.0,234.5,0.0,0.0,0.871,uncertain_cold
dronbreen-20220328-DAT_0227_A1_1,1075.0,542067.76,8674980.45,276.36,234.569,0.0,234.569,0.0,0.0,0.877,uncertain_cold
dronbreen-20220328-DAT_0227_A1_1,1080.0,542069.1,8674975.81,276.706,234.706,0.0,234.706,0.0,0.0,0.881,uncertain_cold
dronbreen-20220328-DAT_0227_A1_1,1085.0,542070.42,8674970.85,277.101,234.789,0.0,234.789,0.0,0.0,0.887,uncertain_cold
dronbreen-20220328-DAT_0227_A1_1,1090.0,542071.55,8674966.54,277.465,234.84,0.0,234.84,0.0,0.0,0.893,uncertain_cold
dronbreen-20220328-DAT_0227_A1_1,1095.0,542072.7,8674961.61,277.872,235.038,0.0,235.038,0.0,0.0,0.897,uncertain_cold
dronbreen-20220328-DAT_0227_A1_1,1100.0,542073.97,8674956.38,278.272,235.126,0.0,235.126,0.0,0.0,0.903,uncertain_cold
dronbreen-20220328-DAT_0227_A1_1,1105.0,542075.08,8674951.76,278.62,235.162,0.0,235.162,0.0,0.0,0.909,uncertain_cold
dronbreen-20220328-DAT_0227_A1_1,1110.0,542076.29,8674946.59,279.018,235.247,0.0,235.247,0.0,0.0,0.915,uncertain_cold
dronbreen-20220328-DAT_0227_A1_1,1115.0,542077.26,8674942.59,279.355,235.376,0.0,235.376,0.0,0.0,0.919,uncertain_cold
dronbreen-20220328-DAT_0227_A1_1,1120.0,542078.61,8674936.9,279.843,235.551,0.0,235.551,0.0,0.0,0.925,uncertain_cold
dronbreen-20220328-DAT_0227_A1_1,1125.0,542079.78,8674931.89,280.227,235.622,0.0,235.622,0.0,0.0,0.931,uncertain_cold
dronbreen-20220328-DAT_0227_A1_1,1130.0,542080.73,8674927.56,280.536,235.618,0.0,235.618,0.0,0.0,0.937,uncertain_cold
dronbreen-20220328-DAT_0227_A1_1,1135.0,542081.7,8674923.06,280.869,235.743,0.0,235.743,0.0,0.0,0.941,uncertain_cold
dronbreen-20220328-DAT_0227_A1_1,1140.0,542082.77,8674918.13,281.254,235.816,0.0,235.816,0.0,0.0,0.947,uncertain_cold
dronbreen-20220328-DAT_0227_A1_1,1145.0,542083.86,8674913.14,281.638,236.095,0.0,236.095,0.0,0.0,0.949,uncertain_cold
dronbreen-20220328-DAT_0227_A1_1,1150.0,542084.94,8674908.34,282.005,236.254,0.0,236.254,0.0,0.0,0.953,uncertain_cold
dronbreen-20220328-DAT_0227_A1_1,1155.0,542086.4,8674902.99,282.428,236.573,0.0,236.573,0.0,0.0,0.955,certain_cold
dronbreen-20220328-DAT_0227_A1_1,1160.0,542087.74,8674898.1,282.814,236.75,0.0,236.75,0.0,0.0,0.959,certain_cold
dronbreen-20220328-DAT_0227_A1_1,1165.0,542089.06,8674893.11,283.185,236.913,0.0,236.913,0.0,0.0,0.963,certain_cold
dronbreen-20220328-DAT_0227_A1_1,1170.0,542090.29,8674888.47,283.521,237.04,0.0,237.04,0.0,0.0,0.967,certain_cold
dronbreen-20220328-DAT_0227_A1_1,1175.0,542091.53,8674883.37,283.879,237.085,0.0,237.085,0.0,0.0,0.973,certain_cold
dronbreen-20220328-DAT_0227_A1_1,1180.0,542092.55,8674878.8,284.206,237.204,0.0,237.204,0.0,0.0,0.977,certain_cold
dronbreen-20220328-DAT_0227_A1_1,1185.0,542093.66,8674873.72,284.595,237.28,0.0,237.28,0.0,0.0,0.983,uncertain_cold
dronbreen-20220328-DAT_0227_A1_1,1190.0,542094.56,8674869.62,284.89,237.263,0.0,237.263,0.0,0.0,0.989,uncertain_cold
dronbreen-20220328-DAT_0227_A1_1,1195.0,542095.94,8674863.83,285.278,237.338,0.0,237.338,0.0,0.0,0.995,uncertain_cold
dronbreen-20220328-DAT_0227_A1_1,1200.0,542096.95,8674859.86,285.542,237.393,0.0,237.393,0.0,0.0,0.999,uncertain_cold
dronbreen-20220328-DAT_0227_A1_1,1205.0,542098.16,8674855.02,285.864,237.403,0.0,237.403,0.0,0.0,1.007,uncertain_cold
dronbreen-20220328-DAT_0227_A1_1,1210.0,542099.45,8674849.8,286.21,237.541,0.0,237.541,0.0,0.0,1.013,uncertain_cold
dronbreen-20220328-DAT_0227_A1_1,1215.0,542100.61,8674845.25,286.514,237.74,0.0,237.74,0.0,0.0,1.017,uncertain_cold
dronbreen-20220328-DAT_0227_A1_1,1220.0,542101.94,8674839.58,286.871,237.681,0.0,237.681,0.0,0.0,1.023,uncertain_cold
dronbreen-20220328-DAT_0227_A1_1,1225.0,542102.95,8674835.02,287.156,237.862,0.0,237.862,0.0,0.0,1.027,uncertain_cold
dronbreen-20220328-DAT_0227_A1_1,1230.0,542104.1,8674830.01,287.464,238.066,0.0,238.066,0.0,0.0,1.031,certain_cold
dronbreen-20220328-DAT_0227_A1_1,1235.0,542105.17,8674825.13,287.757,238.149,0.0,238.149,0.0,0.0,1.037,certain_cold
dronbreen-20220328-DAT_0227_A1_1,1240.0,542106.14,8674820.61,288.013,238.198,0.0,238.198,0.0,0.0,1.039,certain_cold
dronbreen-20220328-DAT_0227_A1_1,1245.0,542107.12,8674815.43,288.303,238.279,0.0,238.279,0.0,0.0,1.043,certain_cold
dronbreen-20220328-DAT_0227_A1_1,1250.0,542108.03,8674810.55,288.585,238.352,0.0,238.352,0.0,0.0,1.047,certain_cold
dronbreen-20220328-DAT_0227_A1_1,1255.0,542108.89,8674805.87,288.857,238.416,0.0,238.416,0.0,0.0,1.051,certain_cold
dronbreen-20220328-DAT_0227_A1_1,1260.0,542109.67,8674801.18,289.121,238.471,0.0,238.471,0.0,0.0,1.055,certain_cold
dronbreen-20220328-DAT_0227_A1_1,1265.0,542110.43,8674795.62,289.418,238.351,0.0,238.351,0.0,0.0,1.059,certain_cold
dronbreen-20220328-DAT_0227_A1_1,1270.0,542111.02,8674791.17,289.654,238.379,0.0,238.379,0.0,0.0,1.063,certain_cold
dronbreen-20220328-DAT_0227_A1_1,1275.0,542111.74,8674785.89,289.934,238.347,0.0,238.347,0.0,0.0,1.067,certain_cold
dronbreen-20220328-DAT_0227_A1_1,1280.0,542112.46,8674780.61,290.204,238.304,0.0,238.304,0.0,0.0,1.071,certain_cold
dronbreen-20220328-DAT_0227_A1_1,1285.0,542112.95,8674776.25,290.406,238.298,0.0,238.298,0.0,0.0,1.075,certain_cold
dronbreen-20220328-DAT_0227_A1_1,1290.0,542113.32,8674771.04,290.625,238.204,0.0,238.204,0.0,0.0,1.082,certain_cold
dronbreen-20220328-DAT_0227_A1_1,1295.0,542113.58,8674766.31,290.83,238.2,0.0,238.2,0.0,0.0,1.086,certain_cold
dronbreen-20220328-DAT_0227_A1_1,1300.0,542113.92,8674760.74,291.094,238.256,0.0,238.256,0.0,0.0,1.09,certain_cold
dronbreen-20220328-DAT_0227_A1_1,1305.0,542114.17,8674756.28,291.295,238.249,0.0,238.249,0.0,0.0,1.094,certain_cold
dronbreen-20220328-DAT_0227_A1_1,1310.0,542114.42,8674750.87,291.546,238.291,0.0,238.291,0.0,0.0,1.1,certain_cold
dronbreen-20220328-DAT_0227_A1_1,1315.0,542114.6,8674746.62,291.743,238.28,0.0,238.28,0.0,0.0,1.102,certain_cold
dronbreen-20220328-DAT_0227_A1_1,1320.0,542114.8,8674741.32,291.996,238.428,0.0,238.428,0.0,0.0,1.108,certain_cold
dronbreen-20220328-DAT_0227_A1_1,1325.0,542115.04,8674736.02,292.24,238.359,0.0,238.359,0.0,0.0,1.112,certain_cold
dronbreen-20220328-DAT_0227_A1_1,1330.0,542115.33,8674730.73,292.48,238.391,0.0,238.391,0.0,0.0,1.116,certain_cold
dronbreen-20220328-DAT_0227_A1_1,1335.0,542115.51,8674726.61,292.656,238.464,0.0,238.464,0.0,0.0,1.12,certain_cold
dronbreen-20220328-DAT_0227_A1_1,1340.0,542115.75,8674720.72,292.897,238.495,0.0,238.495,0.0,0.0,1.126,certain_cold
dronbreen-20220328-DAT_0227_A1_1,1345.0,542116.08,8674716.52,293.064,238.558,0.0,238.558,0.0,0.0,1.128,certain_cold
dronbreen-20220328-DAT_0227_A1_1,1350.0,542116.52,8674710.95,293.268,238.554,0.0,238.554,0.0,0.0,1.13,certain_cold
dronbreen-20220328-DAT_0227_A1_1,1355.0,542116.85,8674706.24,293.421,238.499,0.0,238.499,0.0,0.0,1.132,certain_cold
dronbreen-20220328-DAT_0227_A1_1,1360.0,542117.06,8674700.96,293.585,238.454,0.0,238.454,0.0,0.0,1.136,certain_cold
dronbreen-20220328-DAT_0227_A1_1,1365.0,542117.22,8674696.08,293.737,238.502,0.0,238.502,0.0,0.0,1.14,certain_cold
dronbreen-20220328-DAT_0227_A1_1,1370.0,542117.25,8674690.87,293.897,238.454,0.0,238.454,0.0,0.0,1.142,certain_cold
dronbreen-20220328-DAT_0227_A1_1,1375.0,542117.19,8674685.66,294.034,238.382,0.0,238.382,0.0,0.0,1.146,certain_cold
dronbreen-20220328-DAT_0227_A1_1,1380.0,542117.11,8674681.42,294.143,238.387,0.0,238.387,0.0,0.0,1.148,certain_cold
dronbreen-20220328-DAT_0227_A1_1,1385.0,542116.93,8674675.97,294.279,238.315,0.0,238.315,0.0,0.0,1.152,certain_cold
dronbreen-20220328-DAT_0227_A1_1,1390.0,542116.76,8674671.32,294.4,238.227,0.0,238.227,0.0,0.0,1.154,certain_cold
dronbreen-20220328-DAT_0227_A1_1,1395.0,542116.62,8674665.98,294.548,238.271,0.0,238.271,0.0,0.0,1.158,certain_cold
dronbreen-20220328-DAT_0227_A1_1,1400.0,542116.71,8674660.89,294.707,238.221,0.0,238.221,0.0,0.0,1.161,certain_cold
dronbreen-20220328-DAT_0227_A1_1,1405.0,542117.03,8674656.0,294.889,238.195,0.0,238.195,0.0,0.0,1.165,certain_cold
dronbreen-20220328-DAT_0227_A1_1,1410.0,542117.41,8674651.48,295.076,238.277,0.0,238.277,0.0,0.0,1.167,certain_cold
dronbreen-20220328-DAT_0227_A1_1,1415.0,542117.91,8674646.04,295.316,238.309,0.0,238.309,0.0,0.0,1.171,certain_cold
dronbreen-20220328-DAT_0227_A1_1,1420.0,542118.48,8674640.79,295.566,238.351,0.0,238.351,0.0,0.0,1.175,certain_cold
dronbreen-20220328-DAT_0227_A1_1,1425.0,542118.98,8674636.03,295.793,238.474,0.0,238.474,0.0,0.0,1.179,certain_cold
dronbreen-20220328-DAT_0227_A1_1,1430.0,542119.52,8674631.27,295.998,238.47,0.0,238.47,0.0,0.0,1.183,certain_cold
dronbreen-20220328-DAT_0227_A1_1,1435.0,542120.05,8674626.73,296.158,238.526,0.0,238.526,0.0,0.0,1.187,certain_cold
dronbreen-20220328-DAT_0227_A1_1,1440.0,542120.71,8674621.26,296.338,238.498,0.0,238.498,0.0,0.0,1.191,certain_cold
dronbreen-20220328-DAT_0227_A1_1,1445.0,542121.39,8674616.14,296.504,238.35,0.0,238.35,0.0,0.0,1.193,certain_cold
dronbreen-20220328-DAT_0227_A1_1,1450.0,542122.08,8674611.75,296.649,238.392,0.0,238.392,0.0,0.0,1.195,certain_cold
dronbreen-20220328-DAT_0227_A1_1,1455.0,542122.94,8674606.22,296.851,238.386,0.0,238.386,0.0,0.0,1.199,certain_cold
dronbreen-20220328-DAT_0227_A1_1,1460.0,542123.75,8674601.19,297.054,238.484,0.0,238.484,0.0,0.0,1.201,certain_cold
dronbreen-20220328-DAT_0227_A1_1,1465.0,542124.49,8674596.44,297.268,238.489,0.0,238.489,0.0,0.0,1.205,certain_cold
dronbreen-20220328-DAT_0227_A1_1,1470.0,542125.13,8674591.49,297.487,238.5,0.0,238.5,0.0,0.0,1.209,certain_cold
dronbreen-20220328-DAT_0227_A1_1,1475.0,542125.66,8674586.55,297.673,238.582,0.0,238.582,0.0,0.0,1.211,certain_cold
dronbreen-20220328-DAT_0227_A1_1,1480.0,542126.23,8674581.67,297.816,238.516,0.0,238.516,0.0,0.0,1.215,certain_cold
dronbreen-20220328-DAT_0227_A1_1,1485.0,542126.81,8674576.72,297.969,238.461,0.0,238.461,0.0,0.0,1.219,certain_cold
dronbreen-20220328-DAT_0227_A1_1,1490.0,542127.36,8674572.18,298.13,238.518,0.0,238.518,0.0,0.0,1.221,certain_cold
dronbreen-20220328-DAT_0227_A1_1,1495.0,542127.97,8674566.71,298.333,238.512,0.0,238.512,0.0,0.0,1.226,certain_cold
dronbreen-20220328-DAT_0227_A1_1,1500.0,542128.48,8674561.76,298.533,238.504,0.0,238.504,0.0,0.0,1.23,certain_cold
dronbreen-20220328-DAT_0227_A1_1,1505.0,542128.98,8674557.06,298.721,238.588,0.0,238.588,0.0,0.0,1.232,certain_cold
dronbreen-20220328-DAT_0227_A1_1,1510.0,542129.59,8674551.5,298.946,238.605,0.0,238.605,0.0,0.0,1.236,certain_cold
dronbreen-20220328-DAT_0227_A1_1,1515.0,542130.02,8674547.6,299.103,238.553,0.0,238.553,0.0,0.0,1.24,certain_cold
dronbreen-20220328-DAT_0227_A1_1,1520.0,542130.6,8674542.16,299.308,238.654,0.0,238.654,0.0,0.0,1.242,certain_cold
dronbreen-20220328-DAT_0227_A1_1,1525.0,542131.11,8674537.4,299.475,238.612,0.0,238.612,0.0,0.0,1.246,certain_cold
dronbreen-20220328-DAT_0227_A1_1,1530.0,542131.6,8674532.58,299.646,238.679,0.0,238.679,0.0,0.0,1.25,certain_cold
dronbreen-20220328-DAT_0227_A1_1,1535.0,542132.16,8674527.01,299.846,238.671,0.0,238.671,0.0,0.0,1.252,certain_cold
dronbreen-20220328-DAT_0227_A1_1,1540.0,542132.64,8674521.63,300.084,238.701,0.0,238.701,0.0,0.0,1.256,certain_cold
dronbreen-20220328-DAT_0227_A1_1,1545.0,542132.93,8674517.08,300.293,238.805,0.0,238.805,0.0,0.0,1.26,certain_cold
dronbreen-20220328-DAT_0227_A1_1,1550.0,542133.33,8674512.54,300.505,238.809,0.0,238.809,0.0,0.0,1.264,certain_cold
dronbreen-20220328-DAT_0227_A1_1,1555.0,542133.86,8674507.06,300.759,238.958,0.0,238.958,0.0,0.0,1.266,certain_cold
dronbreen-20220328-DAT_0227_A1_1,1560.0,542134.34,8674501.53,301.014,239.005,0.0,239.005,0.0,0.0,1.27,certain_cold
dronbreen-20220328-DAT_0227_A1_1,1565.0,542134.52,8674497.37,301.195,239.082,0.0,239.082,0.0,0.0,1.272,certain_cold
dronbreen-20220328-DAT_0227_A1_1,1570.0,542134.53,8674492.38,301.389,238.963,0.0,238.963,0.0,0.0,1.279,certain_cold
dronbreen-20220328-DAT_0227_A1_1,1575.0,542134.38,8674486.89,301.584,238.741,0.0,238.741,0.0,0.0,1.285,certain_cold
dronbreen-20220328-DAT_0227_A1_1,1580.0,542134.16,8674481.48,301.78,238.624,0.0,238.624,0.0,0.0,1.291,certain_cold
dronbreen-20220328-DAT_0227_A1_1,1585.0,542133.88,8674477.19,301.953,238.589,0.0,238.589,0.0,0.0,1.295,certain_cold
dronbreen-20220328-DAT_0227_A1_1,1590.0,542133.5,8674472.2,302.162,238.485,0.0,238.485,0.0,0.0,1.301,certain_cold
dronbreen-20220328-DAT_0227_A1_1,1595.0,542133.14,8674467.68,302.377,238.387,0.0,238.387,0.0,0.0,1.307,certain_cold
dronbreen-20220328-DAT_0227_A1_1,1600.0,542132.73,8674462.78,302.613,238.311,0.0,238.311,0.0,0.0,1.313,uncertain_cold
dronbreen-20220328-DAT_0227_A1_1,1605.0,542132.25,8674457.04,302.891,238.172,0.0,238.172,0.0,0.0,1.321,uncertain_cold
dronbreen-20220328-DAT_0227_A1_1,1610.0,542131.9,8674451.96,303.139,238.212,0.0,238.212,0.0,0.0,1.325,uncertain_cold
dronbreen-20220328-DAT_0227_A1_1,1615.0,542131.64,8674447.78,303.312,237.968,0.0,237.968,0.0,0.0,1.334,uncertain_cold
dronbreen-20220328-DAT_0227_A1_1,1620.0,542131.21,8674442.56,303.508,237.852,0.0,237.852,0.0,0.0,1.342,uncertain_cold
dronbreen-20220328-DAT_0227_A1_1,1625.0,542130.77,8674437.27,303.705,237.632,0.0,237.632,0.0,0.0,1.35,uncertain_cold
dronbreen-20220328-DAT_0227_A1_1,1630.0,542130.33,8674432.58,303.9,237.618,0.0,237.618,0.0,0.0,1.356,certain_cold
dronbreen-20220328-DAT_0227_A1_1,1635.0,542129.88,8674427.69,304.1,237.506,0.0,237.506,0.0,0.0,1.362,certain_cold
dronbreen-20220328-DAT_0227_A1_1,1640.0,542129.4,8674422.09,304.318,237.41,0.0,237.41,0.0,0.0,1.368,certain_cold
dronbreen-20220328-DAT_0227_A1_1,1645.0,542128.98,8674417.72,304.483,237.263,0.0,237.263,0.0,0.0,1.374,certain_cold
dronbreen-20220328-DAT_0227_A1_1,1650.0,542128.47,8674412.82,304.679,237.146,0.0,237.146,0.0,0.0,1.379,certain_cold
dronbreen-20220328-DAT_0227_A1_1,1655.0,542127.95,8674407.59,304.901,237.056,0.0,237.056,0.0,0.0,1.383,certain_cold
dronbreen-20220328-DAT_0227_A1_1,1660.0,542127.38,8674402.04,305.138,236.981,0.0,236.981,0.0,0.0,1.389,certain_cold
dronbreen-20220328-DAT_0227_A1_1,1665.0,542126.83,8674396.95,305.349,236.983,0.0,236.983,0.0,0.0,1.393,certain_cold
dronbreen-20220328-DAT_0227_A1_1,1670.0,542126.46,8674392.84,305.521,236.946,0.0,236.946,0.0,0.0,1.397,certain_cold
dronbreen-20220328-DAT_0227_A1_1,1675.0,542125.97,8674387.8,305.749,236.966,0.0,236.966,0.0,0.0,1.401,certain_cold
dronbreen-20220328-DAT_0227_A1_1,1680.0,542125.54,8674382.27,305.985,236.889,0.0,236.889,0.0,0.0,1.409,certain_cold
dronbreen-20220328-DAT_0227_A1_1,1685.0,542125.23,8674377.17,306.2,236.792,0.0,236.792,0.0,0.0,1.415,certain_cold
dronbreen-20220328-DAT_0227_A1_1,1690.0,542124.98,8674372.08,306.41,236.689,0.0,236.689,0.0,0.0,1.422,certain_cold
dronbreen-20220328-DAT_0227_A1_1,1695.0,542124.76,8674367.11,306.643,236.61,0.0,236.61,0.0,0.0,1.428,certain_cold
dronbreen-20220328-DAT_0227_A1_1,1700.0,542124.55,8674362.64,306.851,236.504,0.0,236.504,0.0,0.0,1.434,certain_cold
dronbreen-20220328-DAT_0227_A1_1,1705.0,542124.27,8674357.79,307.078,236.523,0.0,236.523,0.0,0.0,1.44,certain_cold
dronbreen-20220328-DAT_0227_A1_1,1710.0,542123.96,8674352.57,307.306,236.335,0.0,236.335,0.0,0.0,1.444,certain_cold
dronbreen-20220328-DAT_0227_A1_1,1715.0,542123.54,8674347.35,307.507,236.223,0.0,236.223,0.0,0.0,1.448,certain_cold
dronbreen-20220328-DAT_0227_A1_1,1720.0,542123.09,8674342.68,307.681,236.188,0.0,236.188,0.0,0.0,1.452,certain_cold
dronbreen-20220328-DAT_0227_A1_1,1725.0,542122.57,8674337.17,307.893,236.087,0.0,236.087,0.0,0.0,1.46,certain_cold
dronbreen-20220328-DAT_0227_A1_1,1730.0,542122.17,8674332.66,308.089,235.971,0.0,235.971,0.0,0.0,1.467,certain_cold
dronbreen-20220328-DAT_0227_A1_1,1735.0,542121.82,8674328.37,308.288,235.961,0.0,235.961,0.0,0.0,1.471,certain_cold
dronbreen-20220328-DAT_0227_A1_1,1740.0,542121.39,8674322.77,308.58,235.94,0.0,235.94,0.0,0.0,1.477,certain_cold
dronbreen-20220328-DAT_0227_A1_1,1745.0,542120.98,8674317.49,308.871,235.815,0.0,235.815,0.0,0.0,1.485,certain_cold
dronbreen-20220328-DAT_0227_A1_1,1750.0,542120.79,8674312.27,309.199,235.831,0.0,235.831,0.0,0.0,1.491,certain_cold
dronbreen-20220328-DAT_0227_A1_1,1755.0,542120.67,8674307.9,309.485,235.907,0.0,235.907,0.0,0.0,1.497,certain_cold
dronbreen-20220328-DAT_0227_A1_1,1760.0,542120.65,8674302.4,309.862,235.868,0.0,235.868,0.0,0.0,1.506,certain_cold
dronbreen-20220328-DAT_0227_A1_1,1765.0,542120.47,8674297.93,310.173,235.866,0.0,235.866,0.0,0.0,1.512,certain_cold
dronbreen-20220328-DAT_0227_A1_1,1770.0,542120.24,8674293.04,310.496,235.876,0.0,235.876,0.0,0.0,1.52,certain_cold
dronbreen-20220328-DAT_0227_A1_1,1775.0,542120.06,8674287.68,310.83,235.793,0.0,235.793,0.0,0.0,1.526,certain_cold
dronbreen-20220328-DAT_0227_A1_1,1780.0,542119.9,8674282.28,311.18,235.622,0.0,235.622,0.0,0.0,1.534,certain_cold
dronbreen-20220328-DAT_0227_A1_1,1785.0,542119.75,8674277.44,311.513,235.643,0.0,235.643,0.0,0.0,1.543,certain_cold
dronbreen-20220328-DAT_0227_A1_1,1790.0,542119.42,8674272.25,311.905,235.722,0.0,235.722,0.0,0.0,1.549,certain_cold
dronbreen-20220328-DAT_0227_A1_1,1795.0,542119.13,8674267.81,312.235,235.739,0.0,235.739,0.0,0.0,1.553,certain_cold
dronbreen-20220328-DAT_0227_A1_1,1800.0,542118.82,8674263.08,312.582,235.878,0.0,235.878,0.0,0.0,1.559,certain_cold
dronbreen-20220328-DAT_0227_A1_1,1805.0,542118.39,8674257.39,312.996,235.875,0.0,235.875,0.0,0.0,1.567,certain_cold
dronbreen-20220328-DAT_0227_A1_1,1810.0,542118.09,8674252.88,313.305,235.976,0.0,235.976,0.0,0.0,1.573,certain_cold
dronbreen-20220328-DAT_0227_A1_1,1815.0,542117.77,8674247.79,313.641,235.999,0.0,235.999,0.0,0.0,1.579,certain_cold
dronbreen-20220328-DAT_0227_A1_1,1820.0,542117.44,8674242.71,313.958,236.108,0.0,236.108,0.0,0.0,1.584,certain_cold
dronbreen-20220328-DAT_0227_A1_1,1825.0,542116.96,8674237.28,314.284,236.017,0.0,236.017,0.0,0.0,1.592,certain_cold
dronbreen-20220328-DAT_0227_A1_1,1830.0,542116.58,8674233.23,314.517,235.938,0.0,235.938,0.0,0.0,1.598,certain_cold
dronbreen-20220328-DAT_0227_A1_1,1835.0,542116.16,8674227.45,314.853,235.96,0.0,235.96,0.0,0.0,1.604,certain_cold
dronbreen-20220328-DAT_0227_A1_1,1840.0,542115.79,8674222.54,315.126,235.921,0.0,235.921,0.0,0.0,1.61,certain_cold
dronbreen-20220328-DAT_0227_A1_1,1845.0,542115.31,8674217.75,315.383,235.865,0.0,235.865,0.0,0.0,1.616,certain_cold
dronbreen-20220328-DAT_0227_A1_1,1850.0,542114.68,8674212.52,315.664,235.834,0.0,235.834,0.0,0.0,1.623,certain_cold
dronbreen-20220328-DAT_0227_A1_1,1855.0,542114.16,8674208.59,315.867,235.724,0.0,235.724,0.0,0.0,1.627,certain_cold
dronbreen-20220328-DAT_0227_A1_1,1860.0,542113.49,8674203.32,316.126,235.566,0.0,235.566,0.0,0.0,1.635,certain_cold
dronbreen-20220328-DAT_0227_A1_1,1865.0,542112.84,8674197.76,316.392,235.415,0.0,235.415,0.0,0.0,1.641,certain_cold
dronbreen-20220328-DAT_0227_A1_1,1870.0,542112.34,8674193.65,316.605,235.316,0.0,235.316,0.0,0.0,1.647,certain_cold
dronbreen-20220328-DAT_0227_A1_1,1875.0,542111.63,8674188.54,316.895,235.293,0.0,235.293,0.0,0.0,1.654,certain_cold
dronbreen-20220328-DAT_0227_A1_1,1880.0,542110.76,8674183.02,317.2,235.285,0.0,235.285,0.0,0.0,1.662,certain_cold
dronbreen-20220328-DAT_0227_A1_1,1885.0,542110.05,8674177.85,317.47,235.138,0.0,235.138,0.0,0.0,1.668,certain_cold
dronbreen-20220328-DAT_0227_A1_1,1890.0,542109.51,8674173.52,317.672,235.132,0.0,235.132,0.0,0.0,1.674,certain_cold
dronbreen-20220328-DAT_0227_A1_1,1895.0,542108.7,8674168.6,317.89,235.038,0.0,235.038,0.0,0.0,1.68,certain_cold
dronbreen-20220328-DAT_0227_A1_1,1900.0,542107.68,8674163.82,318.11,234.945,0.0,234.945,0.0,0.0,1.686,certain_cold
dronbreen-20220328-DAT_0227_A1_1,1905.0,542106.38,8674158.94,318.32,234.842,0.0,234.842,0.0,0.0,1.693,certain_cold
dronbreen-20220328-DAT_0227_A1_1,1910.0,542105.06,8674153.78,318.535,234.745,0.0,234.745,0.0,0.0,1.699,certain_cold
dronbreen-20220328-DAT_0227_A1_1,1915.0,542103.81,8674148.86,318.728,234.625,0.0,234.625,0.0,0.0,1.705,certain_cold
dronbreen-20220328-DAT_0227_A1_1,1920.0,542102.67,8674144.59,318.886,234.47,0.0,234.47,0.0,0.0,1.711,certain_cold
dronbreen-20220328-DAT_0227_A1_1,1925.0,542101.21,8674139.33,319.077,234.245,0.0,234.245,0.0,0.0,1.717,certain_cold
dronbreen-20220328-DAT_0227_A1_1,1930.0,542099.64,8674134.07,319.274,234.233,0.0,234.233,0.0,0.0,1.723,certain_cold
dronbreen-20220328-DAT_0227_A1_1,1935.0,542098.31,8674129.94,319.434,234.185,0.0,234.185,0.0,0.0,1.728,certain_cold
dronbreen-20220328-DAT_0227_A1_1,1940.0,542096.56,8674125.23,319.613,234.05,0.0,234.05,0.0,0.0,1.734,certain_cold
dronbreen-20220328-DAT_0227_A1_1,1945.0,542094.78,8674119.78,319.839,233.964,0.0,233.964,0.0,0.0,1.74,certain_cold
dronbreen-20220328-DAT_0227_A1_1,1950.0,542093.58,8674115.78,319.999,233.811,0.0,233.811,0.0,0.0,1.746,certain_cold
dronbreen-20220328-DAT_0227_A1_1,1955.0,542092.28,8674111.14,320.174,233.674,0.0,233.674,0.0,0.0,1.75,certain_cold
dronbreen-20220328-DAT_0227_A1_1,1960.0,542090.69,8674105.5,320.363,233.55,0.0,233.55,0.0,0.0,1.759,certain_cold
dronbreen-20220328-DAT_0227_A1_1,1965.0,542089.54,8674101.13,320.521,233.395,0.0,233.395,0.0,0.0,1.763,certain_cold
dronbreen-20220328-DAT_0227_A1_1,1970.0,542088.31,8674096.12,320.711,233.272,0.0,233.272,0.0,0.0,1.769,certain_cold
dronbreen-20220328-DAT_0227_A1_1,1975.0,542087.04,8674091.46,320.89,233.139,0.0,233.139,0.0,0.0,1.775,certain_cold
dronbreen-20220328-DAT_0227_A1_1,1980.0,542085.68,8674086.88,321.077,233.014,0.0,233.014,0.0,0.0,1.781,certain_cold
dronbreen-20220328-DAT_0227_A1_1,1985.0,542084.33,8674082.41,321.265,232.889,0.0,232.889,0.0,0.0,1.787,certain_cold
dronbreen-20220328-DAT_0227_A1_1,1990.0,542082.7,8674077.34,321.495,232.91,0.0,232.91,0.0,0.0,1.791,certain_cold
dronbreen-20220328-DAT_0227_A1_1,1995.0,542081.27,8674072.69,321.69,232.793,0.0,232.793,0.0,0.0,1.798,certain_cold
dronbreen-20220328-DAT_0227_A1_1,2000.0,542079.77,8674068.02,321.866,232.552,0.0,232.552,0.0,0.0,1.806,certain_cold
dronbreen-20220328-DAT_0227_A1_1,2005.0,542078.09,8674063.05,322.047,232.42,0.0,232.42,0.0,0.0,1.812,certain_cold
dronbreen-20220328-DAT_0227_A1_1,2010.0,542076.53,8674058.23,322.224,232.285,0.0,232.285,0.0,0.0,1.818,certain_cold
dronbreen-20220328-DAT_0227_A1_1,2015.0,542075.19,8674052.91,322.46,232.208,0.0,232.208,0.0,0.0,1.824,certain_cold
dronbreen-20220328-DAT_0227_A1_1,2020.0,542074.0,8674048.22,322.687,232.122,0.0,232.122,0.0,0.0,1.831,certain_cold
dronbreen-20220328-DAT_0227_A1_1,2025.0,542072.68,8674043.26,322.895,232.017,0.0,232.017,0.0,0.0,1.837,certain_cold
dronbreen-20220328-DAT_0227_A1_1,2030.0,542071.67,8674038.91,323.074,231.884,0.0,231.884,0.0,0.0,1.843,certain_cold
dronbreen-20220328-DAT_0227_A1_1,2035.0,542070.58,8674034.16,323.266,231.867,0.0,231.867,0.0,0.0,1.847,certain_cold
dronbreen-20220328-DAT_0227_A1_1,2040.0,542069.4,8674029.1,323.48,231.665,0.0,231.665,0.0,0.0,1.855,certain_cold
dronbreen-20220328-DAT_0227_A1_1,2045.0,542068.02,8674024.03,323.684,231.347,0.0,231.347,0.0,0.0,1.866,certain_cold
dronbreen-20220328-DAT_0227_A1_1,2050.0,542066.68,8674019.64,323.885,231.236,0.0,231.236,0.0,0.0,1.872,certain_cold
dronbreen-20220328-DAT_0227_A1_1,2055.0,542065.08,8674014.58,324.148,231.082,0.0,231.082,0.0,0.0,1.88,certain_cold
dronbreen-20220328-DAT_0227_A1_1,2060.0,542063.56,8674010.12,324.389,230.802,0.0,230.802,0.0,0.0,1.89,certain_cold
dronbreen-20220328-DAT_0227_A1_1,2065.0,542061.82,8674005.66,324.629,230.729,0.0,230.729,0.0,0.0,1.897,certain_cold
dronbreen-20220328-DAT_0227_A1_1,2070.0,542059.92,8674000.38,324.908,230.591,0.0,230.591,0.0,0.0,1.905,certain_cold
dronbreen-20220328-DAT_0227_A1_1,2075.0,542058.52,8673996.19,325.126,230.393,0.0,230.393,0.0,0.0,1.913,certain_cold
dronbreen-20220328-DAT_0227_A1_1,2080.0,542056.99,8673990.99,325.406,230.36,0.0,230.36,0.0,0.0,1.919,certain_cold
dronbreen-20220328-DAT_0227_A1_1,2085.0,542055.47,8673985.95,325.69,230.123,0.0,230.123,0.0,0.0,1.93,certain_cold
dronbreen-20220328-DAT_0227_A1_1,2090.0,542054.27,8673981.54,325.954,230.074,0.0,230.074,0.0,0.0,1.936,certain_cold
dronbreen-20220328-DAT_0227_A1_1,2095.0,542052.99,8673976.18,326.269,229.972,0.0,229.972,0.0,0.0,1.944,certain_cold
dronbreen-20220328-DAT_0227_A1_1,2100.0,542051.84,8673971.66,326.54,229.827,0.0,229.827,0.0,0.0,1.952,certain_cold
dronbreen-20220328-DAT_0227_A1_1,2105.0,542050.41,8673966.9,326.828,229.697,0.0,229.697,0.0,0.0,1.961,uncertain_cold
dronbreen-20220328-DAT_0227_A1_1,2110.0,542049.01,8673962.25,327.094,229.651,0.0,229.651,0.0,0.0,1.969,uncertain_cold
dronbreen-20220328-DAT_0227_A1_1,2115.0,542047.29,8673957.13,327.397,229.433,0.0,229.433,0.0,0.0,1.979,uncertain_cold
dronbreen-20220328-DAT_0227_A1_1,2120.0,542045.58,8673952.24,327.7,229.32,0.0,229.32,0.0,0.0,1.985,uncertain_cold
dronbreen-20220328-DAT_0227_A1_1,2125.0,542043.79,8673947.71,327.98,229.287,0.0,229.287,0.0,0.0,1.992,uncertain_cold
dronbreen-20220328-DAT_0227_A1_1,2130.0,542041.85,8673943.43,328.244,229.342,0.0,229.342,0.0,0.0,1.996,uncertain_cold
dronbreen-20220328-DAT_0227_A1_1,2135.0,542040.06,8673939.04,328.524,229.414,0.0,229.414,0.0,0.0,2.0,uncertain_cold
dronbreen-20220328-DAT_0227_A1_1,2140.0,542037.53,8673934.16,328.833,229.41,0.0,229.41,0.0,0.0,2.006,certain_cold
dronbreen-20220328-DAT_0227_A1_1,2145.0,542035.0,8673929.65,329.12,229.384,0.0,229.384,0.0,0.0,2.012,certain_cold
dronbreen-20220328-DAT_0227_A1_1,2150.0,542033.53,8673925.06,329.449,229.505,0.0,229.505,0.0,0.0,2.019,certain_cold
dronbreen-20220328-DAT_0227_A1_1,2155.0,542032.52,8673920.35,329.794,229.328,0.0,229.328,0.0,0.0,2.027,certain_cold
dronbreen-20220328-DAT_0227_A1_1,2160.0,542030.11,8673915.52,330.12,229.551,0.0,229.551,0.0,0.0,2.033,certain_cold
dronbreen-20220328-DAT_0227_A1_1,2165.0,542029.0,8673911.27,330.403,229.312,0.0,229.312,0.0,0.0,2.039,certain_cold
dronbreen-20220328-DAT_0227_A1_1,2170.0,542027.99,8673906.15,330.705,229.406,0.0,229.406,0.0,0.0,2.05,certain_cold
dronbreen-20220328-DAT_0227_A1_1,2175.0,542027.22,8673900.79,331.014,229.298,0.0,229.298,0.0,0.0,2.06,certain_cold
dronbreen-20220328-DAT_0227_A1_1,2180.0,542026.51,8673895.93,331.31,229.178,0.0,229.178,0.0,0.0,2.07,certain_cold
dronbreen-20220328-DAT_0227_A1_1,2185.0,542025.16,8673891.61,331.578,229.029,0.0,229.029,0.0,0.0,2.076,certain_cold
dronbreen-20220328-DAT_0227_A1_1,2190.0,542023.12,8673886.82,331.877,228.91,0.0,228.91,0.0,0.0,2.083,certain_cold
dronbreen-20220328-DAT_0227_A1_1,2195.0,542021.29,8673882.5,332.159,228.879,0.0,228.879,0.0,0.0,2.087,certain_cold
dronbreen-20220328-DAT_0227_A1_1,2200.0,542019.3,8673877.04,332.528,228.936,0.0,228.936,0.0,0.0,2.091,certain_cold
dronbreen-20220328-DAT_0227_A1_1,2205.0,542018.24,8673872.52,332.838,228.933,0.0,228.933,0.0,0.0,2.095,certain_cold
dronbreen-20220328-DAT_0227_A1_1,2210.0,542016.88,8673867.73,333.164,228.947,0.0,228.947,0.0,0.0,2.099,certain_cold
dronbreen-20220328-DAT_0227_A1_1,2215.0,542014.92,8673863.31,333.448,229.023,0.0,229.023,0.0,0.0,2.103,certain_cold
dronbreen-20220328-DAT_0227_A1_1,2220.0,542013.27,8673858.15,333.779,229.145,0.0,229.145,0.0,0.0,2.109,certain_cold
dronbreen-20220328-DAT_0227_A1_1,2225.0,542011.69,8673853.54,334.08,229.134,0.0,229.134,0.0,0.0,2.114,certain_cold
dronbreen-20220328-DAT_0227_A1_1,2230.0,542009.84,8673849.45,334.36,229.205,0.0,229.205,0.0,0.0,2.12,certain_cold
dronbreen-20220328-DAT_0227_A1_1,2235.0,542007.32,8673844.78,334.691,229.327,0.0,229.327,0.0,0.0,2.124,certain_cold
dronbreen-20220328-DAT_0227_A1_1,2240.0,542004.96,8673840.05,335.029,229.457,0.0,229.457,0.0,0.0,2.128,certain_cold
dronbreen-20220328-DAT_0227_A1_1,2245.0,542003.34,8673835.97,335.341,229.665,0.0,229.665,0.0,0.0,2.13,certain_cold
dronbreen-20220328-DAT_0227_A1_1,2250.0,542001.78,8673831.39,335.698,229.918,0.0,229.918,0.0,0.0,2.132,certain_cold
dronbreen-20220328-DAT_0227_A1_1,2255.0,541999.89,8673826.31,336.083,230.198,0.0,230.198,0.0,0.0,2.134,certain_cold
dronbreen-20220328-DAT_0227_A1_1,2260.0,541998.18,8673821.6,336.415,230.426,0.0,230.426,0.0,0.0,2.136,certain_cold
dronbreen-20220328-DAT_0227_A1_1,2265.0,541996.7,8673817.15,336.714,230.621,0.0,230.621,0.0,0.0,2.138,certain_cold
dronbreen-20220328-DAT_0227_A1_1,2270.0,541994.81,8673811.82,337.081,230.779,0.0,230.779,0.0,0.0,2.143,certain_cold
dronbreen-20220328-DAT_0227_A1_1,2275.0,541993.23,8673807.38,337.414,230.8,0.0,230.8,0.0,0.0,2.149,certain_cold
dronbreen-20220328-DAT_0227_A1_1,2280.0,541991.4,8673802.41,337.809,230.883,0.0,230.883,0.0,0.0,2.153,certain_cold
dronbreen-20220328-DAT_0227_A1_1,2285.0,541989.66,8673797.82,338.191,230.952,0.0,230.952,0.0,0.0,2.159,certain_cold
dronbreen-20220328-DAT_0227_A1_1,2290.0,541987.67,8673793.03,338.591,231.039,0.0,231.039,0.0,0.0,2.167,certain_cold
dronbreen-20220328-DAT_0227_A1_1,2295.0,541985.95,8673788.74,338.936,231.28,0.0,231.28,0.0,0.0,2.169,certain_cold
dronbreen-20220328-DAT_0227_A1_1,2300.0,541984.3,8673784.27,339.287,231.526,0.0,231.526,0.0,0.0,2.172,certain_cold
dronbreen-20220328-DAT_0227_A1_1,2305.0,541982.73,8673778.69,339.691,231.618,0.0,231.618,0.0,0.0,2.176,certain_cold
dronbreen-20220328-DAT_0227_A1_1,2310.0,541981.52,8673774.42,339.986,231.6,0.0,231.6,0.0,0.0,2.178,certain_cold
dronbreen-20220328-DAT_0227_A1_1,2315.0,541980.02,8673769.67,340.341,231.747,0.0,231.747,0.0,0.0,2.182,certain_cold
dronbreen-20220328-DAT_0227_A1_1,2320.0,541978.38,8673764.91,340.744,231.942,0.0,231.942,0.0,0.0,2.186,certain_cold
dronbreen-20220328-DAT_0227_A1_1,2325.0,541976.92,8673760.15,341.169,232.158,0.0,232.158,0.0,0.0,2.19,certain_cold
dronbreen-20220328-DAT_0227_A1_1,2330.0,541975.48,8673755.57,341.573,232.249,0.0,232.249,0.0,0.0,2.194,certain_cold
dronbreen-20220328-DAT_0227_A1_1,2335.0,541973.73,8673750.31,342.041,232.197,0.0,232.197,0.0,0.0,2.2,certain_cold
dronbreen-20220328-DAT_0227_A1_1,2340.0,541972.0,8673745.6,342.467,232.205,0.0,232.205,0.0,0.0,2.215,certain_cold
dronbreen-20220328-DAT_0227_A1_1,2345.0,541970.6,8673741.23,342.866,232.292,0.0,232.292,0.0,0.0,2.227,certain_cold
dronbreen-20220328-DAT_0227_A1_1,2350.0,541969.38,8673736.46,343.308,232.316,0.0,232.316,0.0,0.0,2.234,certain_cold
dronbreen-20220328-DAT_0227_A1_1,2355.0,541967.99,8673731.89,343.717,232.309,0.0,232.309,0.0,0.0,2.24,certain_cold
dronbreen-20220328-DAT_0227_A1_1,2360.0,541966.26,8673727.39,344.12,232.4,0.0,232.4,0.0,0.0,2.248,certain_cold
dronbreen-20220328-DAT_0227_A1_1,2365.0,541964.16,8673721.88,344.618,232.377,0.0,232.377,0.0,0.0,2.26,certain_cold
dronbreen-20220328-DAT_0227_A1_1,2370.0,541962.27,8673717.57,345.002,232.448,0.0,232.448,0.0,0.0,2.267,certain_cold
dronbreen-20220328-DAT_0227_A1_1,2375.0,541960.33,8673713.1,345.41,232.439,0.0,232.439,0.0,0.0,2.275,certain_cold
dronbreen-20220328-DAT_0227_A1_1,2380.0,541958.14,8673708.27,345.868,232.375,0.0,232.375,0.0,0.0,2.285,certain_cold
dronbreen-20220328-DAT_0227_A1_1,2385.0,541955.99,8673703.49,346.337,232.324,0.0,232.324,0.0,0.0,2.296,certain_cold
dronbreen-20220328-DAT_0227_A1_1,2390.0,541954.23,8673699.51,346.733,232.407,0.0,232.407,0.0,0.0,2.302,certain_cold
dronbreen-20220328-DAT_0227_A1_1,2395.0,541952.43,8673695.24,347.158,232.519,0.0,232.519,0.0,0.0,2.308,certain_cold
dronbreen-20220328-DAT_0227_A1_1,2400.0,541949.89,8673689.95,347.634,232.475,0.0,232.475,0.0,0.0,2.318,certain_cold
dronbreen-20220328-DAT_0227_A1_1,2405.0,541947.71,8673685.79,347.992,232.416,0.0,232.416,0.0,0.0,2.327,certain_cold
dronbreen-20220328-DAT_0227_A1_1,2410.0,541945.82,8673681.51,348.352,232.358,0.0,232.358,0.0,0.0,2.335,certain_cold
dronbreen-20220328-DAT_0227_A1_1,2415.0,541943.83,8673677.17,348.747,232.337,0.0,232.337,0.0,0.0,2.343,certain_cold
dronbreen-20220328-DAT_0227_A1_1,2420.0,541941.78,8673672.64,349.16,232.333,0.0,232.333,0.0,0.0,2.352,certain_cold
dronbreen-20220328-DAT_0227_A1_1,2425.0,541939.62,8673668.1,349.565,232.217,0.0,232.217,0.0,0.0,2.362,certain_cold
dronbreen-20220328-DAT_0227_A1_1,2430.0,541937.42,8673663.63,349.962,232.301,0.0,232.301,0.0,0.0,2.368,certain_cold
dronbreen-20220328-DAT_0227_A1_1,2435.0,541934.71,8673658.46,350.413,232.335,0.0,232.335,0.0,0.0,2.379,certain_cold
dronbreen-20220328-DAT_0227_A1_1,2440.0,541932.67,8673654.3,350.792,232.401,0.0,232.401,0.0,0.0,2.387,certain_cold
dronbreen-20220328-DAT_0227_A1_1,2445.0,541930.95,8673649.78,351.206,232.398,0.0,232.398,0.0,0.0,2.391,uncertain_cold
dronbreen-20220328-DAT_0227_A1_1,2450.0,541928.89,8673644.67,351.644,232.733,0.0,232.733,0.0,0.0,2.393,certain_cold
dronbreen-20220328-DAT_0227_A1_1,2455.0,541926.88,8673640.07,352.032,232.912,0.0,232.912,0.0,0.0,2.397,certain_cold
dronbreen-20220328-DAT_0227_A1_1,2460.0,541925.08,8673636.32,352.35,232.917,0.0,232.917,0.0,0.0,2.401,certain_cold
dronbreen-20220328-DAT_0227_A1_1,2465.0,541922.41,8673631.03,352.807,233.062,0.0,233.062,0.0,0.0,2.403,certain_cold
dronbreen-20220328-DAT_0227_A1_1,2470.0,541920.38,8673627.35,353.129,233.175,0.0,233.175,0.0,0.0,2.408,certain_cold
dronbreen-20220328-DAT_0227_A1_1,2475.0,541917.69,8673622.38,353.551,233.389,0.0,233.389,0.0,0.0,2.418,certain_cold
dronbreen-20220328-DAT_0227_A1_1,2480.0,541915.63,8673617.6,353.953,233.687,0.0,233.687,0.0,0.0,2.42,certain_cold
dronbreen-20220328-DAT_0227_A1_1,2485.0,541913.91,8673613.43,354.295,233.82,0.0,233.82,0.0,0.0,2.424,certain_cold
dronbreen-20220328-DAT_0227_A1_1,2490.0,541912.19,8673609.37,354.638,234.058,0.0,234.058,0.0,0.0,2.426,certain_cold
dronbreen-20220328-DAT_0227_A1_1,2495.0,541909.44,8673603.95,355.101,234.314,0.0,234.314,0.0,0.0,2.43,certain_cold
dronbreen-20220328-DAT_0227_A1_1,2500.0,541907.38,8673600.1,355.419,234.527,0.0,234.527,0.0,0.0,2.432,certain_cold
dronbreen-20220328-DAT_0227_A1_1,2505.0,541904.76,8673595.18,355.813,234.712,0.0,234.712,0.0,0.0,2.439,certain_cold
dronbreen-20220328-DAT_0227_A1_1,2510.0,541903.4,8673590.92,356.15,234.842,0.0,234.842,0.0,0.0,2.443,certain_cold
dronbreen-20220328-DAT_0227_A1_1,2515.0,541901.37,8673586.65,356.494,235.081,0.0,235.081,0.0,0.0,2.449,certain_cold
dronbreen-20220328-DAT_0227_A1_1,2520.0,541899.13,8673581.98,356.882,235.156,0.0,235.156,0.0,0.0,2.453,certain_cold
dronbreen-20220328-DAT_0227_A1_1,2525.0,541897.07,8673577.68,357.239,235.201,0.0,235.201,0.0,0.0,2.457,certain_cold
dronbreen-20220328-DAT_0227_A1_1,2530.0,541895.04,8673572.73,357.665,235.21,0.0,235.21,0.0,0.0,2.463,certain_cold
dronbreen-20220328-DAT_0227_A1_1,2535.0,541893.25,8673568.46,358.049,235.281,0.0,235.281,0.0,0.0,2.47,certain_cold
dronbreen-20220328-DAT_0227_A1_1,2540.0,541890.83,8673563.14,358.54,235.356,0.0,235.356,0.0,0.0,2.478,certain_cold
dronbreen-20220328-DAT_0227_A1_1,2545.0,541889.0,8673559.27,358.901,235.403,0.0,235.403,0.0,0.0,2.484,certain_cold
dronbreen-20220328-DAT_0227_A1_1,2550.0,541886.37,8673554.16,359.347,235.433,0.0,235.433,0.0,0.0,2.492,certain_cold
dronbreen-20220328-DAT_0227_A1_1,2555.0,541884.35,8673550.25,359.692,235.465,0.0,235.465,0.0,0.0,2.499,certain_cold
dronbreen-20220328-DAT_0227_A1_1,2560.0,541882.07,8673545.4,360.13,235.486,0.0,235.486,0.0,0.0,2.507,certain_cold
dronbreen-20220328-DAT_0227_A1_1,2565.0,541879.96,8673540.81,360.557,235.601,0.0,235.601,0.0,0.0,2.513,certain_cold
dronbreen-20220328-DAT_0227_A1_1,2570.0,541878.17,8673536.79,360.943,235.57,0.0,235.57,0.0,0.0,2.521,certain_cold
dronbreen-20220328-DAT_0227_A1_1,2575.0,541875.95,8673531.75,361.415,235.625,0.0,235.625,0.0,0.0,2.53,certain_cold
dronbreen-20220328-DAT_0227_A1_1,2580.0,541873.97,8673527.38,361.836,235.733,0.0,235.733,0.0,0.0,2.534,certain_cold
dronbreen-20220328-DAT_0227_A1_1,2585.0,541871.92,8673522.26,362.328,235.808,0.0,235.808,0.0,0.0,2.544,certain_cold
dronbreen-20220328-DAT_0227_A1_1,2590.0,541870.18,8673518.24,362.721,235.993,0.0,235.993,0.0,0.0,2.548,certain_cold
dronbreen-20220328-DAT_0227_A1_1,2595.0,541868.21,8673513.69,363.15,235.901,0.0,235.901,0.0,0.0,2.557,certain_cold
dronbreen-20220328-DAT_0227_A1_1,2600.0,541866.06,8673508.74,363.614,235.948,0.0,235.948,0.0,0.0,2.565,certain_cold
dronbreen-20220328-DAT_0227_A1_1,2605.0,541864.14,8673504.15,364.055,235.972,0.0,235.972,0.0,0.0,2.573,certain_cold
dronbreen-20220328-DAT_0227_A1_1,2610.0,541861.93,8673499.68,364.497,235.997,0.0,235.997,0.0,0.0,2.582,certain_cold
dronbreen-20220328-DAT_0227_A1_1,2615.0,541859.55,8673495.33,364.938,236.126,0.0,236.126,0.0,0.0,2.588,certain_cold
dronbreen-20220328-DAT_0227_A1_1,2620.0,541857.44,8673491.27,365.337,236.212,0.0,236.212,0.0,0.0,2.596,certain_cold
dronbreen-20220328-DAT_0227_A1_1,2625.0,541855.38,8673486.26,365.811,236.269,0.0,236.269,0.0,0.0,2.604,certain_cold
dronbreen-20220328-DAT_0227_A1_1,2630.0,541853.65,8673481.93,366.223,236.473,0.0,236.473,0.0,0.0,2.609,certain_cold
dronbreen-20220328-DAT_0227_A1_1,2635.0,541851.81,8673477.48,366.667,236.708,0.0,236.708,0.0,0.0,2.613,certain_cold
dronbreen-20220328-DAT_0227_A1_1,2640.0,541849.76,8673472.25,367.169,236.897,0.0,236.897,0.0,0.0,2.619,certain_cold
dronbreen-20220328-DAT_0227_A1_1,2645.0,541848.07,8673467.99,367.578,237.098,0.0,237.098,0.0,0.0,2.623,certain_cold
dronbreen-20220328-DAT_0227_A1_1,2650.0,541846.39,8673463.47,368.004,237.42,0.0,237.42,0.0,0.0,2.625,certain_cold
dronbreen-20220328-DAT_0227_A1_1,2655.0,541844.45,8673458.52,368.46,237.563,0.0,237.563,0.0,0.0,2.631,certain_cold
dronbreen-20220328-DAT_0227_A1_1,2660.0,541842.63,8673454.04,368.871,237.766,0.0,237.766,0.0,0.0,2.636,certain_cold
dronbreen-20220328-DAT_0227_A1_1,2665.0,541840.76,8673449.61,369.28,238.07,0.0,238.07,0.0,0.0,2.638,certain_cold
dronbreen-20220328-DAT_0227_A1_1,2670.0,541838.63,8673444.8,369.714,238.192,0.0,238.192,0.0,0.0,2.644,certain_cold
dronbreen-20220328-DAT_0227_A1_1,2675.0,541836.64,8673440.27,370.11,238.38,0.0,238.38,0.0,0.0,2.648,certain_cold
dronbreen-20220328-DAT_0227_A1_1,2680.0,541834.3,8673435.08,370.572,238.633,0.0,238.633,0.0,0.0,2.652,certain_cold
dronbreen-20220328-DAT_0227_A1_1,2685.0,541832.49,8673430.9,370.951,238.804,0.0,238.804,0.0,0.0,2.656,certain_cold
dronbreen-20220328-DAT_0227_A1_1,2690.0,541830.57,8673426.31,371.372,239.017,0.0,239.017,0.0,0.0,2.66,certain_cold
dronbreen-20220328-DAT_0227_A1_1,2695.0,541828.72,8673422.11,371.769,239.309,0.0,239.309,0.0,0.0,2.667,certain_cold
dronbreen-20220328-DAT_0227_A1_1,2700.0,541826.74,8673417.57,372.188,239.416,0.0,239.416,0.0,0.0,2.673,certain_cold
dronbreen-20220328-DAT_0227_A1_1,2705.0,541824.38,8673412.35,372.69,239.501,0.0,239.501,0.0,0.0,2.681,certain_cold
dronbreen-20220328-DAT_0227_A1_1,2710.0,541822.26,8673407.63,373.127,239.625,0.0,239.625,0.0,0.0,2.685,certain_cold
dronbreen-20220328-DAT_0227_A1_1,2715.0,541820.36,8673403.48,373.504,239.689,0.0,239.689,0.0,0.0,2.689,certain_cold
dronbreen-20220328-DAT_0227_A1_1,2720.0,541818.61,8673399.2,373.862,239.839,0.0,239.839,0.0,0.0,2.694,certain_cold
dronbreen-20220328-DAT_0227_A1_1,2725.0,541817.26,8673394.4,374.245,240.014,0.0,240.014,0.0,0.0,2.698,certain_cold
dronbreen-20220328-DAT_0227_A1_1,2730.0,541816.02,8673389.44,374.654,240.11,0.0,240.11,0.0,0.0,2.704,certain_cold
dronbreen-20220328-DAT_0227_A1_1,2735.0,541814.51,8673384.13,375.111,240.462,0.0,240.462,0.0,0.0,2.706,certain_cold
dronbreen-20220328-DAT_0227_A1_1,2740.0,541813.11,8673379.43,375.507,240.65,0.0,240.65,0.0,0.0,2.71,certain_cold
dronbreen-20220328-DAT_0227_A1_1,2745.0,541811.49,8673374.85,375.875,240.809,0.0,240.809,0.0,0.0,2.714,certain_cold
dronbreen-20220328-DAT_0227_A1_1,2750.0,541809.95,8673370.21,376.231,241.062,0.0,241.062,0.0,0.0,2.716,certain_cold
dronbreen-20220328-DAT_0227_A1_1,2755.0,541808.4,8673365.7,376.58,241.202,0.0,241.202,0.0,0.0,2.721,certain_cold
dronbreen-20220328-DAT_0227_A1_1,2760.0,541807.0,8673360.94,376.893,241.306,0.0,241.306,0.0,0.0,2.725,certain_cold
dronbreen-20220328-DAT_0227_A1_1,2765.0,541805.56,8673356.31,377.186,241.391,0.0,241.391,0.0,0.0,2.729,certain_cold
dronbreen-20220328-DAT_0227_A1_1,2770.0,541803.78,8673350.48,377.652,241.648,0.0,241.648,0.0,0.0,2.733,certain_cold
dronbreen-20220328-DAT_0227_A1_1,2775.0,541802.7,8673346.54,377.998,241.787,0.0,241.787,0.0,0.0,2.737,certain_cold
dronbreen-20220328-DAT_0227_A1_1,2780.0,541801.24,8673341.28,378.511,242.09,0.0,242.09,0.0,0.0,2.741,certain_cold
dronbreen-20220328-DAT_0227_A1_1,2785.0,541799.96,8673336.83,378.89,242.366,0.0,242.366,0.0,0.0,2.743,certain_cold
dronbreen-20220328-DAT_0227_A1_1,2790.0,541798.65,8673331.65,379.234,242.397,0.0,242.397,0.0,0.0,2.75,certain_cold
dronbreen-20220328-DAT_0227_A1_1,2795.0,541797.44,8673326.84,379.531,242.486,0.0,242.486,0.0,0.0,2.754,certain_cold
dronbreen-20220328-DAT_0227_A1_1,2800.0,541796.09,8673321.61,379.91,242.657,0.0,242.657,0.0,0.0,2.758,certain_cold
dronbreen-20220328-DAT_0227_A1_1,2805.0,541795.14,8673317.55,380.206,242.744,0.0,242.744,0.0,0.0,2.762,certain_cold
dronbreen-20220328-DAT_0227_A1_1,2810.0,541794.08,8673311.66,380.637,243.07,0.0,243.07,0.0,0.0,2.764,certain_cold
dronbreen-20220328-DAT_0227_A1_1,2815.0,541793.54,8673307.92,380.913,243.243,0.0,243.243,0.0,0.0,2.766,certain_cold
dronbreen-20220328-DAT_0227_A1_1,2820.0,541792.15,8673302.32,381.362,243.587,0.0,243.587,0.0,0.0,2.77,certain_cold
dronbreen-20220328-DAT_0227_A1_1,2825.0,541790.89,8673297.23,381.749,243.87,0.0,243.87,0.0,0.0,2.772,certain_cold
dronbreen-20220328-DAT_0227_A1_1,2830.0,541789.59,8673292.6,382.107,243.915,0.0,243.915,0.0,0.0,2.777,certain_cold
dronbreen-20220328-DAT_0227_A1_1,2835.0,541788.22,8673288.34,382.472,244.176,0.0,244.176,0.0,0.0,2.783,certain_cold
dronbreen-20220328-DAT_0227_A1_1,2840.0,541786.59,8673283.05,382.921,244.312,0.0,244.312,0.0,0.0,2.789,certain_cold
dronbreen-20220328-DAT_0227_A1_1,2845.0,541785.24,8673278.91,383.283,244.465,0.0,244.465,0.0,0.0,2.793,certain_cold
dronbreen-20220328-DAT_0227_A1_1,2850.0,541783.55,8673273.37,383.767,244.741,0.0,244.741,0.0,0.0,2.797,certain_cold
dronbreen-20220328-DAT_0227_A1_1,2855.0,541782.1,8673268.58,384.178,244.944,0.0,244.944,0.0,0.0,2.804,certain_cold
dronbreen-20220328-DAT_0227_A1_1,2860.0,541780.84,8673264.35,384.495,245.052,0.0,245.052,0.0,0.0,2.806,certain_cold
dronbreen-20220328-DAT_0227_A1_1,2865.0,541779.42,8673259.59,384.851,245.2,0.0,245.2,0.0,0.0,2.81,certain_cold
dronbreen-20220328-DAT_0227_A1_1,2870.0,541777.84,8673254.7,385.219,245.36,0.0,245.36,0.0,0.0,2.814,certain_cold
dronbreen-20220328-DAT_0227_A1_1,2875.0,541776.17,8673249.5,385.604,245.537,0.0,245.537,0.0,0.0,2.818,certain_cold
dronbreen-20220328-DAT_0227_A1_1,2880.0,541774.53,8673244.49,385.964,245.584,0.0,245.584,0.0,0.0,2.822,certain_cold
dronbreen-20220328-DAT_0227_A1_1,2885.0,541773.28,8673240.73,386.228,245.744,0.0,245.744,0.0,0.0,2.824,certain_cold
dronbreen-20220328-DAT_0227_A1_1,2890.0,541771.41,8673235.32,386.622,245.929,0.0,245.929,0.0,0.0,2.828,certain_cold
dronbreen-20220328-DAT_0227_A1_1,2895.0,541769.71,8673230.6,386.981,246.079,0.0,246.079,0.0,0.0,2.831,certain_cold
dronbreen-20220328-DAT_0227_A1_1,2900.0,541768.16,8673225.68,387.376,246.266,0.0,246.266,0.0,0.0,2.835,certain_cold
dronbreen-20220328-DAT_0227_A1_1,2905.0,541766.64,8673220.92,387.748,246.43,0.0,246.43,0.0,0.0,2.839,certain_cold
dronbreen-20220328-DAT_0227_A1_1,2910.0,541764.96,8673216.38,388.104,246.577,0.0,246.577,0.0,0.0,2.845,certain_cold
dronbreen-20220328-DAT_0227_A1_1,2915.0,541763.44,8673212.5,388.414,246.783,0.0,246.783,0.0,0.0,2.847,certain_cold
dronbreen-20220328-DAT_0227_A1_1,2920.0,541761.33,8673207.17,388.832,246.993,0.0,246.993,0.0,0.0,2.853,certain_cold
dronbreen-20220328-DAT_0227_A1_1,2925.0,541759.62,8673202.93,389.143,246.991,0.0,246.991,0.0,0.0,2.857,certain_cold
dronbreen-20220328-DAT_0227_A1_1,2930.0,541757.81,8673198.25,389.477,247.117,0.0,247.117,0.0,0.0,2.862,certain_cold
dronbreen-20220328-DAT_0227_A1_1,2935.0,541755.86,8673192.92,389.837,247.164,0.0,247.164,0.0,0.0,2.866,certain_cold
dronbreen-20220328-DAT_0227_A1_1,2940.0,541754.39,8673188.39,390.135,247.254,0.0,247.254,0.0,0.0,2.87,certain_cold
dronbreen-20220328-DAT_0227_A1_1,2945.0,541753.11,8673184.4,390.425,247.335,0.0,247.335,0.0,0.0,2.874,certain_cold
dronbreen-20220328-DAT_0227_A1_1,2950.0,541751.24,8673178.88,390.822,247.523,0.0,247.523,0.0,0.0,2.878,certain_cold
dronbreen-20220328-DAT_0227_A1_1,2955.0,541749.73,8673174.8,391.11,247.499,0.0,247.499,0.0,0.0,2.884,certain_cold
dronbreen-20220328-DAT_0227_A1_1,2960.0,541747.85,8673169.6,391.476,247.657,0.0,247.657,0.0,0.0,2.889,certain_cold
dronbreen-20220328-DAT_0227_A1_1,2965.0,541746.27,8673165.39,391.776,247.644,0.0,247.644,0.0,0.0,2.895,certain_cold
dronbreen-20220328-DAT_0227_A1_1,2970.0,541744.04,8673159.92,392.193,247.852,0.0,247.852,0.0,0.0,2.899,certain_cold
dronbreen-20220328-DAT_0227_A1_1,2975.0,541742.09,8673155.58,392.527,247.978,0.0,247.978,0.0,0.0,2.903,certain_cold
dronbreen-20220328-DAT_0227_A1_1,2980.0,541740.08,8673150.87,392.86,248.102,0.0,248.102,0.0,0.0,2.909,certain_cold
dronbreen-20220328-DAT_0227_A1_1,2985.0,541738.45,8673146.85,393.134,248.168,0.0,248.168,0.0,0.0,2.911,certain_cold
dronbreen-20220328-DAT_0227_A1_1,2990.0,541736.84,8673142.39,393.428,248.358,0.0,248.358,0.0,0.0,2.916,certain_cold
dronbreen-20220328-DAT_0227_A1_1,2995.0,541735.19,8673137.38,393.75,248.367,0.0,248.367,0.0,0.0,2.922,certain_cold
dronbreen-20220328-DAT_0227_A1_1,3000.0,541733.66,8673132.83,394.029,248.438,0.0,248.438,0.0,0.0,2.924,certain_cold
dronbreen-20220328-DAT_0227_A1_1,3005.0,541731.93,8673127.73,394.348,248.444,0.0,248.444,0.0,0.0,2.93,certain_cold
dronbreen-20220328-DAT_0227_A1_1,3010.0,541730.46,8673123.09,394.659,248.547,0.0,248.547,0.0,0.0,2.934,certain_cold
dronbreen-20220328-DAT_0227_A1_1,3015.0,541729.19,8673117.92,394.956,248.635,0.0,248.635,0.0,0.0,2.938,certain_cold
dronbreen-20220328-DAT_0227_A1_1,3020.0,541728.0,8673113.65,395.183,248.654,0.0,248.654,0.0,0.0,2.943,certain_cold
dronbreen-20220328-DAT_0227_A1_1,3025.0,541726.32,8673108.01,395.516,248.674,0.0,248.674,0.0,0.0,2.949,certain_cold
dronbreen-20220328-DAT_0227_A1_1,3030.0,541724.75,8673103.5,395.782,248.732,0.0,248.732,0.0,0.0,2.953,certain_cold
dronbreen-20220328-DAT_0227_A1_1,3035.0,541723.18,8673098.98,396.051,248.792,0.0,248.792,0.0,0.0,2.957,certain_cold
dronbreen-20220328-DAT_0227_A1_1,3040.0,541721.38,8673094.18,396.332,248.761,0.0,248.761,0.0,0.0,2.963,certain_cold
dronbreen-20220328-DAT_0227_A1_1,3045.0,541719.74,8673089.76,396.575,248.691,0.0,248.691,0.0,0.0,2.97,certain_cold
dronbreen-20220328-DAT_0227_A1_1,3050.0,541718.25,8673085.0,396.884,248.791,0.0,248.791,0.0,0.0,2.974,certain_cold
dronbreen-20220328-DAT_0227_A1_1,3055.0,541717.07,8673080.24,397.243,248.942,0.0,248.942,0.0,0.0,2.978,certain_cold
dronbreen-20220328-DAT_0227_A1_1,3060.0,541716.28,8673075.5,397.542,248.928,0.0,248.928,0.0,0.0,2.984,certain_cold
dronbreen-20220328-DAT_0227_A1_1,3065.0,541715.6,8673069.59,397.842,248.916,0.0,248.916,0.0,0.0,2.99,certain_cold
dronbreen-20220328-DAT_0227_A1_1,3070.0,541715.33,8673065.29,398.06,248.925,0.0,248.925,0.0,0.0,2.994,certain_cold
dronbreen-20220328-DAT_0227_A1_1,3075.0,541715.08,8673060.3,398.319,248.872,0.0,248.872,0.0,0.0,3.001,certain_cold
dronbreen-20220328-DAT_0227_A1_1,3080.0,541714.88,8673055.55,398.589,248.516,0.0,248.516,0.0,0.0,3.013,certain_cold
dronbreen-20220328-DAT_0227_A1_1,3085.0,541714.66,8673050.19,398.868,248.379,0.0,248.379,0.0,0.0,3.024,certain_cold
dronbreen-20220328-DAT_0227_A1_1,3090.0,541714.77,8673045.36,399.1,248.298,0.0,248.298,0.0,0.0,3.034,certain_cold
dronbreen-20220328-DAT_0227_A1_1,3095.0,541715.04,8673039.92,399.36,247.933,0.0,247.933,0.0,0.0,3.044,certain_cold
dronbreen-20220328-DAT_0227_A1_1,3100.0,541715.3,8673035.28,399.554,247.606,0.0,247.606,0.0,0.0,3.051,certain_cold
dronbreen-20220328-DAT_0227_A1_1,3105.0,541715.61,8673030.54,399.772,247.303,0.0,247.303,0.0,0.0,3.061,certain_cold
dronbreen-20220328-DAT_0227_A1_1,3110.0,541716.16,8673024.95,400.078,247.087,0.0,247.087,0.0,0.0,3.071,certain_cold
dronbreen-20220328-DAT_0227_A1_1,3115.0,541716.93,8673020.01,400.333,246.925,0.0,246.925,0.0,0.0,3.08,certain_cold
dronbreen-20220328-DAT_0227_A1_1,3120.0,541717.77,8673015.07,400.536,246.607,0.0,246.607,0.0,0.0,3.09,certain_cold
dronbreen-20220328-DAT_0227_A1_1,3125.0,541718.59,8673010.69,400.736,246.495,0.0,246.495,0.0,0.0,3.096,certain_cold
dronbreen-20220328-DAT_0227_A1_1,3130.0,541719.45,8673005.26,401.015,246.357,0.0,246.357,0.0,0.0,3.105,certain_cold
dronbreen-20220328-DAT_0227_A1_1,3135.0,541720.18,8673000.75,401.225,245.941,0.0,245.941,0.0,0.0,3.113,certain_cold
dronbreen-20220328-DAT_0227_A1_1,3140.0,541721.06,8672995.26,401.449,245.644,0.0,245.644,0.0,0.0,3.121,certain_cold
dronbreen-20220328-DAT_0227_A1_1,3145.0,541721.85,8672990.2,401.608,245.074,0.0,245.074,0.0,0.0,3.132,certain_cold
dronbreen-20220328-DAT_0227_A1_1,3150.0,541722.74,8672985.32,401.738,244.683,0.0,244.683,0.0,0.0,3.14,certain_cold
dronbreen-20220328-DAT_0227_A1_1,3155.0,541723.46,8672981.1,401.886,244.31,0.0,244.31,0.0,0.0,3.15,certain_cold
dronbreen-20220328-DAT_0227_A1_1,3160.0,541724.2,8672976.0,402.103,243.693,0.0,243.693,0.0,0.0,3.163,certain_cold
dronbreen-20220328-DAT_0227_A1_1,3165.0,541725.08,8672970.77,402.361,242.805,0.0,242.805,0.0,0.0,3.181,certain_cold
dronbreen-20220328-DAT_0227_A1_1,3170.0,541726.23,8672966.14,402.607,242.738,0.0,242.738,0.0,0.0,3.194,certain_cold
dronbreen-20220328-DAT_0227_A1_1,3175.0,541727.49,8672961.12,402.852,242.358,0.0,242.358,0.0,0.0,3.204,certain_cold
dronbreen-20220328-DAT_0227_A1_1,3180.0,541728.65,8672956.31,403.078,242.479,0.0,242.479,0.0,0.0,3.215,certain_cold
dronbreen-20220328-DAT_0227_A1_1,3185.0,541729.82,8672951.24,403.296,242.593,0.0,242.593,0.0,0.0,3.225,certain_cold
dronbreen-20220328-DAT_0227_A1_1,3190.0,541730.75,8672946.43,403.48,242.673,0.0,242.673,0.0,0.0,3.225,certain_cold
dronbreen-20220328-DAT_0227_A1_1,3195.0,541731.33,8672941.84,403.652,242.533,0.0,242.533,0.0,0.0,3.229,certain_cold
dronbreen-20220328-DAT_0227_A1_1,3200.0,541731.59,8672936.22,403.85,242.209,0.0,242.209,0.0,0.0,3.237,certain_cold
dronbreen-20220328-DAT_0227_A1_1,3205.0,541731.58,8672931.57,404.018,241.961,0.0,241.961,0.0,0.0,3.244,certain_cold
dronbreen-20220328-DAT_0227_A1_1,3210.0,541731.67,8672926.36,404.238,241.451,0.0,241.451,0.0,0.0,3.256,certain_cold
dronbreen-20220328-DAT_0227_A1_1,3215.0,541731.87,8672921.59,404.478,241.17,0.0,241.17,0.0,0.0,3.267,certain_cold
dronbreen-20220328-DAT_0227_A1_1,3220.0,541732.09,8672916.7,404.79,240.961,0.0,240.961,0.0,0.0,3.273,certain_cold
dronbreen-20220328-DAT_0227_A1_1,3225.0,541732.42,8672911.31,405.164,240.709,0.0,240.709,0.0,0.0,3.281,certain_cold
dronbreen-20220328-DAT_0227_A1_1,3230.0,541732.79,8672906.3,405.46,240.693,0.0,240.693,0.0,0.0,3.287,certain_cold
dronbreen-20220328-DAT_0227_A1_1,3235.0,541733.07,8672901.78,405.641,240.666,0.0,240.666,0.0,0.0,3.294,certain_cold
dronbreen-20220328-DAT_0227_A1_1,3240.0,541733.43,8672896.48,405.784,240.6,0.0,240.6,0.0,0.0,3.302,certain_cold
dronbreen-20220328-DAT_0227_A1_1,3245.0,541733.85,8672891.5,405.908,240.308,0.0,240.308,0.0,0.0,3.31,certain_cold
dronbreen-20220328-DAT_0227_A1_1,3250.0,541734.23,8672887.03,406.028,240.218,0.0,240.218,0.0,0.0,3.318,certain_cold
dronbreen-20220328-DAT_0227_A1_1,3255.0,541734.6,8672881.84,406.179,240.057,0.0,240.057,0.0,0.0,3.327,certain_cold
dronbreen-20220328-DAT_0227_A1_1,3260.0,541734.84,8672877.02,406.387,239.952,0.0,239.952,0.0,0.0,3.335,certain_cold
dronbreen-20220328-DAT_0227_A1_1,3265.0,541735.04,8672871.57,406.643,240.0,0.0,240.0,0.0,0.0,3.343,certain_cold
dronbreen-20220328-DAT_0227_A1_1,3270.0,541735.06,8672866.36,406.87,239.81,0.0,239.81,0.0,0.0,3.352,certain_cold
dronbreen-20220328-DAT_0227_A1_1,3275.0,541734.75,8672861.7,407.06,239.479,0.0,239.479,0.0,0.0,3.362,certain_cold
dronbreen-20220328-DAT_0227_A1_1,3280.0,541734.27,8672856.89,407.251,239.045,0.0,239.045,0.0,0.0,3.375,certain_cold
dronbreen-20220328-DAT_0227_A1_1,3285.0,541734.21,8672851.82,407.442,238.506,0.0,238.506,0.0,0.0,3.387,certain_cold
dronbreen-20220328-DAT_0227_A1_1,3290.0,541734.34,8672846.56,407.668,238.419,0.0,238.419,0.0,0.0,3.391,certain_cold
dronbreen-20220328-DAT_0227_A1_1,3295.0,541734.45,8672842.02,407.921,238.568,0.0,238.568,0.0,0.0,3.389,certain_cold
dronbreen-20220328-DAT_0227_A1_1,3300.0,541734.4,8672836.52,408.272,239.128,0.0,239.128,0.0,0.0,3.393,certain_cold
dronbreen-20220328-DAT_0227_A1_1,3305.0,541733.91,8672832.08,408.548,239.196,0.0,239.196,0.0,0.0,3.391,certain_cold
dronbreen-20220328-DAT_0227_A1_1,3310.0,541733.2,8672826.75,408.794,239.546,0.0,239.546,0.0,0.0,3.391,certain_cold
dronbreen-20220328-DAT_0227_A1_1,3315.0,541732.55,8672821.55,409.027,239.883,0.0,239.883,0.0,0.0,3.393,certain_cold
dronbreen-20220328-DAT_0227_A1_1,3320.0,541732.11,8672817.07,409.174,240.03,0.0,240.03,0.0,0.0,3.393,certain_cold
dronbreen-20220328-DAT_0227_A1_1,3325.0,541731.49,8672812.05,409.311,240.062,0.0,240.062,0.0,0.0,3.395,certain_cold
dronbreen-20220328-DAT_0227_A1_1,3330.0,541730.55,8672806.83,409.439,240.086,0.0,240.086,0.0,0.0,3.397,certain_cold
dronbreen-20220328-DAT_0227_A1_1,3335.0,541729.56,8672801.8,409.592,240.343,0.0,240.343,0.0,0.0,3.397,certain_cold
dronbreen-20220328-DAT_0227_A1_1,3340.0,541728.32,8672796.98,409.778,240.738,0.0,240.738,0.0,0.0,3.395,certain_cold
dronbreen-20220328-DAT_0227_A1_1,3345.0,541726.79,8672792.5,409.947,241.011,0.0,241.011,0.0,0.0,3.391,certain_cold
dronbreen-20220328-DAT_0227_A1_1,3350.0,541725.06,8672787.89,410.094,241.263,0.0,241.263,0.0,0.0,3.387,certain_cold
dronbreen-20220328-DAT_0227_A1_1,3355.0,541722.99,8672783.03,410.252,241.525,0.0,241.525,0.0,0.0,3.387,certain_cold
dronbreen-20220328-DAT_0227_A1_1,3360.0,541720.97,8672778.27,410.416,241.792,0.0,241.792,0.0,0.0,3.387,certain_cold
dronbreen-20220328-DAT_0227_A1_1,3365.0,541719.33,8672774.22,410.553,242.034,0.0,242.034,0.0,0.0,3.385,certain_cold
dronbreen-20220328-DAT_0227_A1_1,3370.0,541717.5,8672769.41,410.694,242.279,0.0,242.279,0.0,0.0,3.383,certain_cold
dronbreen-20220328-DAT_0227_A1_1,3375.0,541715.69,8672764.89,410.802,242.387,0.0,242.387,0.0,0.0,3.381,certain_cold
dronbreen-20220328-DAT_0227_A1_1,3380.0,541713.67,8672759.93,410.933,242.831,0.0,242.831,0.0,0.0,3.377,certain_cold
dronbreen-20220328-DAT_0227_A1_1,3385.0,541712.14,8672755.79,411.061,242.958,0.0,242.958,0.0,0.0,3.375,certain_cold
dronbreen-20220328-DAT_0227_A1_1,3390.0,541710.36,8672751.02,411.276,243.278,0.0,243.278,0.0,0.0,3.37,certain_cold
dronbreen-20220328-DAT_0227_A1_1,3395.0,541708.32,8672746.13,411.579,243.79,0.0,243.79,0.0,0.0,3.368,certain_cold
dronbreen-20220328-DAT_0227_A1_1,3400.0,541706.63,8672741.91,411.809,244.02,0.0,244.02,0.0,0.0,3.366,certain_cold
dronbreen-20220328-DAT_0227_A1_1,3405.0,541704.9,8672737.14,412.001,244.316,0.0,244.316,0.0,0.0,3.364,certain_cold
dronbreen-20220328-DAT_0227_A1_1,3410.0,541703.11,8672731.94,412.151,244.57,0.0,244.57,0.0,0.0,3.362,certain_cold
dronbreen-20220328-DAT_0227_A1_1,3415.0,541701.53,8672727.79,412.227,244.75,0.0,244.75,0.0,0.0,3.36,certain_cold
dronbreen-20220328-DAT_0227_A1_1,3420.0,541699.6,8672722.71,412.345,244.868,0.0,244.868,0.0,0.0,3.356,certain_cold
dronbreen-20220328-DAT_0227_A1_1,3425.0,541697.73,8672718.31,412.551,245.178,0.0,245.178,0.0,0.0,3.354,certain_cold
dronbreen-20220328-DAT_0227_A1_1,3430.0,541695.88,8672713.41,412.734,245.57,0.0,245.57,0.0,0.0,3.354,certain_cold
dronbreen-20220328-DAT_0227_A1_1,3435.0,541693.84,8672708.39,412.887,245.827,0.0,245.827,0.0,0.0,3.352,certain_cold
dronbreen-20220328-DAT_0227_A1_1,3440.0,541692.11,8672704.36,413.001,245.941,0.0,245.941,0.0,0.0,3.352,certain_cold
dronbreen-20220328-DAT_0227_A1_1,3445.0,541689.94,8672699.33,413.058,246.102,0.0,246.102,0.0,0.0,3.352,certain_cold
dronbreen-20220328-DAT_0227_A1_1,3450.0,541687.86,8672694.62,413.057,246.102,0.0,246.102,0.0,0.0,3.35,certain_cold
dronbreen-20220328-DAT_0227_A1_1,3455.0,541686.05,8672690.74,413.079,246.123,0.0,246.123,0.0,0.0,3.35,certain_cold
dronbreen-20220328-DAT_0227_A1_1,3460.0,541683.76,8672685.8,413.148,246.4,0.0,246.4,0.0,0.0,3.346,certain_cold
dronbreen-20220328-DAT_0227_A1_1,3465.0,541681.55,8672681.02,413.252,246.609,0.0,246.609,0.0,0.0,3.343,certain_cold
dronbreen-20220328-DAT_0227_A1_1,3470.0,541679.69,8672677.01,413.344,246.909,0.0,246.909,0.0,0.0,3.339,certain_cold
dronbreen-20220328-DAT_0227_A1_1,3475.0,541677.42,8672672.39,413.478,247.148,0.0,247.148,0.0,0.0,3.335,certain_cold
dronbreen-20220328-DAT_0227_A1_1,3480.0,541675.18,8672667.8,413.635,247.513,0.0,247.513,0.0,0.0,3.331,certain_cold
dronbreen-20220328-DAT_0227_A1_1,3485.0,541672.99,8672663.54,413.799,247.99,0.0,247.99,0.0,0.0,3.327,certain_cold
dronbreen-20220328-DAT_0227_A1_1,3490.0,541670.66,8672659.1,413.961,248.464,0.0,248.464,0.0,0.0,3.321,certain_cold
dronbreen-20220328-DAT_0227_A1_1,3495.0,541668.09,8672654.21,414.092,248.908,0.0,248.908,0.0,0.0,3.314,certain_cold
dronbreen-20220328-DAT_0227_A1_1,3500.0,541666.1,8672650.39,414.123,249.148,0.0,249.148,0.0,0.0,3.31,certain_cold
dronbreen-20220328-DAT_0227_A1_1,3505.0,541663.85,8672645.55,414.117,249.245,0.0,249.245,0.0,0.0,3.306,certain_cold
dronbreen-20220328-DAT_0227_A1_1,3510.0,541661.67,8672640.7,414.156,249.597,0.0,249.597,0.0,0.0,3.302,certain_cold
dronbreen-20220328-DAT_0227_A1_1,3515.0,541659.79,8672636.27,414.21,249.755,0.0,249.755,0.0,0.0,3.3,certain_cold
dronbreen-20220328-DAT_0227_A1_1,3520.0,541657.95,8672631.97,414.26,249.805,0.0,249.805,0.0,0.0,3.296,certain_cold
dronbreen-20220328-DAT_0227_A1_1,3525.0,541656.1,8672627.57,414.293,250.151,0.0,250.151,0.0,0.0,3.291,certain_cold
dronbreen-20220328-DAT_0227_A1_1,3530.0,541653.85,8672622.72,414.308,250.479,0.0,250.479,0.0,0.0,3.287,certain_cold
dronbreen-20220328-DAT_0227_A1_1,3535.0,541651.96,8672618.64,414.316,250.591,0.0,250.591,0.0,0.0,3.283,certain_cold
dronbreen-20220328-DAT_0227_A1_1,3540.0,541649.76,8672613.79,414.321,250.804,0.0,250.804,0.0,0.0,3.279,certain_cold
dronbreen-20220328-DAT_0227_A1_1,3545.0,541648.11,8672609.39,414.348,251.04,0.0,251.04,0.0,0.0,3.273,certain_cold
dronbreen-20220328-DAT_0227_A1_1,3550.0,541646.14,8672604.55,414.382,251.178,0.0,251.178,0.0,0.0,3.269,certain_cold
dronbreen-20220328-DAT_0227_A1_1,3555.0,541644.05,8672599.56,414.423,251.532,0.0,251.532,0.0,0.0,3.262,certain_cold
dronbreen-20220328-DAT_0227_A1_1,3560.0,541642.56,8672595.14,414.463,251.781,0.0,251.781,0.0,0.0,3.254,certain_cold
dronbreen-20220328-DAT_0227_A1_1,3565.0,541640.48,8672590.55,414.468,252.098,0.521,252.619,7.048,0.0,3.248,uncertain_cold
dronbreen-20220328-DAT_0227_A1_1,3570.0,541638.82,8672586.09,414.469,252.307,0.521,252.828,8.295,0.0,3.244,uncertain_cold
dronbreen-20220328-DAT_0227_A1_1,3575.0,541637.08,8672580.64,414.48,252.527,0.625,253.152,9.73,0.0,3.237,uncertain_cold
dronbreen-20220328-DAT_0227_A1_1,3580.0,541635.68,8672576.13,414.49,252.641,0.625,253.266,10.757,0.0,3.235,uncertain_cold
dronbreen-20220328-DAT_0227_A1_1,3585.0,541633.95,8672571.01,414.509,252.869,0.625,253.494,12.003,0.0,3.231,uncertain_cold
dronbreen-20220328-DAT_0227_A1_1,3590.0,541632.33,8672566.65,414.537,253.105,0.521,253.626,13.138,0.0,3.229,uncertain_cold
dronbreen-20220328-DAT_0227_A1_1,3595.0,541630.86,8672562.21,414.575,253.143,0.625,253.768,14.292,0.0,3.227,uncertain_cold
dronbreen-20220328-DAT_0227_A1_1,3600.0,541629.29,8672556.89,414.624,253.296,0.73,254.026,15.643,0.0,3.223,uncertain_cold
dronbreen-20220328-DAT_0227_A1_1,3605.0,541627.82,8672552.81,414.641,253.521,0.625,254.146,16.777,0.0,3.221,uncertain_cold
dronbreen-20220328-DAT_0227_A1_1,3610.0,541626.49,8672547.96,414.668,253.653,0.625,254.278,18.13,0.0,3.219,uncertain_cold
dronbreen-20220328-DAT_0227_A1_1,3615.0,541625.17,8672542.93,414.682,253.875,0.521,254.396,19.581,0.0,3.217,uncertain_cold
dronbreen-20220328-DAT_0227_A1_1,3620.0,541623.25,8672538.15,414.675,253.869,0.521,254.39,21.559,0.0,3.217,uncertain_cold
dronbreen-20220328-DAT_0227_A1_1,3625.0,541621.08,8672533.78,414.697,253.994,0.417,254.411,23.122,0.0,3.217,uncertain_cold
dronbreen-20220328-DAT_0227_A1_1,3630.0,541618.57,8672528.95,414.792,254.298,0.208,254.506,25.208,0.0,3.217,uncertain_cold
dronbreen-20220328-DAT_0227_A1_1,3635.0,541616.34,8672525.1,414.98,254.486,0.104,254.59,26.876,0.0,3.219,uncertain_cold
dronbreen-20220328-DAT_0227_A1_1,3640.0,541614.05,8672520.07,415.278,254.784,0.208,254.993,28.028,0.0,3.217,uncertain_cold
dronbreen-20220328-DAT_0227_A1_1,3645.0,541612.73,8672515.78,415.501,255.007,0.313,255.32,28.766,0.0,3.215,uncertain_cold
dronbreen-20220328-DAT_0227_A1_1,3650.0,541611.8,8672510.38,415.651,255.365,0.313,255.678,29.808,0.0,3.21,uncertain_cold
dronbreen-20220328-DAT_0227_A1_1,3655.0,541611.1,8672505.62,415.711,255.321,2.814,258.134,31.005,0.0,3.163,uncertain_temperate
dronbreen-20220328-DAT_0227_A1_1,3660.0,541610.15,8672501.15,415.768,255.274,5.107,260.38,31.447,0.0,3.119,uncertain_temperate
dronbreen-20220328-DAT_0227_A1_1,3665.0,541608.51,8672495.64,415.87,255.584,8.233,263.817,31.095,0.0,3.053,certain_temperate
dronbreen-20220328-DAT_0227_A1_1,3670.0,541606.87,8672491.76,415.979,255.797,10.63,266.427,27.379,0.0,3.003,certain_temperate
dronbreen-20220328-DAT_0227_A1_1,3675.0,541604.96,8672486.6,416.193,255.907,10.422,266.328,26.535,0.0,3.009,certain_temperate
dronbreen-20220328-DAT_0227_A1_1,3680.0,541603.16,8672481.58,416.465,256.075,12.298,268.373,27.679,0.0,2.974,certain_temperate
dronbreen-20220328-DAT_0227_A1_1,3685.0,541601.6,8672477.56,416.718,256.224,14.174,270.397,27.777,0.466,2.938,certain_temperate
dronbreen-20220328-DAT_0227_A1_1,3690.0,541599.68,8672472.76,417.006,256.408,15.945,272.353,28.398,2.451,2.905,certain_temperate
dronbreen-20220328-DAT_0227_A1_1,3695.0,541597.79,8672467.95,417.208,256.505,17.717,274.222,28.44,4.91,2.872,certain_temperate
dronbreen-20220328-DAT_0227_A1_1,3700.0,541596.11,8672463.75,417.357,256.55,18.655,275.205,28.621,6.813,2.855,certain_temperate
dronbreen-20220328-DAT_0227_A1_1,3705.0,541593.91,8672458.53,417.503,256.696,19.697,276.393,29.437,8.289,2.835,certain_temperate
dronbreen-20220328-DAT_0227_A1_1,3710.0,541592.01,8672454.0,417.631,256.824,20.843,277.668,30.045,9.974,2.812,certain_temperate
dronbreen-20220328-DAT_0227_A1_1,3715.0,541590.13,8672449.2,417.794,256.987,21.886,278.872,30.512,11.8,2.791,certain_temperate
dronbreen-20220328-DAT_0227_A1_1,3720.0,541588.7,8672444.78,417.986,257.283,22.719,280.003,31.208,12.772,2.772,certain_temperate
dronbreen-20220328-DAT_0227_A1_1,3725.0,541587.15,8672439.8,418.229,257.422,24.283,281.705,32.481,13.895,2.743,certain_temperate
dronbreen-20220328-DAT_0227_A1_1,3730.0,541585.74,8672435.2,418.491,257.684,26.054,283.739,32.996,15.673,2.708,certain_temperate
dronbreen-20220328-DAT_0227_A1_1,3735.0,541584.49,8672430.94,418.778,257.867,27.513,285.38,33.967,16.682,2.681,certain_temperate
dronbreen-20220328-DAT_0227_A1_1,3740.0,541582.89,8672425.62,419.13,258.115,29.806,287.921,34.412,18.843,2.638,certain_temperate
dronbreen-20220328-DAT_0227_A1_1,3745.0,541581.68,8672420.99,419.391,258.271,30.848,289.119,34.741,21.536,2.619,certain_temperate
dronbreen-20220328-DAT_0227_A1_1,3750.0,541580.43,8672416.24,419.636,258.516,31.369,289.886,36.21,22.569,2.609,certain_temperate
dronbreen-20220328-DAT_0227_A1_1,3755.0,541578.87,8672411.57,419.898,258.675,32.62,291.295,41.287,24.891,2.586,certain_temperate
dronbreen-20220328-DAT_0227_A1_1,3760.0,541577.24,8672407.02,420.153,258.824,33.975,292.799,42.456,25.806,2.561,certain_temperate
dronbreen-20220328-DAT_0227_A1_1,3765.0,541575.33,8672401.75,420.423,258.991,35.538,294.529,43.229,27.43,2.532,certain_temperate
dronbreen-20220328-DAT_0227_A1_1,3770.0,541573.58,8672397.23,420.655,259.222,36.476,295.698,43.46,28.658,2.513,certain_temperate
dronbreen-20220328-DAT_0227_A1_1,3775.0,541571.84,8672392.62,420.918,259.381,37.518,296.899,44.175,29.611,2.495,certain_temperate
dronbreen-20220328-DAT_0227_A1_1,3780.0,541570.23,8672388.24,421.156,259.619,38.456,298.076,45.115,30.338,2.476,certain_temperate
dronbreen-20220328-DAT_0227_A1_1,3785.0,541568.29,8672383.3,421.369,259.833,39.707,299.539,46.07,31.572,2.451,certain_temperate
dronbreen-20220328-DAT_0227_A1_1,3790.0,541566.49,8672378.59,421.518,259.981,40.957,300.938,46.642,33.188,2.426,certain_temperate
dronbreen-20220328-DAT_0227_A1_1,3795.0,541564.78,8672374.13,421.734,260.198,41.895,302.093,47.416,34.081,2.408,certain_temperate
dronbreen-20220328-DAT_0227_A1_1,3800.0,541562.73,8672368.98,422.059,260.627,43.25,303.877,48.335,35.664,2.379,certain_temperate
dronbreen-20220328-DAT_0227_A1_1,3805.0,541561.19,8672364.97,422.304,260.871,44.188,305.059,48.888,36.987,2.36,certain_temperate
dronbreen-20220328-DAT_0227_A1_1,3810.0,541559.06,8672359.94,422.613,260.972,45.647,306.62,50.544,38.144,2.335,certain_temperate
dronbreen-20220328-DAT_0227_A1_1,3815.0,541557.04,8672355.12,422.944,261.095,47.315,308.41,51.897,40.126,2.306,certain_temperate
dronbreen-20220328-DAT_0227_A1_1,3820.0,541555.38,8672351.08,423.249,261.505,48.357,309.861,52.648,41.564,2.283,certain_temperate
dronbreen-20220328-DAT_0227_A1_1,3825.0,541553.08,8672346.42,423.608,261.863,49.607,311.47,54.145,42.673,2.258,certain_temperate
dronbreen-20220328-DAT_0227_A1_1,3830.0,541550.82,8672341.38,423.969,262.432,50.858,313.29,54.508,44.498,2.229,certain_temperate
dronbreen-20220328-DAT_0227_A1_1,3835.0,541548.74,8672336.86,424.298,262.865,51.587,314.453,55.19,46.004,2.213,certain_temperate
dronbreen-20220328-DAT_0227_A1_1,3840.0,541546.59,8672332.51,424.599,263.167,52.734,315.901,56.462,47.13,2.19,certain_temperate
dronbreen-20220328-DAT_0227_A1_1,3845.0,541544.39,8672328.22,424.861,263.533,53.776,317.309,57.679,48.309,2.167,certain_temperate
dronbreen-20220328-DAT_0227_A1_1,3850.0,541541.92,8672323.31,425.215,263.887,55.027,318.913,58.828,49.766,2.143,certain_temperate
dronbreen-20220328-DAT_0227_A1_1,3855.0,541539.4,8672319.04,425.559,264.231,56.069,320.299,59.98,51.22,2.122,certain_temperate
dronbreen-20220328-DAT_0227_A1_1,3860.0,541536.9,8672314.82,425.9,264.572,57.215,321.787,61.007,52.902,2.099,certain_temperate
dronbreen-20220328-DAT_0227_A1_1,3865.0,541534.98,8672310.81,426.18,264.748,58.362,323.109,62.056,54.25,2.078,certain_temperate
dronbreen-20220328-DAT_0227_A1_1,3870.0,541533.16,8672306.41,426.506,265.178,59.3,324.478,63.106,55.181,2.058,certain_temperate
dronbreen-20220328-DAT_0227_A1_1,3875.0,541530.92,8672301.01,427.005,265.886,60.029,325.915,63.976,56.082,2.039,certain_temperate
dronbreen-20220328-DAT_0227_A1_1,3880.0,541529.37,8672296.96,427.35,266.23,60.863,327.093,64.981,56.745,2.023,certain_temperate
dronbreen-20220328-DAT_0227_A1_1,3885.0,541527.48,8672291.78,427.714,267.011,61.488,328.499,65.512,57.36,2.002,certain_temperate
dronbreen-20220328-DAT_0227_A1_1,3890.0,541526.04,8672287.6,427.966,267.68,61.801,329.481,66.321,57.176,1.988,certain_temperate
dronbreen-20220328-DAT_0227_A1_1,3895.0,541523.82,8672282.36,428.266,268.814,62.634,331.449,66.995,57.336,1.954,certain_temperate
dronbreen-20220328-DAT_0227_A1_1,3900.0,541522.23,8672278.34,428.504,269.573,63.156,332.728,66.378,58.37,1.934,certain_temperate
dronbreen-20220328-DAT_0227_A1_1,3905.0,541520.23,8672273.13,428.814,270.508,63.364,333.872,66.679,58.59,1.917,certain_temperate
dronbreen-20220328-DAT_0227_A1_1,3910.0,541518.43,8672268.3,429.13,271.658,63.572,335.231,67.374,58.833,1.897,certain_temperate
dronbreen-20220328-DAT_0227_A1_1,3915.0,541517.0,8672263.57,429.431,272.792,63.677,336.469,67.717,59.324,1.878,certain_temperate
dronbreen-20220328-DAT_0227_A1_1,3920.0,541515.57,8672259.03,429.738,273.725,63.885,337.61,68.1,59.462,1.862,certain_temperate
dronbreen-20220328-DAT_0227_A1_1,3925.0,541513.81,8672254.2,430.119,274.835,64.198,339.033,68.132,59.743,1.841,certain_temperate
dronbreen-20220328-DAT_0227_A1_1,3930.0,541512.01,8672250.36,430.461,275.699,64.302,340.001,68.178,60.009,1.829,certain_temperate
dronbreen-20220328-DAT_0227_A1_1,3935.0,541509.86,8672245.38,430.869,276.732,64.51,341.242,68.528,60.18,1.812,certain_temperate
dronbreen-20220328-DAT_0227_A1_1,3940.0,541507.89,8672240.93,431.215,277.703,64.719,342.422,68.621,60.504,1.796,certain_temperate
dronbreen-20220328-DAT_0227_A1_1,3945.0,541505.93,8672236.03,431.536,278.545,65.031,343.576,68.922,60.933,1.779,certain_temperate
dronbreen-20220328-DAT_0227_A1_1,3950.0,541503.95,8672230.95,431.86,279.703,65.031,344.735,68.754,61.205,1.763,certain_temperate
dronbreen-20220328-DAT_0227_A1_1,3955.0,541502.16,8672226.67,432.111,280.476,65.136,345.611,68.849,61.214,1.75,certain_temperate
dronbreen-20220328-DAT_0227_A1_1,3960.0,541500.51,8672222.14,432.389,281.378,65.344,346.722,69.266,60.901,1.734,certain_temperate
dronbreen-20220328-DAT_0227_A1_1,3965.0,541498.65,8672217.14,432.707,282.635,65.448,348.083,69.357,60.81,1.713,certain_temperate
dronbreen-20220328-DAT_0227_A1_1,3970.0,541496.88,8672212.68,433.041,283.802,65.448,349.25,69.156,60.802,1.697,certain_temperate
dronbreen-20220328-DAT_0227_A1_1,3975.0,541495.08,8672208.39,433.379,284.974,65.553,350.527,69.527,60.64,1.678,certain_temperate
dronbreen-20220328-DAT_0227_A1_1,3980.0,541493.25,8672203.47,433.72,286.149,65.761,351.91,69.618,60.549,1.658,certain_temperate
dronbreen-20220328-DAT_0227_A1_1,3985.0,541491.0,8672199.16,433.999,286.948,66.178,353.126,70.024,61.29,1.639,certain_temperate
dronbreen-20220328-DAT_0227_A1_1,3990.0,541489.09,8672194.57,434.176,288.064,66.282,354.346,69.75,61.981,1.619,certain_temperate
dronbreen-20220328-DAT_0227_A1_1,3995.0,541487.05,8672189.17,434.395,288.7,66.49,355.19,69.704,63.068,1.606,certain_temperate
dronbreen-20220328-DAT_0227_A1_1,4000.0,541485.32,8672184.78,434.644,289.47,66.386,355.856,69.681,63.509,1.598,certain_temperate
dronbreen-20220328-DAT_0227_A1_1,4005.0,541483.57,8672180.07,434.984,290.435,66.178,356.613,69.829,64.09,1.59,certain_temperate
dronbreen-20220328-DAT_0227_A1_1,4010.0,541481.99,8672175.99,435.287,291.259,65.969,357.228,69.672,62.475,1.584,certain_temperate
dronbreen-20220328-DAT_0227_A1_1,4015.0,541480.15,8672171.1,435.737,292.022,65.969,357.991,69.312,62.418,1.577,certain_temperate
dronbreen-20220328-DAT_0227_A1_1,4020.0,541478.32,8672166.33,436.25,292.847,65.865,358.712,69.308,62.63,1.573,certain_temperate
dronbreen-20220328-DAT_0227_A1_1,4025.0,541476.53,8672161.62,436.734,293.853,65.657,359.51,68.927,61.657,1.567,certain_temperate
dronbreen-20220328-DAT_0227_A1_1,4030.0,541474.76,8672156.68,437.132,294.876,65.344,360.22,68.296,59.995,1.561,certain_temperate
dronbreen-20220328-DAT_0227_A1_1,4035.0,541473.22,8672152.4,437.422,295.686,65.136,360.822,67.77,58.541,1.555,certain_temperate
dronbreen-20220328-DAT_0227_A1_1,4040.0,541471.47,8672147.69,437.713,296.395,65.031,361.427,67.21,57.538,1.549,certain_temperate
dronbreen-20220328-DAT_0227_A1_1,4045.0,541469.5,8672142.42,438.069,297.272,64.093,361.365,66.592,56.071,1.557,certain_temperate
dronbreen-20220328-DAT_0227_A1_1,4050.0,541467.92,8672138.21,438.606,298.225,63.989,362.215,66.23,54.662,1.551,certain_temperate
dronbreen-20220328-DAT_0227_A1_1,4055.0,541466.28,8672133.57,439.014,299.154,63.572,362.727,65.946,52.966,1.549,certain_temperate
dronbreen-20220328-DAT_0227_A1_1,4060.0,541464.76,8672128.85,439.377,300.456,61.592,362.048,66.786,48.478,1.569,certain_temperate
dronbreen-20220328-DAT_0227_A1_1,4065.0,541463.19,8672124.48,439.724,301.324,59.091,360.415,66.072,45.753,1.608,certain_temperate
dronbreen-20220328-DAT_0227_A1_1,4070.0,541461.05,8672119.46,439.924,302.149,56.381,358.53,64.938,44.073,1.649,certain_temperate
dronbreen-20220328-DAT_0227_A1_1,4075.0,541459.05,8672115.36,440.203,302.845,54.089,356.934,64.433,42.702,1.686,certain_temperate
dronbreen-20220328-DAT_0227_A1_1,4080.0,541456.77,8672110.55,440.785,303.948,51.275,355.223,63.101,40.803,1.732,certain_temperate
dronbreen-20220328-DAT_0227_A1_1,4085.0,541454.73,8672106.19,441.372,305.056,48.461,353.517,59.723,37.929,1.777,certain_temperate
dronbreen-20220328-DAT_0227_A1_1,4090.0,541452.59,8672101.52,441.848,306.262,44.084,350.346,53.557,37.008,1.849,certain_temperate
dronbreen-20220328-DAT_0227_A1_1,4095.0,541450.55,8672096.99,442.261,307.091,42.521,349.612,47.389,37.756,1.872,certain_temperate
dronbreen-20220328-DAT_0227_A1_1,4100.0,541448.62,8672092.43,442.664,307.911,40.853,348.764,46.383,34.49,1.897,certain_temperate
dronbreen-20220328-DAT_0227_A1_1,4105.0,541446.88,8672087.6,443.055,308.719,38.039,346.759,44.833,31.558,1.944,certain_temperate
dronbreen-20220328-DAT_0227_A1_1,4110.0,541445.3,8672083.05,443.403,309.797,35.642,345.439,41.673,30.341,1.977,certain_temperate
dronbreen-20220328-DAT_0227_A1_1,4115.0,541443.43,8672078.53,443.743,310.241,34.392,344.633,40.144,28.744,2.0,certain_temperate
dronbreen-20220328-DAT_0227_A1_1,4120.0,541441.01,8672073.43,443.934,310.848,32.516,343.364,38.597,25.184,2.029,certain_temperate
dronbreen-20220328-DAT_0227_A1_1,4125.0,541438.76,8672068.9,444.486,312.026,30.744,342.77,36.943,18.813,2.052,certain_temperate
dronbreen-20220328-DAT_0227_A1_1,4130.0,541436.7,8672064.61,444.978,313.248,28.555,341.803,34.876,17.233,2.081,certain_temperate
dronbreen-20220328-DAT_0227_A1_1,4135.0,541434.88,8672060.48,445.314,314.313,26.68,340.993,32.09,5.533,2.103,certain_temperate
dronbreen-20220328-DAT_0227_A1_1,4140.0,541432.93,8672055.5,445.716,315.758,24.283,340.04,29.032,0.669,2.13,certain_temperate
dronbreen-20220328-DAT_0227_A1_1,4145.0,541430.99,8672050.42,446.159,316.826,22.094,338.92,30.674,12.055,2.161,certain_temperate
dronbreen-20220328-DAT_0227_A1_1,4150.0,541429.44,8672046.34,446.517,317.705,19.697,337.402,30.045,9.245,2.198,certain_temperate
dronbreen-20220328-DAT_0227_A1_1,4155.0,541427.79,8672041.76,446.916,318.625,17.196,335.821,30.575,4.755,2.238,certain_temperate
dronbreen-20220328-DAT_0227_A1_1,4160.0,541425.66,8672036.27,447.372,319.811,12.506,332.317,25.802,2.441,2.316,certain_temperate
dronbreen-20220328-DAT_0227_A1_1,4165.0,541423.99,8672032.15,447.717,320.884,11.047,331.931,19.892,2.306,2.331,certain_temperate
dronbreen-20220328-DAT_0227_A1_1,4170.0,541422.28,8672027.94,448.063,321.752,12.506,334.258,17.055,0.245,2.292,certain_temperate
dronbreen-20220328-DAT_0227_A1_1,4175.0,541420.14,8672022.73,448.47,322.888,10.317,333.206,15.57,4.44,2.321,certain_temperate
dronbreen-20220328-DAT_0227_A1_1,4180.0,541418.33,8672018.29,448.828,324.08,7.816,331.897,12.347,2.765,2.354,certain_temperate
dronbreen-20220328-DAT_0227_A1_1,4185.0,541416.4,8672013.31,449.221,325.202,5.524,330.726,9.635,0.578,2.385,certain_temperate
dronbreen-20220328-DAT_0227_A1_1,4190.0,541414.87,8672009.04,449.585,326.4,3.648,330.048,6.839,0.0,2.405,uncertain_temperate
dronbreen-20220328-DAT_0227_A1_1,4195.0,541413.02,8672003.53,450.038,327.583,2.501,330.084,5.657,0.0,2.414,uncertain_temperate
dronbreen-20220328-DAT_0227_A1_1,4200.0,541411.72,8671999.53,450.372,328.438,0.521,328.96,3.959,0.0,2.443,uncertain_cold
dronbreen-20220328-DAT_0227_A1_1,4205.0,541410.13,8671995.0,450.761,329.452,0.0,329.452,0.0,0.0,2.43,certain_cold
dronbreen-20220328-DAT_0227_A1_1,4210.0,541408.45,8671990.36,451.191,330.403,0.0,330.403,0.0,0.0,2.42,certain_cold
dronbreen-20220328-DAT_0227_A1_1,4215.0,541406.6,8671985.52,451.65,331.904,0.0,331.904,0.0,0.0,2.408,certain_cold
dronbreen-20220328-DAT_0227_A1_1,4220.0,541404.54,8671980.38,452.124,333.108,0.0,333.108,0.0,0.0,2.391,certain_cold
dronbreen-20220328-DAT_0227_A1_1,4225.0,541402.63,8671976.04,452.507,333.908,0.0,333.908,0.0,0.0,2.383,certain_cold
dronbreen-20220328-DAT_0227_A1_1,4230.0,541400.76,8671971.76,452.881,334.907,0.0,334.907,0.0,0.0,2.379,certain_cold
dronbreen-20220328-DAT_0227_A1_1,4235.0,541398.57,8671966.85,453.332,336.296,0.0,336.296,0.0,0.0,2.364,certain_cold
dronbreen-20220328-DAT_0227_A1_1,4240.0,541396.52,8671962.4,453.767,337.356,0.0,337.356,0.0,0.0,2.354,certain_cold
dronbreen-20220328-DAT_0227_A1_1,4245.0,541394.33,8671957.55,454.257,338.159,0.0,338.159,0.0,0.0,2.341,certain_cold
dronbreen-20220328-DAT_0227_A1_1,4250.0,541392.41,8671953.14,454.71,338.925,0.0,338.925,0.0,0.0,2.331,certain_cold
dronbreen-20220328-DAT_0227_A1_1,4255.0,541390.56,8671948.68,455.195,339.931,0.0,339.931,0.0,0.0,2.321,certain_cold
dronbreen-20220328-DAT_0227_A1_1,4260.0,541388.68,8671943.84,455.784,341.041,0.0,341.041,0.0,0.0,2.31,certain_cold
dronbreen-20220328-DAT_0227_A1_1,4265.0,541386.77,8671938.7,456.418,341.883,0.0,341.883,0.0,0.0,2.298,certain_cold
dronbreen-20220328-DAT_0227_A1_1,4270.0,541385.24,8671934.5,456.949,342.519,0.0,342.519,0.0,0.0,2.296,certain_cold
dronbreen-20220328-DAT_0227_A1_1,4275.0,541383.52,8671930.23,457.495,343.377,0.0,343.377,0.0,0.0,2.296,certain_cold
dronbreen-20220328-DAT_0227_A1_1,4280.0,541381.36,8671925.01,458.161,344.252,0.0,344.252,0.0,0.0,2.287,certain_cold
dronbreen-20220328-DAT_0227_A1_1,4285.0,541379.56,8671920.71,458.713,345.533,0.0,345.533,0.0,0.0,2.279,certain_cold
dronbreen-20220328-DAT_0227_A1_1,4290.0,541377.65,8671916.4,459.247,346.484,0.0,346.484,0.0,0.0,2.269,certain_cold
dronbreen-20220328-DAT_0227_A1_1,4295.0,541375.32,8671911.15,459.865,347.623,0.0,347.623,0.0,0.0,2.252,certain_cold
dronbreen-20220328-DAT_0227_A1_1,4300.0,541373.5,8671907.09,460.333,348.612,0.0,348.612,0.0,0.0,2.242,certain_cold
dronbreen-20220328-DAT_0227_A1_1,4305.0,541371.62,8671902.55,460.811,349.611,0.0,349.611,0.0,0.0,2.227,certain_cold
dronbreen-20220328-DAT_0227_A1_1,4310.0,541369.88,8671897.55,461.238,350.768,0.0,350.768,0.0,0.0,2.225,certain_cold
dronbreen-20220328-DAT_0227_A1_1,4315.0,541368.11,8671892.8,461.516,352.192,0.0,352.192,0.0,0.0,2.203,certain_cold
dronbreen-20220328-DAT_0227_A1_1,4320.0,541366.26,8671888.34,461.824,353.23,0.0,353.23,0.0,0.0,2.188,certain_cold
dronbreen-20220328-DAT_0227_A1_1,4325.0,541363.86,8671883.78,462.279,354.31,0.0,354.31,0.0,0.0,2.176,certain_cold
dronbreen-20220328-DAT_0227_A1_1,4330.0,541361.44,8671879.68,462.608,355.264,0.0,355.264,0.0,0.0,2.167,certain_cold
dronbreen-20220328-DAT_0227_A1_1,4335.0,541358.3,8671875.14,463.071,356.144,0.0,356.144,0.0,0.0,2.159,certain_cold
dronbreen-20220328-DAT_0227_A1_1,4340.0,541355.97,8671871.77,463.456,356.738,0.0,356.738,0.0,0.0,2.157,certain_cold
dronbreen-20220328-DAT_0227_A1_1,4345.0,541352.59,8671867.12,463.982,357.576,0.0,357.576,0.0,0.0,2.155,certain_cold
dronbreen-20220328-DAT_0227_A1_1,4350.0,541349.7,8671863.22,464.38,358.287,0.0,358.287,0.0,0.0,2.14,certain_cold
dronbreen-20220328-DAT_0227_A1_1,4355.0,541346.76,8671859.0,464.803,358.919,0.0,358.919,0.0,0.0,2.136,certain_cold
dronbreen-20220328-DAT_0227_A1_1,4360.0,541344.16,8671855.09,465.162,359.486,0.0,359.486,0.0,0.0,2.134,certain_cold
dronbreen-20220328-DAT_0227_A1_1,4365.0,541341.69,8671851.16,465.507,359.831,0.0,359.831,0.0,0.0,2.132,certain_cold
dronbreen-20220328-DAT_0227_A1_1,4370.0,541339.07,8671846.67,465.893,360.321,0.0,360.321,0.0,0.0,2.132,certain_cold
dronbreen-20220328-DAT_0227_A1_1,4375.0,541336.42,8671842.25,466.325,360.753,0.0,360.753,0.0,0.0,2.13,certain_cold
dronbreen-20220328-DAT_0227_A1_1,4380.0,541334.01,8671838.35,466.748,361.281,0.0,361.281,0.0,0.0,2.13,certain_cold
dronbreen-20220328-DAT_0227_A1_1,4385.0,541331.0,8671833.58,467.274,361.806,0.0,361.806,0.0,0.0,2.128,certain_cold
dronbreen-20220328-DAT_0227_A1_1,4390.0,541328.22,8671829.16,467.751,362.387,0.0,362.387,0.0,0.0,2.128,certain_cold
dronbreen-20220328-DAT_0227_A1_1,4395.0,541325.91,8671825.59,468.092,362.729,0.0,362.729,0.0,0.0,2.126,certain_cold
dronbreen-20220328-DAT_0227_A1_1,4400.0,541322.77,8671820.61,468.517,363.258,0.0,363.258,0.0,0.0,2.124,certain_cold
dronbreen-20220328-DAT_0227_A1_1,4405.0,541320.28,8671816.82,468.814,363.659,0.0,363.659,0.0,0.0,2.124,certain_cold
dronbreen-20220328-DAT_0227_A1_1,4410.0,541317.73,8671812.64,469.181,364.026,0.0,364.026,0.0,0.0,2.122,certain_cold
dronbreen-20220328-DAT_0227_A1_1,4415.0,541315.14,8671808.66,469.332,364.281,0.0,364.281,0.0,0.0,2.122,certain_cold
dronbreen-20220328-DAT_0227_A1_1,4420.0,541312.17,8671804.35,469.697,364.646,0.0,364.646,0.0,0.0,2.12,certain_cold
dronbreen-20220328-DAT_0227_A1_1,4425.0,541309.28,8671800.47,470.164,365.217,0.0,365.217,0.0,0.0,2.118,certain_cold
dronbreen-20220328-DAT_0227_A1_1,4430.0,541306.33,8671796.66,470.611,365.665,0.0,365.665,0.0,0.0,2.118,certain_cold
dronbreen-20220328-DAT_0227_A1_1,4435.0,541302.6,8671792.08,471.043,366.201,0.0,366.201,0.0,0.0,2.116,certain_cold
dronbreen-20220328-DAT_0227_A1_1,4440.0,541299.7,8671788.46,471.305,366.567,0.0,366.567,0.0,0.0,2.116,certain_cold
dronbreen-20220328-DAT_0227_A1_1,4445.0,541296.68,8671784.27,471.587,366.849,0.0,366.849,0.0,0.0,2.114,certain_cold
dronbreen-20220328-DAT_0227_A1_1,4450.0,541294.21,8671780.66,471.818,367.08,0.0,367.08,0.0,0.0,2.114,certain_cold
dronbreen-20220328-DAT_0227_A1_1,4455.0,541291.16,8671776.47,472.145,367.511,0.0,367.511,0.0,0.0,2.112,certain_cold
dronbreen-20220328-DAT_0227_A1_1,4460.0,541287.96,8671771.9,472.562,367.824,0.0,367.824,0.0,0.0,2.112,certain_cold
dronbreen-20220328-DAT_0227_A1_1,4465.0,541285.1,8671767.85,472.968,368.23,0.0,368.23,0.0,0.0,2.112,certain_cold
dronbreen-20220328-DAT_0227_A1_1,4470.0,541282.71,8671764.3,473.234,368.6,0.0,368.6,0.0,0.0,2.112,certain_cold
dronbreen-20220328-DAT_0227_A1_1,4475.0,541279.75,8671759.74,473.503,368.869,0.0,368.869,0.0,0.0,2.109,certain_cold
dronbreen-20220328-DAT_0227_A1_1,4480.0,541276.9,8671755.81,473.758,369.228,0.0,369.228,0.0,0.0,2.109,certain_cold
dronbreen-20220328-DAT_0227_A1_1,4485.0,541273.92,8671751.5,473.973,369.548,0.0,369.548,0.0,0.0,2.112,certain_cold
dronbreen-20220328-DAT_0227_A1_1,4490.0,541270.89,8671747.19,474.109,369.788,0.0,369.788,0.0,0.0,2.112,certain_cold
dronbreen-20220328-DAT_0227_A1_1,4495.0,541268.35,8671743.71,474.369,370.152,0.0,370.152,0.0,0.0,2.109,certain_cold
dronbreen-20220328-DAT_0227_A1_1,4500.0,541265.09,8671739.32,474.711,370.598,0.0,370.598,0.0,0.0,2.109,certain_cold
dronbreen-20220328-DAT_0227_A1_1,4505.0,541262.63,8671735.4,475.06,370.947,0.0,370.947,0.0,0.0,2.105,certain_cold
dronbreen-20220328-DAT_0227_A1_1,4510.0,541260.32,8671731.36,475.525,371.516,0.0,371.516,0.0,0.0,2.103,certain_cold
dronbreen-20220328-DAT_0227_A1_1,4515.0,541257.99,8671726.51,475.995,372.09,0.0,372.09,0.0,0.0,2.099,certain_cold
dronbreen-20220328-DAT_0227_A1_1,4520.0,541256.11,8671722.17,476.422,372.518,0.0,372.518,0.0,0.0,2.095,certain_cold
dronbreen-20220328-DAT_0227_A1_1,4525.0,541254.28,8671717.65,476.883,373.083,0.0,373.083,0.0,0.0,2.093,certain_cold
dronbreen-20220328-DAT_0227_A1_1,4530.0,541252.0,8671712.69,477.357,373.766,0.0,373.766,0.0,0.0,2.091,certain_cold
dronbreen-20220328-DAT_0227_A1_1,4535.0,541249.52,8671708.45,477.647,374.16,0.0,374.16,0.0,0.0,2.091,certain_cold
dronbreen-20220328-DAT_0227_A1_1,4540.0,541246.89,8671703.65,478.003,374.619,0.0,374.619,0.0,0.0,2.089,certain_cold
dronbreen-20220328-DAT_0227_A1_1,4545.0,541245.27,8671699.63,478.478,375.199,0.0,375.199,0.0,0.0,2.087,certain_cold
dronbreen-20220328-DAT_0227_A1_1,4550.0,541243.33,8671694.42,479.094,375.919,0.0,375.919,0.0,0.0,2.083,certain_cold
dronbreen-20220328-DAT_0227_A1_1,4555.0,541241.8,8671690.36,479.539,376.573,0.0,376.573,0.0,0.0,2.078,certain_cold
dronbreen-20220328-DAT_0227_A1_1,4560.0,541239.82,8671685.2,480.081,377.323,0.0,377.323,0.0,0.0,2.074,certain_cold
dronbreen-20220328-DAT_0227_A1_1,4565.0,541237.91,8671680.92,480.554,378.005,0.0,378.005,0.0,0.0,2.072,certain_cold
dronbreen-20220328-DAT_0227_A1_1,4570.0,541235.98,8671676.52,481.061,378.72,0.0,378.72,0.0,0.0,2.07,certain_cold
dronbreen-20220328-DAT_0227_A1_1,4575.0,541233.98,8671671.51,481.625,379.493,0.0,379.493,0.0,0.0,2.068,certain_cold
dronbreen-20220328-DAT_0227_A1_1,4580.0,541231.96,8671666.53,482.165,380.241,0.0,380.241,0.0,0.0,2.062,certain_cold
dronbreen-20220328-DAT_0227_A1_1,4585.0,541230.18,8671662.38,482.651,380.831,0.0,380.831,0.0,0.0,2.058,certain_cold
dronbreen-20220328-DAT_0227_A1_1,4590.0,541228.01,8671657.85,483.224,381.404,0.0,381.404,0.0,0.0,2.054,certain_cold
dronbreen-20220328-DAT_0227_A1_1,4595.0,541225.78,8671653.61,483.741,381.921,0.0,381.921,0.0,0.0,2.054,certain_cold
dronbreen-20220328-DAT_0227_A1_1,4600.0,541222.96,8671648.7,484.411,382.591,0.0,382.591,0.0,0.0,2.056,certain_cold
dronbreen-20220328-DAT_0227_A1_1,4605.0,541220.78,8671644.6,484.851,382.927,0.0,382.927,0.0,0.0,2.056,certain_cold
dronbreen-20220328-DAT_0227_A1_1,4610.0,541218.75,8671640.57,485.273,383.348,0.0,383.348,0.0,0.0,2.056,certain_cold
dronbreen-20220328-DAT_0227_A1_1,4615.0,541216.5,8671635.54,485.942,384.122,0.0,384.122,0.0,0.0,2.056,certain_cold
dronbreen-20220328-DAT_0227_A1_1,4620.0,541214.21,8671631.19,486.619,384.695,0.0,384.695,0.0,0.0,2.056,certain_cold
dronbreen-20220328-DAT_0227_A1_1,4625.0,541211.74,8671627.02,487.306,385.799,0.0,385.799,0.0,0.0,2.056,certain_cold
dronbreen-20220328-DAT_0227_A1_1,4630.0,541209.04,8671622.38,488.004,386.392,0.0,386.392,0.0,0.0,2.056,certain_cold
dronbreen-20220328-DAT_0227_A1_1,4635.0,541207.01,8671618.5,488.492,386.776,0.0,386.776,0.0,0.0,2.054,certain_cold
dronbreen-20220328-DAT_0227_A1_1,4640.0,541204.61,8671613.82,489.074,387.358,0.0,387.358,0.0,0.0,2.054,certain_cold
dronbreen-20220328-DAT_0227_A1_1,4645.0,541202.18,8671609.67,489.607,387.996,0.0,387.996,0.0,0.0,2.052,certain_cold
dronbreen-20220328-DAT_0227_A1_1,4650.0,541199.43,8671604.92,490.202,388.695,0.0,388.695,0.0,0.0,2.05,certain_cold
dronbreen-20220328-DAT_0227_A1_1,4655.0,541197.18,8671601.02,490.645,389.137,0.0,389.137,0.0,0.0,2.047,certain_cold
dronbreen-20220328-DAT_0227_A1_1,4660.0,541194.56,8671596.53,491.152,389.645,0.0,389.645,0.0,0.0,2.045,certain_cold
dronbreen-20220328-DAT_0227_A1_1,4665.0,541192.0,8671591.71,491.76,390.356,0.0,390.356,0.0,0.0,2.043,certain_cold
dronbreen-20220328-DAT_0227_A1_1,4670.0,541189.94,8671587.65,492.317,391.018,0.0,391.018,0.0,0.0,2.041,certain_cold
dronbreen-20220328-DAT_0227_A1_1,4675.0,541187.8,8671583.11,493.017,391.822,0.0,391.822,0.0,0.0,2.039,certain_cold
dronbreen-20220328-DAT_0227_A1_1,4680.0,541185.84,8671578.77,493.662,392.468,0.0,392.468,0.0,0.0,2.039,certain_cold
dronbreen-20220328-DAT_0227_A1_1,4685.0,541183.65,8671573.31,494.406,393.42,0.0,393.42,0.0,0.0,2.037,certain_cold
dronbreen-20220328-DAT_0227_A1_1,4690.0,541181.77,8671568.79,495.019,394.137,0.0,394.137,0.0,0.0,2.033,certain_cold
dronbreen-20220328-DAT_0227_A1_1,4695.0,541179.68,8671564.26,495.618,395.049,0.0,395.049,0.0,0.0,2.029,certain_cold
dronbreen-20220328-DAT_0227_A1_1,4700.0,541178.07,8671560.49,496.084,395.723,0.0,395.723,0.0,0.0,2.025,certain_cold
dronbreen-20220328-DAT_0227_A1_1,4705.0,541176.12,8671555.59,496.602,396.345,0.0,396.345,0.0,0.0,2.021,certain_cold
dronbreen-20220328-DAT_0227_A1_1,4710.0,541174.18,8671550.8,497.063,397.119,0.0,397.119,0.0,0.0,2.016,certain_cold
dronbreen-20220328-DAT_0227_A1_1,4715.0,541172.36,8671545.69,497.603,397.971,0.0,397.971,0.0,0.0,2.008,certain_cold
dronbreen-20220328-DAT_0227_A1_1,4720.0,541170.8,8671541.28,498.146,398.723,0.0,398.723,0.0,0.0,2.004,certain_cold
dronbreen-20220328-DAT_0227_A1_1,4725.0,541169.16,8671537.04,498.75,399.64,0.0,399.64,0.0,0.0,2.0,certain_cold
dronbreen-20220328-DAT_0227_A1_1,4730.0,541167.26,8671532.24,499.391,400.489,0.0,400.489,0.0,0.0,1.996,certain_cold
dronbreen-20220328-DAT_0227_A1_1,4735.0,541165.44,8671527.13,499.944,401.563,0.0,401.563,0.0,0.0,1.988,certain_cold
dronbreen-20220328-DAT_0227_A1_1,4740.0,541163.87,8671523.02,500.368,402.196,0.0,402.196,0.0,0.0,1.981,certain_cold
dronbreen-20220328-DAT_0227_A1_1,4745.0,541161.69,8671518.07,500.87,403.011,0.0,403.011,0.0,0.0,1.977,certain_cold
dronbreen-20220328-DAT_0227_A1_1,4750.0,541160.07,8671513.6,501.34,403.689,0.0,403.689,0.0,0.0,1.973,certain_cold
dronbreen-20220328-DAT_0227_A1_1,4755.0,541158.62,8671508.16,501.983,404.645,0.0,404.645,0.0,0.0,1.969,certain_cold
dronbreen-20220328-DAT_0227_A1_1,4760.0,541157.43,8671503.47,502.548,405.522,0.0,405.522,0.0,0.0,1.965,certain_cold
dronbreen-20220328-DAT_0227_A1_1,4765.0,541156.12,8671499.4,503.046,406.332,0.0,406.332,0.0,0.0,1.961,certain_cold
dronbreen-20220328-DAT_0227_A1_1,4770.0,541154.18,8671494.25,503.711,407.206,0.0,407.206,0.0,0.0,1.954,certain_cold
dronbreen-20220328-DAT_0227_A1_1,4775.0,541152.43,8671490.1,504.249,407.744,0.0,407.744,0.0,0.0,1.95,certain_cold
dronbreen-20220328-DAT_0227_A1_1,4780.0,541150.44,8671485.57,504.825,408.32,0.0,408.32,0.0,0.0,1.948,certain_cold
dronbreen-20220328-DAT_0227_A1_1,4785.0,541148.22,8671480.85,505.461,409.06,0.0,409.06,0.0,0.0,1.946,certain_cold
dronbreen-20220328-DAT_0227_A1_1,4790.0,541146.08,8671476.14,506.108,409.812,0.0,409.812,0.0,0.0,1.944,certain_cold
dronbreen-20220328-DAT_0227_A1_1,4795.0,541144.18,8671471.19,506.7,410.508,0.0,410.508,0.0,0.0,1.942,certain_cold
dronbreen-20220328-DAT_0227_A1_1,4800.0,541142.67,8671466.73,507.183,411.095,0.0,411.095,0.0,0.0,1.94,certain_cold
dronbreen-20220328-DAT_0227_A1_1,4805.0,541140.8,8671461.62,507.83,411.846,0.0,411.846,0.0,0.0,1.938,certain_cold
dronbreen-20220328-DAT_0227_A1_1,4810.0,541139.12,8671457.44,508.342,412.566,0.0,412.566,0.0,0.0,1.934,certain_cold
dronbreen-20220328-DAT_0227_A1_1,4815.0,541137.11,8671452.97,508.878,413.103,0.0,413.103,0.0,0.0,1.934,certain_cold
dronbreen-20220328-DAT_0227_A1_1,4820.0,541134.54,8671447.87,509.503,413.519,0.0,413.519,0.0,0.0,1.938,certain_cold
dronbreen-20220328-DAT_0227_A1_1,4825.0,541132.54,8671443.78,509.989,413.796,0.0,413.796,0.0,0.0,1.942,certain_cold
dronbreen-20220328-DAT_0227_A1_1,4830.0,541130.33,8671439.0,510.55,414.358,0.0,414.358,0.0,0.0,1.942,certain_cold
dronbreen-20220328-DAT_0227_A1_1,4835.0,541128.4,8671434.22,511.107,414.706,0.0,414.706,0.0,0.0,1.946,certain_cold
dronbreen-20220328-DAT_0227_A1_1,4840.0,541126.35,8671429.44,511.667,415.058,0.0,415.058,0.0,0.0,1.948,certain_cold
dronbreen-20220328-DAT_0227_A1_1,4845.0,541124.52,8671425.84,512.076,415.467,0.0,415.467,0.0,0.0,1.942,certain_cold
dronbreen-20220328-DAT_0227_A1_1,4850.0,541121.69,8671420.49,512.644,415.93,0.0,415.93,0.0,0.0,1.944,certain_cold
dronbreen-20220328-DAT_0227_A1_1,4855.0,541119.95,8671417.09,513.0,416.286,0.0,416.286,0.0,0.0,1.946,certain_cold
dronbreen-20220328-DAT_0227_A1_1,4860.0,541117.87,8671412.56,513.47,416.653,0.0,416.653,0.0,0.0,1.946,certain_cold
dronbreen-20220328-DAT_0227_A1_1,4865.0,541115.47,8671406.91,514.076,417.258,0.0,417.258,0.0,0.0,1.948,certain_cold
dronbreen-20220328-DAT_0227_A1_1,4870.0,541113.46,8671402.38,514.563,417.849,0.0,417.849,0.0,0.0,1.952,certain_cold
dronbreen-20220328-DAT_0227_A1_1,4875.0,541111.74,8671398.56,514.956,418.034,0.0,418.034,0.0,0.0,1.952,certain_cold
dronbreen-20220328-DAT_0227_A1_1,4880.0,541109.38,8671393.37,515.462,418.436,0.0,418.436,0.0,0.0,1.959,certain_cold
dronbreen-20220328-DAT_0227_A1_1,4885.0,541107.54,8671389.54,515.825,418.695,0.0,418.695,0.0,0.0,1.961,certain_cold
dronbreen-20220328-DAT_0227_A1_1,4890.0,541105.25,8671385.01,516.222,418.779,0.0,418.779,0.0,0.0,1.965,uncertain_cold
dronbreen-20220328-DAT_0227_A1_1,4895.0,541102.93,8671380.66,516.573,419.026,0.0,419.026,0.0,0.0,1.969,uncertain_cold
dronbreen-20220328-DAT_0227_A1_1,4900.0,541100.33,8671375.92,516.934,419.283,0.0,419.283,0.0,0.0,1.971,uncertain_cold
dronbreen-20220328-DAT_0227_A1_1,4905.0,541098.04,8671371.76,517.255,419.499,0.0,419.499,0.0,0.0,1.973,uncertain_cold
dronbreen-20220328-DAT_0227_A1_1,4910.0,541095.39,8671367.4,517.592,419.732,0.0,419.732,6.251,0.0,1.975,uncertain_cold
dronbreen-20220328-DAT_0227_A1_1,4915.0,541092.74,8671363.1,517.92,420.06,0.0,420.06,6.46,0.0,1.975,uncertain_cold
dronbreen-20220328-DAT_0227_A1_1,4920.0,541090.16,8671359.16,518.188,420.224,0.0,420.224,6.784,0.0,1.977,uncertain_cold
dronbreen-20220328-DAT_0227_A1_1,4925.0,541087.12,8671354.68,518.471,420.402,0.0,420.402,7.089,0.0,1.979,uncertain_cold
dronbreen-20220328-DAT_0227_A1_1,4930.0,541084.3,8671350.68,518.683,420.511,0.104,420.615,7.883,0.0,1.979,uncertain_cold
dronbreen-20220328-DAT_0227_A1_1,4935.0,541081.36,8671346.5,518.867,420.695,1.459,422.154,8.55,0.0,1.952,uncertain_temperate
dronbreen-20220328-DAT_0227_A1_1,4940.0,541078.74,8671342.51,519.023,420.642,2.189,422.83,8.067,0.0,1.942,uncertain_temperate
dronbreen-20220328-DAT_0227_A1_1,4945.0,541075.93,8671338.33,519.167,420.89,2.084,422.975,8.091,0.0,1.942,uncertain_temperate
dronbreen-20220328-DAT_0227_A1_1,4950.0,541073.01,8671334.09,519.314,421.037,2.084,423.121,8.299,0.0,1.942,uncertain_temperate
dronbreen-20220328-DAT_0227_A1_1,4955.0,541070.45,8671330.44,519.441,420.955,2.293,423.248,10.876,0.0,1.942,uncertain_temperate
dronbreen-20220328-DAT_0227_A1_1,4960.0,541066.99,8671326.01,519.582,421.201,5.523,426.725,12.394,0.0,1.876,uncertain_temperate
dronbreen-20220328-DAT_0227_A1_1,4965.0,541063.75,8671321.96,519.692,421.415,6.357,427.772,11.345,0.0,1.857,uncertain_temperate
dronbreen-20220328-DAT_0227_A1_1,4970.0,541060.57,8671318.32,519.745,421.573,6.983,428.555,12.481,0.0,1.843,uncertain_temperate
dronbreen-20220328-DAT_0227_A1_1,4975.0,541057.06,8671314.81,519.728,421.556,7.921,429.476,12.572,0.0,1.824,uncertain_temperate
dronbreen-20220328-DAT_0227_A1_1,4980.0,541053.48,8671311.59,519.668,421.391,8.754,430.145,13.242,0.0,1.81,uncertain_temperate
dronbreen-20220328-DAT_0227_A1_1,4985.0,541049.98,8671308.51,519.584,421.203,9.588,430.791,14.196,0.0,1.796,uncertain_temperate
dronbreen-20220328-DAT_0227_A1_1,4990.0,541045.93,8671304.72,519.49,421.213,10.526,431.739,15.186,0.0,1.775,uncertain_temperate
dronbreen-20220328-DAT_0227_A1_1,4995.0,541042.16,8671301.01,519.401,421.333,11.255,432.588,15.547,0.0,1.756,uncertain_temperate
dronbreen-20220328-DAT_0227_A1_1,5000.0,541038.49,8671297.49,519.325,421.256,11.985,433.241,16.005,0.0,1.742,uncertain_temperate
dronbreen-20220328-DAT_0227_A1_1,5005.0,541035.32,8671294.48,519.248,421.284,12.61,433.895,16.593,0.0,1.728,uncertain_temperate
dronbreen-20220328-DAT_0227_A1_1,5010.0,541032.0,8671291.34,519.173,421.209,13.444,434.653,17.143,0.0,1.711,uncertain_temperate
dronbreen-20220328-DAT_0227_A1_1,5015.0,541027.68,8671287.57,519.073,421.213,14.382,435.595,17.357,0.0,1.691,uncertain_temperate
dronbreen-20220328-DAT_0227_A1_1,5020.0,541024.36,8671284.59,519.008,421.148,15.111,436.259,17.371,0.0,1.676,certain_temperate
dronbreen-20220328-DAT_0227_A1_1,5025.0,541020.42,8671280.63,518.988,421.128,15.633,436.76,18.465,0.0,1.666,certain_temperate
dronbreen-20220328-DAT_0227_A1_1,5030.0,541017.16,8671277.3,518.993,421.133,15.945,437.078,19.068,0.0,1.66,certain_temperate
dronbreen-20220328-DAT_0227_A1_1,5035.0,541013.86,8671274.05,518.977,421.117,15.737,436.854,19.962,0.0,1.664,certain_temperate
dronbreen-20220328-DAT_0227_A1_1,5040.0,541010.04,8671270.07,518.967,421.107,15.528,436.635,20.982,0.0,1.668,uncertain_temperate
dronbreen-20220328-DAT_0227_A1_1,5045.0,541006.58,8671266.74,518.949,420.88,15.633,436.513,22.026,0.0,1.67,uncertain_temperate
dronbreen-20220328-DAT_0227_A1_1,5050.0,541002.66,8671263.2,518.932,420.655,15.633,436.288,23.385,0.0,1.674,uncertain_temperate
dronbreen-20220328-DAT_0227_A1_1,5055.0,540999.22,8671260.07,518.94,420.56,15.633,436.192,24.325,0.0,1.676,uncertain_temperate
dronbreen-20220328-DAT_0227_A1_1,5060.0,540995.3,8671256.41,518.974,420.489,15.528,436.017,25.501,0.0,1.68,uncertain_temperate
dronbreen-20220328-DAT_0227_A1_1,5065.0,540991.59,8671253.51,518.97,420.484,15.32,435.804,25.818,0.0,1.684,uncertain_temperate
dronbreen-20220328-DAT_0227_A1_1,5070.0,540987.24,8671250.58,518.923,420.23,15.32,435.55,26.447,0.0,1.688,uncertain_temperate
dronbreen-20220328-DAT_0227_A1_1,5075.0,540983.98,8671247.63,518.937,420.139,15.216,435.355,25.93,0.0,1.693,uncertain_temperate
dronbreen-20220328-DAT_0227_A1_1,5080.0,540979.89,8671243.85,518.978,419.972,15.216,435.188,24.658,0.0,1.697,uncertain_temperate
dronbreen-20220328-DAT_0227_A1_1,5085.0,540976.52,8671240.58,519.041,419.931,15.216,435.146,23.826,0.0,1.699,uncertain_temperate
dronbreen-20220328-DAT_0227_A1_1,5090.0,540972.67,8671236.74,519.14,419.821,15.216,435.037,22.605,0.0,1.703,uncertain_temperate
dronbreen-20220328-DAT_0227_A1_1,5095.0,540969.38,8671233.23,519.278,419.75,15.216,434.966,21.567,0.0,1.707,uncertain_temperate
dronbreen-20220328-DAT_0227_A1_1,5100.0,540965.76,8671229.09,519.444,419.604,15.32,434.924,21.441,0.0,1.711,uncertain_temperate
dronbreen-20220328-DAT_0227_A1_1,5105.0,540962.34,8671226.19,519.532,419.588,15.32,434.907,21.321,0.0,1.713,uncertain_temperate
dronbreen-20220328-DAT_0227_A1_1,5110.0,540958.86,8671222.92,519.632,419.376,15.528,434.904,21.323,0.0,1.715,uncertain_temperate
dronbreen-20220328-DAT_0227_A1_1,5115.0,540954.64,8671218.98,519.776,419.206,16.154,435.36,21.317,0.0,1.709,uncertain_temperate
dronbreen-20220328-DAT_0227_A1_1,5120.0,540951.22,8671215.53,519.912,419.134,15.841,434.975,21.382,0.0,1.719,uncertain_temperate
dronbreen-20220328-DAT_0227_A1_1,5125.0,540947.83,8671212.35,519.989,419.003,15.633,434.635,20.511,0.0,1.728,uncertain_temperate
dronbreen-20220328-DAT_0227_A1_1,5130.0,540944.08,8671208.7,519.931,418.736,15.633,434.369,19.611,0.0,1.732,uncertain_temperate
dronbreen-20220328-DAT_0227_A1_1,5135.0,540940.26,8671205.24,519.966,418.563,15.633,434.196,18.756,0.0,1.736,uncertain_temperate
dronbreen-20220328-DAT_0227_A1_1,5140.0,540936.94,8671201.81,520.099,418.384,15.841,434.225,18.341,0.0,1.738,uncertain_temperate
dronbreen-20220328-DAT_0227_A1_1,5145.0,540933.42,8671197.96,520.29,418.366,15.841,434.207,17.985,0.0,1.742,uncertain_temperate
dronbreen-20220328-DAT_0227_A1_1,5150.0,540930.45,8671194.39,520.465,418.228,15.841,434.069,18.157,0.0,1.748,uncertain_temperate
dronbreen-20220328-DAT_0227_A1_1,5155.0,540927.44,8671190.7,520.65,418.101,15.216,433.316,18.485,0.0,1.767,uncertain_temperate
dronbreen-20220328-DAT_0227_A1_1,5160.0,540924.22,8671186.59,520.841,417.875,14.382,432.257,18.663,0.0,1.791,uncertain_temperate
dronbreen-20220328-DAT_0227_A1_1,5165.0,540921.28,8671182.89,520.995,418.133,12.923,431.055,17.948,0.0,1.818,uncertain_temperate
dronbreen-20220328-DAT_0227_A1_1,5170.0,540917.9,8671178.69,521.095,418.233,11.672,429.905,16.954,0.0,1.843,uncertain_temperate
dronbreen-20220328-DAT_0227_A1_1,5175.0,540914.76,8671174.69,521.181,418.006,10.943,428.948,16.171,0.0,1.864,uncertain_temperate
dronbreen-20220328-DAT_0227_A1_1,5180.0,540912.02,8671171.35,521.262,417.879,10.63,428.509,15.652,0.0,1.874,uncertain_temperate
dronbreen-20220328-DAT_0227_A1_1,5185.0,540908.51,8671167.15,521.415,417.614,10.317,427.932,15.456,0.0,1.888,uncertain_temperate
dronbreen-20220328-DAT_0227_A1_1,5190.0,540905.42,8671163.55,521.584,417.367,10.213,427.58,15.427,0.0,1.899,uncertain_temperate
dronbreen-20220328-DAT_0227_A1_1,5195.0,540901.72,8671159.59,521.757,417.019,9.901,426.92,15.127,0.0,1.915,uncertain_temperate
dronbreen-20220328-DAT_0227_A1_1,5200.0,540898.6,8671156.52,521.923,416.768,9.796,426.564,18.255,0.0,1.926,uncertain_temperate
dronbreen-20220328-DAT_0227_A1_1,5205.0,540894.54,8671152.86,522.056,416.484,5.836,422.32,19.04,0.0,2.012,uncertain_temperate
dronbreen-20220328-DAT_0227_A1_1,5210.0,540890.5,8671149.2,522.113,416.124,4.69,420.814,15.574,0.0,2.043,uncertain_temperate
dronbreen-20220328-DAT_0227_A1_1,5215.0,540887.36,8671145.94,522.123,415.822,3.96,419.782,15.214,0.0,2.064,uncertain_temperate
dronbreen-20220328-DAT_0227_A1_1,5220.0,540883.62,8671142.2,522.152,415.434,3.127,418.56,15.302,0.0,2.089,uncertain_temperate
dronbreen-20220328-DAT_0227_A1_1,5225.0,540880.1,8671138.73,522.163,415.028,2.293,417.32,14.934,0.0,2.114,uncertain_temperate
dronbreen-20220328-DAT_0227_A1_1,5230.0,540877.13,8671135.77,522.202,414.754,1.563,416.317,14.438,0.0,2.134,uncertain_temperate
dronbreen-20220328-DAT_0227_A1_1,5235.0,540873.34,8671131.74,522.248,414.383,1.251,415.634,7.797,0.0,2.149,uncertain_temperate
dronbreen-20220328-DAT_0227_A1_1,5240.0,540869.86,8671128.35,522.158,413.981,1.146,415.127,6.403,0.0,2.157,uncertain_temperate
dronbreen-20220328-DAT_0227_A1_1,5245.0,540865.89,8671124.17,522.138,413.544,1.146,414.691,5.473,0.0,2.165,uncertain_temperate
dronbreen-20220328-DAT_0227_A1_1,5250.0,540862.72,8671120.72,522.129,413.327,0.938,414.264,4.692,0.0,2.174,uncertain_cold
dronbreen-20220328-DAT_0227_A1_1,5255.0,540859.06,8671116.92,522.171,413.576,0.0,413.576,0.0,0.0,2.184,certain_cold
dronbreen-20220328-DAT_0227_A1_1,5260.0,540855.72,8671113.16,522.356,412.72,0.0,412.72,0.0,0.0,2.19,certain_cold
dronbreen-20220328-DAT_0227_A1_1,5265.0,540852.57,8671109.4,522.504,412.555,0.0,412.555,0.0,0.0,2.203,certain_cold
dronbreen-20220328-DAT_0227_A1_1,5270.0,540849.62,8671105.9,522.487,412.225,0.0,412.225,0.0,0.0,2.209,certain_cold
dronbreen-20220328-DAT_0227_A1_1,5275.0,540846.68,8671102.46,522.348,411.878,0.0,411.878,0.0,0.0,2.225,certain_cold
dronbreen-20220328-DAT_0227_A1_1,5280.0,540842.94,8671098.26,522.331,411.444,0.0,411.444,0.0,0.0,2.234,certain_cold
dronbreen-20220328-DAT_0227_A1_1,5285.0,540839.94,8671094.81,522.295,411.199,0.0,411.199,0.0,0.0,2.238,certain_cold
dronbreen-20220328-DAT_0227_A1_1,5290.0,540836.6,8671090.81,522.323,410.915,0.0,410.915,0.0,0.0,2.244,certain_cold
dronbreen-20220328-DAT_0227_A1_1,5295.0,540833.16,8671087.11,522.356,410.636,0.0,410.636,0.0,0.0,2.25,certain_cold
dronbreen-20220328-DAT_0227_A1_1,5300.0,540830.05,8671083.63,522.268,410.13,0.0,410.13,0.0,0.0,2.258,certain_cold
dronbreen-20220328-DAT_0227_A1_1,5305.0,540826.54,8671079.4,522.217,409.559,0.0,409.559,0.0,0.0,2.269,certain_cold
dronbreen-20220328-DAT_0227_A1_1,5310.0,540823.64,8671075.71,522.367,409.395,0.0,409.395,0.0,0.0,2.275,certain_cold
dronbreen-20220328-DAT_0227_A1_1,5315.0,540820.63,8671071.9,522.582,409.298,0.0,409.298,0.0,0.0,2.281,certain_cold
dronbreen-20220328-DAT_0227_A1_1,5320.0,540817.17,8671067.7,522.846,409.041,0.0,409.041,0.0,0.0,2.294,certain_cold
dronbreen-20220328-DAT_0227_A1_1,5325.0,540813.84,8671063.69,523.103,408.673,0.0,408.673,0.0,0.0,2.304,certain_cold
dronbreen-20220328-DAT_0227_A1_1,5330.0,540811.09,8671060.21,523.315,408.363,0.0,408.363,0.0,0.0,2.314,certain_cold
dronbreen-20220328-DAT_0227_A1_1,5335.0,540807.94,8671056.56,523.538,407.857,0.0,407.857,0.0,0.0,2.329,certain_cold
dronbreen-20220328-DAT_0227_A1_1,5340.0,540804.88,8671052.81,523.755,407.553,0.0,407.553,0.0,0.0,2.339,certain_cold
dronbreen-20220328-DAT_0227_A1_1,5345.0,540801.39,8671048.98,523.958,407.131,0.0,407.131,0.0,0.0,2.352,certain_cold
dronbreen-20220328-DAT_0227_A1_1,5350.0,540797.83,8671045.03,524.163,406.919,0.0,406.919,0.0,0.0,2.36,certain_cold
dronbreen-20220328-DAT_0227_A1_1,5355.0,540794.42,8671041.33,524.335,406.466,0.0,406.466,0.0,0.0,2.372,certain_cold
dronbreen-20220328-DAT_0227_A1_1,5360.0,540791.26,8671037.88,524.486,406.096,0.0,406.096,0.0,0.0,2.381,certain_cold
dronbreen-20220328-DAT_0227_A1_1,5365.0,540788.31,8671034.07,524.644,405.628,0.0,405.628,0.0,0.0,2.391,certain_cold
dronbreen-20220328-DAT_0227_A1_1,5370.0,540785.0,8671029.46,524.888,405.351,0.0,405.351,0.0,0.0,2.405,certain_cold
dronbreen-20220328-DAT_0227_A1_1,5375.0,540782.34,8671025.89,525.057,405.207,0.0,405.207,0.0,0.0,2.412,certain_cold
dronbreen-20220328-DAT_0227_A1_1,5380.0,540779.11,8671021.41,525.28,404.91,0.0,404.91,0.0,0.0,2.422,certain_cold
dronbreen-20220328-DAT_0227_A1_1,5385.0,540776.21,8671017.58,525.468,404.785,0.0,404.785,0.0,0.0,2.428,certain_cold
dronbreen-20220328-DAT_0227_A1_1,5390.0,540772.82,8671013.32,525.675,404.575,0.0,404.575,0.0,0.0,2.437,certain_cold
dronbreen-20220328-DAT_0227_A1_1,5395.0,540770.31,8671010.08,525.863,404.45,0.0,404.45,0.0,0.0,2.443,certain_cold
dronbreen-20220328-DAT_0227_A1_1,5400.0,540767.05,8671005.83,526.129,404.403,0.0,404.403,0.0,0.0,2.449,certain_cold
dronbreen-20220328-DAT_0227_A1_1,5405.0,540763.87,8671001.76,526.358,404.32,0.0,404.32,0.0,0.0,2.455,certain_cold
dronbreen-20220328-DAT_0227_A1_1,5410.0,540760.6,8670997.69,526.594,404.035,0.0,404.035,0.0,0.0,2.466,certain_cold
dronbreen-20220328-DAT_0227_A1_1,5415.0,540757.4,8670994.1,526.805,403.829,0.0,403.829,0.0,0.0,2.474,certain_cold
dronbreen-20220328-DAT_0227_A1_1,5420.0,540753.88,8670990.04,527.054,403.557,0.0,403.557,0.0,0.0,2.482,certain_cold
dronbreen-20220328-DAT_0227_A1_1,5425.0,540750.51,8670986.41,527.292,403.378,0.0,403.378,0.0,0.0,2.49,certain_cold
dronbreen-20220328-DAT_0227_A1_1,5430.0,540747.4,8670983.01,527.518,403.083,0.0,403.083,0.0,0.0,2.501,certain_cold
dronbreen-20220328-DAT_0227_A1_1,5435.0,540743.64,8670978.94,527.762,402.806,0.0,402.806,0.0,0.0,2.511,certain_cold
dronbreen-20220328-DAT_0227_A1_1,5440.0,540741.06,8670976.07,527.912,402.539,0.0,402.539,0.0,0.0,2.519,certain_cold
dronbreen-20220328-DAT_0227_A1_1,5445.0,540737.49,8670971.95,528.155,402.365,0.0,402.365,0.0,0.0,2.53,certain_cold
dronbreen-20220328-DAT_0227_A1_1,5450.0,540734.28,8670968.24,528.39,402.079,0.0,402.079,0.0,0.0,2.538,certain_cold
dronbreen-20220328-DAT_0227_A1_1,5455.0,540730.93,8670964.23,528.656,402.033,0.0,402.033,0.0,0.0,2.546,certain_cold
dronbreen-20220328-DAT_0227_A1_1,5460.0,540727.92,8670960.23,528.914,401.873,0.0,401.873,0.0,0.0,2.553,certain_cold
dronbreen-20220328-DAT_0227_A1_1,5465.0,540724.83,8670955.96,529.174,401.508,0.0,401.508,0.0,0.0,2.567,certain_cold
dronbreen-20220328-DAT_0227_A1_1,5470.0,540722.05,8670951.99,529.43,401.243,0.0,401.243,0.0,0.0,2.577,certain_cold
dronbreen-20220328-DAT_0227_A1_1,5475.0,540719.49,8670947.88,529.72,401.116,0.0,401.116,0.0,0.0,2.586,certain_cold
dronbreen-20220328-DAT_0227_A1_1,5480.0,540716.82,8670943.83,530.113,401.093,0.0,401.093,0.0,0.0,2.594,certain_cold
dronbreen-20220328-DAT_0227_A1_1,5485.0,540714.29,8670939.65,530.533,401.304,0.0,401.304,0.0,0.0,2.598,certain_cold
dronbreen-20220328-DAT_0227_A1_1,5490.0,540711.14,8670934.78,531.008,401.467,0.0,401.467,0.0,0.0,2.604,certain_cold
dronbreen-20220328-DAT_0227_A1_1,5495.0,540708.46,8670930.79,531.378,401.524,0.0,401.524,0.0,0.0,2.611,certain_cold
dronbreen-20220328-DAT_0227_A1_1,5500.0,540706.03,8670927.37,531.666,401.603,0.0,401.603,0.0,0.0,2.615,certain_cold
dronbreen-20220328-DAT_0227_A1_1,5505.0,540702.7,8670922.66,532.058,401.683,0.0,401.683,0.0,0.0,2.621,certain_cold
dronbreen-20220328-DAT_0227_A1_1,5510.0,540700.0,8670918.63,532.42,401.732,0.0,401.732,0.0,0.0,2.627,certain_cold
dronbreen-20220328-DAT_0227_A1_1,5515.0,540697.1,8670914.57,532.802,401.905,0.0,401.905,0.0,0.0,2.631,certain_cold
dronbreen-20220328-DAT_0227_A1_1,5520.0,540694.48,8670911.02,533.141,401.932,0.0,401.932,0.0,0.0,2.638,certain_cold
dronbreen-20220328-DAT_0227_A1_1,5525.0,540691.16,8670906.64,533.552,402.135,0.0,402.135,0.0,0.0,2.642,certain_cold
dronbreen-20220328-DAT_0227_A1_1,5530.0,540688.16,8670902.79,533.909,402.283,0.0,402.283,0.0,0.0,2.646,certain_cold
dronbreen-20220328-DAT_0227_A1_1,5535.0,540685.03,8670898.85,534.25,402.416,0.0,402.416,0.0,0.0,2.65,certain_cold
dronbreen-20220328-DAT_0227_A1_1,5540.0,540681.81,8670895.0,534.584,402.541,0.0,402.541,0.0,0.0,2.654,certain_cold
dronbreen-20220328-DAT_0227_A1_1,5545.0,540678.81,8670891.19,534.893,402.538,0.0,402.538,0.0,0.0,2.66,certain_cold
dronbreen-20220328-DAT_0227_A1_1,5550.0,540675.49,8670887.0,535.242,402.574,0.0,402.574,0.0,0.0,2.667,certain_cold
dronbreen-20220328-DAT_0227_A1_1,5555.0,540672.78,8670883.59,535.558,402.786,0.0,402.786,0.0,0.0,2.669,certain_cold
dronbreen-20220328-DAT_0227_A1_1,5560.0,540669.49,8670879.37,535.961,402.875,0.0,402.875,0.0,0.0,2.675,certain_cold
dronbreen-20220328-DAT_0227_A1_1,5565.0,540666.64,8670875.56,536.326,403.136,0.0,403.136,0.0,0.0,2.677,certain_cold
dronbreen-20220328-DAT_0227_A1_1,5570.0,540663.42,8670871.09,536.718,403.216,0.0,403.216,0.0,0.0,2.683,certain_cold
dronbreen-20220328-DAT_0227_A1_1,5575.0,540660.6,8670867.32,537.025,403.314,0.0,403.314,0.0,0.0,2.687,certain_cold
dronbreen-20220328-DAT_0227_A1_1,5580.0,540657.26,8670863.09,537.368,403.449,0.0,403.449,0.0,0.0,2.692,certain_cold
dronbreen-20220328-DAT_0227_A1_1,5585.0,540654.06,8670859.3,537.691,403.459,0.0,403.459,0.0,0.0,2.698,certain_cold
dronbreen-20220328-DAT_0227_A1_1,5590.0,540650.81,8670855.73,538.021,403.581,0.0,403.581,0.0,0.0,2.702,certain_cold
dronbreen-20220328-DAT_0227_A1_1,5595.0,540647.52,8670852.56,538.333,403.789,0.0,403.789,0.0,0.0,2.704,certain_cold
dronbreen-20220328-DAT_0227_A1_1,5600.0,540643.7,8670848.54,538.727,403.87,0.0,403.87,0.0,0.0,2.71,certain_cold
dronbreen-20220328-DAT_0227_A1_1,5605.0,540640.77,8670845.01,539.047,403.982,0.0,403.982,0.0,0.0,2.714,certain_cold
dronbreen-20220328-DAT_0227_A1_1,5610.0,540637.67,8670841.13,539.394,404.12,0.0,404.12,0.0,0.0,2.718,certain_cold
dronbreen-20220328-DAT_0227_A1_1,5615.0,540634.34,8670836.95,539.773,404.291,0.0,404.291,0.0,0.0,2.723,certain_cold
dronbreen-20220328-DAT_0227_A1_1,5620.0,540631.46,8670833.19,540.118,404.532,0.0,404.532,0.0,0.0,2.725,certain_cold
dronbreen-20220328-DAT_0227_A1_1,5625.0,540628.07,8670829.12,540.5,404.913,0.0,404.913,0.0,0.0,2.725,certain_cold
dronbreen-20220328-DAT_0227_A1_1,5630.0,540624.59,8670825.04,540.873,405.287,0.0,405.287,0.0,0.0,2.725,certain_cold
dronbreen-20220328-DAT_0227_A1_1,5635.0,540621.95,8670821.6,541.173,405.691,0.0,405.691,0.0,0.0,2.723,certain_cold
dronbreen-20220328-DAT_0227_A1_1,5640.0,540619.07,8670817.74,541.509,406.132,0.0,406.132,0.0,0.0,2.721,certain_cold
dronbreen-20220328-DAT_0227_A1_1,5645.0,540616.17,8670813.7,541.889,406.615,0.0,406.615,0.0,0.0,2.721,certain_cold
dronbreen-20220328-DAT_0227_A1_1,5650.0,540613.13,8670809.25,542.317,407.251,0.0,407.251,0.0,0.0,2.718,certain_cold
dronbreen-20220328-DAT_0227_A1_1,5655.0,540610.28,8670805.2,542.72,407.759,0.0,407.759,0.0,0.0,2.718,certain_cold
dronbreen-20220328-DAT_0227_A1_1,5660.0,540607.08,8670800.73,543.169,408.312,0.0,408.312,0.0,0.0,2.716,certain_cold
dronbreen-20220328-DAT_0227_A1_1,5665.0,540604.78,8670797.28,543.505,408.753,0.0,408.753,0.0,0.0,2.714,certain_cold
dronbreen-20220328-DAT_0227_A1_1,5670.0,540601.68,8670792.72,543.953,409.409,0.0,409.409,0.0,0.0,2.71,certain_cold
dronbreen-20220328-DAT_0227_A1_1,5675.0,540599.04,8670789.02,544.323,409.883,0.0,409.883,0.0,0.0,2.706,certain_cold
dronbreen-20220328-DAT_0227_A1_1,5680.0,540596.12,8670784.98,544.729,410.497,0.0,410.497,0.0,0.0,2.7,certain_cold
dronbreen-20220328-DAT_0227_A1_1,5685.0,540593.22,8670780.68,545.128,411.001,0.0,411.001,0.0,0.0,2.696,certain_cold
dronbreen-20220328-DAT_0227_A1_1,5690.0,540590.18,8670776.02,545.546,411.522,0.0,411.522,0.0,0.0,2.694,certain_cold
dronbreen-20220328-DAT_0227_A1_1,5695.0,540587.46,8670772.21,545.916,412.101,0.0,412.101,0.0,0.0,2.689,certain_cold
dronbreen-20220328-DAT_0227_A1_1,5700.0,540584.44,8670767.94,546.335,412.624,0.0,412.624,0.0,0.0,2.687,certain_cold
dronbreen-20220328-DAT_0227_A1_1,5705.0,540581.78,8670764.33,546.694,413.087,0.0,413.087,0.0,0.0,2.685,certain_cold
dronbreen-20220328-DAT_0227_A1_1,5710.0,540578.41,8670759.88,547.149,413.751,0.0,413.751,0.0,0.0,2.681,certain_cold
dronbreen-20220328-DAT_0227_A1_1,5715.0,540575.3,8670755.73,547.561,414.268,0.0,414.268,0.0,0.0,2.681,certain_cold
dronbreen-20220328-DAT_0227_A1_1,5720.0,540572.77,8670752.33,547.899,414.605,0.0,414.605,0.0,0.0,2.681,certain_cold
dronbreen-20220328-DAT_0227_A1_1,5725.0,540569.97,8670748.4,548.295,415.105,0.0,415.105,0.0,0.0,2.681,certain_cold
dronbreen-20220328-DAT_0227_A1_1,5730.0,540566.91,8670744.01,548.729,415.539,0.0,415.539,0.0,0.0,2.681,certain_cold
dronbreen-20220328-DAT_0227_A1_1,5735.0,540564.27,8670739.98,549.132,416.047,0.0,416.047,0.0,0.0,2.677,certain_cold
dronbreen-20220328-DAT_0227_A1_1,5740.0,540561.24,8670735.26,549.595,416.51,0.0,416.51,0.0,0.0,2.675,certain_cold
dronbreen-20220328-DAT_0227_A1_1,5745.0,540559.0,8670731.58,549.943,416.962,0.0,416.962,0.0,0.0,2.675,certain_cold
dronbreen-20220328-DAT_0227_A1_1,5750.0,540556.02,8670726.71,550.41,417.534,0.0,417.534,0.0,0.0,2.677,certain_cold
dronbreen-20220328-DAT_0227_A1_1,5755.0,540553.32,8670722.59,550.828,417.952,0.0,417.952,0.0,0.0,2.677,certain_cold
dronbreen-20220328-DAT_0227_A1_1,5760.0,540550.74,8670718.73,551.24,418.363,0.0,418.363,0.0,0.0,2.677,certain_cold
dronbreen-20220328-DAT_0227_A1_1,5765.0,540547.73,8670714.01,551.743,418.762,0.0,418.762,0.0,0.0,2.677,certain_cold
dronbreen-20220328-DAT_0227_A1_1,5770.0,540545.24,8670710.0,552.171,418.982,0.0,418.982,0.0,0.0,2.677,certain_cold
dronbreen-20220328-DAT_0227_A1_1,5775.0,540542.56,8670705.71,552.638,419.345,0.0,419.345,0.0,0.0,2.679,certain_cold
dronbreen-20220328-DAT_0227_A1_1,5780.0,540539.98,8670701.29,553.094,419.8,0.0,419.8,0.0,0.0,2.681,certain_cold
dronbreen-20220328-DAT_0227_A1_1,5785.0,540537.76,8670697.31,553.49,420.196,0.0,420.196,0.0,0.0,2.681,certain_cold
dronbreen-20220328-DAT_0227_A1_1,5790.0,540535.48,8670693.27,553.85,420.556,0.0,420.556,0.0,0.0,2.681,certain_cold
dronbreen-20220328-DAT_0227_A1_1,5795.0,540532.97,8670688.98,554.238,420.736,0.0,420.736,0.0,0.0,2.685,certain_cold
dronbreen-20220328-DAT_0227_A1_1,5800.0,540529.83,8670684.17,554.72,421.114,0.0,421.114,0.0,0.0,2.687,certain_cold
dronbreen-20220328-DAT_0227_A1_1,5805.0,540527.21,8670680.25,555.136,421.426,0.0,421.426,0.0,0.0,2.689,certain_cold
dronbreen-20220328-DAT_0227_A1_1,5810.0,540524.25,8670675.75,555.637,421.718,0.0,421.718,0.0,0.0,2.692,certain_cold
dronbreen-20220328-DAT_0227_A1_1,5815.0,540521.85,8670672.08,556.052,421.924,0.0,421.924,0.0,0.0,2.696,certain_cold
dronbreen-20220328-DAT_0227_A1_1,5820.0,540518.89,8670667.84,556.557,422.221,0.0,422.221,0.0,0.0,2.7,certain_cold
dronbreen-20220328-DAT_0227_A1_1,5825.0,540515.96,8670663.37,557.071,422.527,0.0,422.527,0.0,0.0,2.704,certain_cold
dronbreen-20220328-DAT_0227_A1_1,5830.0,540513.47,8670659.49,557.511,422.654,0.0,422.654,0.0,0.0,2.712,certain_cold
dronbreen-20220328-DAT_0227_A1_1,5835.0,540510.56,8670654.99,558.012,422.842,0.0,422.842,0.0,0.0,2.721,certain_cold
dronbreen-20220328-DAT_0227_A1_1,5840.0,540507.54,8670650.81,558.487,422.9,0.0,422.9,0.0,0.0,2.729,certain_cold
dronbreen-20220328-DAT_0227_A1_1,5845.0,540504.58,8670647.05,558.903,422.899,0.0,422.899,0.0,0.0,2.737,certain_cold
dronbreen-20220328-DAT_0227_A1_1,5850.0,540501.56,8670643.19,559.314,422.79,0.0,422.79,0.0,0.0,2.743,certain_cold
dronbreen-20220328-DAT_0227_A1_1,5855.0,540498.89,8670639.63,559.685,422.744,0.0,422.744,0.0,0.0,2.752,certain_cold
dronbreen-20220328-DAT_0227_A1_1,5860.0,540495.35,8670635.18,560.183,422.721,0.0,422.721,0.0,0.0,2.762,certain_cold
dronbreen-20220328-DAT_0227_A1_1,5865.0,540492.3,8670631.43,560.622,422.639,0.0,422.639,0.0,0.0,2.772,certain_cold
dronbreen-20220328-DAT_0227_A1_1,5870.0,540489.11,8670627.86,561.061,422.765,0.0,422.765,0.0,0.0,2.783,certain_cold
dronbreen-20220328-DAT_0227_A1_1,5875.0,540485.89,8670624.48,561.495,422.678,0.0,422.678,0.0,0.0,2.793,certain_cold
dronbreen-20220328-DAT_0227_A1_1,5880.0,540482.54,8670620.9,561.937,422.39,0.0,422.39,0.0,0.0,2.804,certain_cold
dronbreen-20220328-DAT_0227_A1_1,5885.0,540478.46,8670616.44,562.466,422.398,0.0,422.398,0.0,0.0,2.814,certain_cold
dronbreen-20220328-DAT_0227_A1_1,5890.0,540475.06,8670612.99,562.903,422.315,0.0,422.315,0.0,0.0,2.824,certain_cold
dronbreen-20220328-DAT_0227_A1_1,5895.0,540471.7,8670609.91,563.317,422.311,0.0,422.311,0.0,0.0,2.833,certain_cold
dronbreen-20220328-DAT_0227_A1_1,5900.0,540468.16,8670606.64,563.744,422.218,0.0,422.218,0.0,0.0,2.843,certain_cold
dronbreen-20220328-DAT_0227_A1_1,5905.0,540464.25,8670602.96,564.209,422.057,0.0,422.057,0.0,0.0,2.855,certain_cold
dronbreen-20220328-DAT_0227_A1_1,5910.0,540461.2,8670599.54,564.581,422.012,0.0,422.012,0.0,0.0,2.864,certain_cold
dronbreen-20220328-DAT_0227_A1_1,5915.0,540457.62,8670595.72,564.983,421.789,0.0,421.789,0.0,0.0,2.872,certain_cold
dronbreen-20220328-DAT_0227_A1_1,5920.0,540453.91,8670591.84,565.397,421.577,0.0,421.577,0.0,0.0,2.882,certain_cold
dronbreen-20220328-DAT_0227_A1_1,5925.0,540450.22,8670588.11,565.789,421.344,0.0,421.344,0.0,0.0,2.893,certain_cold
dronbreen-20220328-DAT_0227_A1_1,5930.0,540447.54,8670585.33,566.07,421.313,0.0,421.313,0.0,0.0,2.905,certain_cold
dronbreen-20220328-DAT_0227_A1_1,5935.0,540443.7,8670581.71,566.438,421.264,0.0,421.264,0.0,0.0,2.916,certain_cold
dronbreen-20220328-DAT_0227_A1_1,5940.0,540439.75,8670578.37,566.784,420.985,0.0,420.985,0.0,0.0,2.928,certain_cold
dronbreen-20220328-DAT_0227_A1_1,5945.0,540435.53,8670574.95,567.133,420.603,0.0,420.603,0.0,0.0,2.943,certain_cold
dronbreen-20220328-DAT_0227_A1_1,5950.0,540431.64,8670572.05,567.437,420.283,0.0,420.283,0.0,0.0,2.955,certain_cold
dronbreen-20220328-DAT_0227_A1_1,5955.0,540427.61,8670569.07,567.763,419.879,0.0,419.879,0.0,0.0,2.97,certain_cold
dronbreen-20220328-DAT_0227_A1_1,5960.0,540423.69,8670566.04,568.085,419.159,0.0,419.159,0.0,0.0,2.99,certain_cold
dronbreen-20220328-DAT_0227_A1_1,5965.0,540419.78,8670563.13,568.388,418.42,0.0,418.42,0.0,0.0,3.011,certain_cold
dronbreen-20220328-DAT_0227_A1_1,5970.0,540415.82,8670560.28,568.681,417.671,0.0,417.671,0.0,0.0,3.032,certain_cold
dronbreen-20220328-DAT_0227_A1_1,5975.0,540411.32,8670556.97,568.993,416.94,0.0,416.94,0.0,0.0,3.053,certain_cold
dronbreen-20220328-DAT_0227_A1_1,5980.0,540407.31,8670554.01,569.249,416.259,0.0,416.259,0.0,0.0,3.071,certain_cold
dronbreen-20220328-DAT_0227_A1_1,5985.0,540404.04,8670551.68,569.444,415.515,0.0,415.515,0.0,0.0,3.09,certain_cold
dronbreen-20220328-DAT_0227_A1_1,5990.0,540399.67,8670548.32,569.726,414.755,0.0,414.755,0.0,0.0,3.111,certain_cold
dronbreen-20220328-DAT_0227_A1_1,5995.0,540395.61,8670545.26,570.001,414.093,0.0,414.093,0.0,0.0,3.129,certain_cold
dronbreen-20220328-DAT_0227_A1_1,6000.0,540391.94,8670542.49,570.249,413.403,0.0,413.403,0.0,0.0,3.148,certain_cold
dronbreen-20220328-DAT_0227_A1_1,6005.0,540387.83,8670539.47,570.514,412.521,0.0,412.521,0.0,0.0,3.171,certain_cold
dronbreen-20220328-DAT_0227_A1_1,6010.0,540383.94,8670536.19,570.749,411.61,0.0,411.61,0.0,0.0,3.194,certain_cold
dronbreen-20220328-DAT_0227_A1_1,6015.0,540379.99,8670533.05,570.965,409.845,0.0,409.845,0.0,0.0,3.219,certain_cold
dronbreen-20220328-DAT_0227_A1_1,6020.0,540375.49,8670529.55,571.179,408.6,0.0,408.6,0.0,0.0,3.244,certain_cold
dronbreen-20220328-DAT_0227_A1_1,6025.0,540372.19,8670527.0,571.349,408.249,0.0,408.249,0.0,0.0,3.273,certain_cold
dronbreen-20220328-DAT_0227_A1_1,6030.0,540367.66,8670523.79,571.588,407.446,0.0,407.446,0.0,0.0,3.294,certain_cold
dronbreen-20220328-DAT_0227_A1_1,6035.0,540363.48,8670521.18,571.758,406.886,0.0,406.886,0.0,0.0,3.308,certain_cold
dronbreen-20220328-DAT_0227_A1_1,6040.0,540359.35,8670518.64,571.905,406.512,0.0,406.512,0.0,0.0,3.318,certain_cold
dronbreen-20220328-DAT_0227_A1_1,6045.0,540355.3,8670516.16,572.037,406.123,0.0,406.123,0.0,0.0,3.333,certain_cold
dronbreen-20220328-DAT_0227_A1_1,6050.0,540351.04,8670513.62,572.141,405.707,0.0,405.707,0.0,0.0,3.341,certain_cold
dronbreen-20220328-DAT_0227_A1_1,6055.0,540346.63,8670510.97,572.233,405.173,0.0,405.173,0.0,0.0,3.352,certain_cold
dronbreen-20220328-DAT_0227_A1_1,6060.0,540342.68,8670508.53,572.316,404.735,0.0,404.735,0.0,0.0,3.362,certain_cold
dronbreen-20220328-DAT_0227_A1_1,6065.0,540338.43,8670506.1,572.405,404.199,0.0,404.199,0.0,0.0,3.375,certain_cold
dronbreen-20220328-DAT_0227_A1_1,6070.0,540334.13,8670503.49,572.506,403.778,0.0,403.778,0.0,0.0,3.385,certain_cold
dronbreen-20220328-DAT_0227_A1_1,6075.0,540329.09,8670500.46,572.644,402.978,0.0,402.978,0.0,0.0,3.404,certain_cold
dronbreen-20220328-DAT_0227_A1_1,6080.0,540324.8,8670497.94,572.762,402.159,0.0,402.159,0.0,0.0,3.422,certain_cold
dronbreen-20220328-DAT_0227_A1_1,6085.0,540320.94,8670495.78,572.838,401.609,0.0,401.609,0.0,0.0,3.435,certain_cold
dronbreen-20220328-DAT_0227_A1_1,6090.0,540316.52,8670493.28,572.89,400.931,0.0,400.931,0.0,0.0,3.454,certain_cold
dronbreen-20220328-DAT_0227_A1_1,6095.0,540312.31,8670491.06,572.908,400.22,0.0,400.22,0.0,0.0,3.472,certain_cold
dronbreen-20220328-DAT_0227_A1_1,6100.0,540307.3,8670488.49,572.922,398.88,0.0,398.88,0.0,0.0,3.495,certain_cold
dronbreen-20220328-DAT_0227_A1_1,6105.0,540302.79,8670485.93,572.939,397.542,0.0,397.542,0.0,0.0,3.518,certain_cold
dronbreen-20220328-DAT_0227_A1_1,6110.0,540298.85,8670483.58,572.994,396.346,0.0,396.346,0.0,0.0,3.543,certain_cold
dronbreen-20220328-DAT_0227_A1_1,6115.0,540294.93,8670481.11,573.078,395.7,0.0,395.7,0.0,0.0,3.557,certain_cold
dronbreen-20220328-DAT_0227_A1_1,6120.0,540290.31,8670478.12,573.198,394.674,0.0,394.674,0.0,0.0,3.58,certain_cold
dronbreen-20220328-DAT_0227_A1_1,6125.0,540285.8,8670475.38,573.291,393.517,0.0,393.517,0.0,0.0,3.605,certain_cold
dronbreen-20220328-DAT_0227_A1_1,6130.0,540282.06,8670473.4,573.334,392.413,0.0,392.413,0.0,0.0,3.628,certain_cold
dronbreen-20220328-DAT_0227_A1_1,6135.0,540277.45,8670471.53,573.333,391.787,0.0,391.787,0.0,0.0,3.641,certain_cold
dronbreen-20220328-DAT_0227_A1_1,6140.0,540272.8,8670469.96,573.312,392.183,0.0,392.183,0.0,0.0,3.632,certain_cold
dronbreen-20220328-DAT_0227_A1_1,6145.0,540267.88,8670467.86,573.364,392.755,0.0,392.755,0.0,0.0,3.622,certain_cold
dronbreen-20220328-DAT_0227_A1_1,6150.0,540263.22,8670465.58,573.475,393.388,0.0,393.388,0.0,0.0,3.612,certain_cold
dronbreen-20220328-DAT_0227_A1_1,6155.0,540259.3,8670463.29,573.647,393.977,0.0,393.977,0.0,0.0,3.603,certain_cold
dronbreen-20220328-DAT_0227_A1_1,6160.0,540255.16,8670460.64,573.866,394.716,0.0,394.716,0.0,0.0,3.593,certain_cold
dronbreen-20220328-DAT_0227_A1_1,6165.0,540250.49,8670458.01,574.114,395.59,0.0,395.59,0.0,0.0,3.58,certain_cold
dronbreen-20220328-DAT_0227_A1_1,6170.0,540246.73,8670455.54,574.346,396.447,0.0,396.447,0.0,0.0,3.568,certain_cold
dronbreen-20220328-DAT_0227_A1_1,6175.0,540242.17,8670452.65,574.61,397.546,0.0,397.546,0.0,0.0,3.551,certain_cold
dronbreen-20220328-DAT_0227_A1_1,6180.0,540237.96,8670450.15,574.843,398.612,0.0,398.612,0.0,0.0,3.535,certain_cold
dronbreen-20220328-DAT_0227_A1_1,6185.0,540233.43,8670447.2,575.109,399.399,0.0,399.399,0.0,0.0,3.524,certain_cold
dronbreen-20220328-DAT_0227_A1_1,6190.0,540229.39,8670444.66,575.337,400.148,0.0,400.148,0.0,0.0,3.514,certain_cold
dronbreen-20220328-DAT_0227_A1_1,6195.0,540224.88,8670441.8,575.583,401.02,0.0,401.02,0.0,0.0,3.501,certain_cold
dronbreen-20220328-DAT_0227_A1_1,6200.0,540220.5,8670439.18,575.8,401.862,0.0,401.862,0.0,0.0,3.489,certain_cold
dronbreen-20220328-DAT_0227_A1_1,6205.0,540216.49,8670436.71,575.999,402.477,0.0,402.477,0.0,0.0,3.481,certain_cold
dronbreen-20220328-DAT_0227_A1_1,6210.0,540212.67,8670434.11,576.195,402.778,0.0,402.778,0.0,0.0,3.479,certain_cold
dronbreen-20220328-DAT_0227_A1_1,6215.0,540207.96,8670431.18,576.437,403.958,0.0,403.958,0.0,0.0,3.46,certain_cold
dronbreen-20220328-DAT_0227_A1_1,6220.0,540203.33,8670428.97,576.655,405.009,0.0,405.009,0.0,0.0,3.443,certain_cold
dronbreen-20220328-DAT_0227_A1_1,6225.0,540199.25,8670427.2,576.844,405.823,0.0,405.823,0.0,0.0,3.431,certain_cold
dronbreen-20220328-DAT_0227_A1_1,6230.0,540194.17,8670425.19,577.09,406.8,0.0,406.8,0.0,0.0,3.416,certain_cold
dronbreen-20220328-DAT_0227_A1_1,6235.0,540189.37,8670423.37,577.309,407.539,0.0,407.539,0.0,0.0,3.406,certain_cold
dronbreen-20220328-DAT_0227_A1_1,6240.0,540185.57,8670421.69,577.494,408.142,0.0,408.142,0.0,0.0,3.397,certain_cold
dronbreen-20220328-DAT_0227_A1_1,6245.0,540180.24,8670419.37,577.75,409.023,0.0,409.023,0.0,0.0,3.385,certain_cold
dronbreen-20220328-DAT_0227_A1_1,6250.0,540176.35,8670417.71,577.927,409.825,0.0,409.825,0.0,0.0,3.373,certain_cold
dronbreen-20220328-DAT_0227_A1_1,6255.0,540171.55,8670415.21,578.171,410.695,0.0,410.695,0.0,0.0,3.36,certain_cold
dronbreen-20220328-DAT_0227_A1_1,6260.0,540166.25,8670412.96,578.427,411.576,0.0,411.576,0.0,0.0,3.348,certain_cold
dronbreen-20220328-DAT_0227_A1_1,6265.0,540161.93,8670411.05,578.656,412.117,0.0,412.117,0.0,0.0,3.341,certain_cold
dronbreen-20220328-DAT_0227_A1_1,6270.0,540157.99,8670409.22,578.876,412.754,0.0,412.754,0.0,0.0,3.333,certain_cold
dronbreen-20220328-DAT_0227_A1_1,6275.0,540152.94,8670406.7,579.146,413.545,0.0,413.545,0.0,0.0,3.323,certain_cold
dronbreen-20220328-DAT_0227_A1_1,6280.0,540149.1,8670405.11,579.33,413.937,0.0,413.937,0.0,0.0,3.318,certain_cold
dronbreen-20220328-DAT_0227_A1_1,6285.0,540144.54,8670402.86,579.543,414.463,0.0,414.463,0.0,0.0,3.312,certain_cold
dronbreen-20220328-DAT_0227_A1_1,6290.0,540139.99,8670400.31,579.749,414.877,0.0,414.877,0.0,0.0,3.308,certain_cold
dronbreen-20220328-DAT_0227_A1_1,6295.0,540135.81,8670397.77,579.952,415.185,0.0,415.185,0.0,0.0,3.306,certain_cold
dronbreen-20220328-DAT_0227_A1_1,6300.0,540131.75,8670395.13,580.161,415.498,0.0,415.498,0.0,0.0,3.304,certain_cold
dronbreen-20220328-DAT_0227_A1_1,6305.0,540126.95,8670392.13,580.439,416.297,0.0,416.297,0.0,0.0,3.291,certain_cold
dronbreen-20220328-DAT_0227_A1_1,6310.0,540123.13,8670389.89,580.664,417.147,0.0,417.147,0.0,0.0,3.281,certain_cold
dronbreen-20220328-DAT_0227_A1_1,6315.0,540118.89,8670387.46,580.911,417.916,0.0,417.916,0.0,0.0,3.271,certain_cold
dronbreen-20220328-DAT_0227_A1_1,6320.0,540114.13,8670384.65,581.175,418.805,0.0,418.805,0.0,0.0,3.258,certain_cold
dronbreen-20220328-DAT_0227_A1_1,6325.0,540109.53,8670382.03,581.398,419.34,0.0,419.34,0.0,0.0,3.252,certain_cold
dronbreen-20220328-DAT_0227_A1_1,6330.0,540105.35,8670379.66,581.57,419.825,0.0,419.825,0.0,0.0,3.246,certain_cold
dronbreen-20220328-DAT_0227_A1_1,6335.0,540101.51,8670377.52,581.711,420.279,0.0,420.279,0.0,0.0,3.24,certain_cold
dronbreen-20220328-DAT_0227_A1_1,6340.0,540096.17,8670374.81,581.896,420.568,0.0,420.568,0.0,0.0,3.237,certain_cold
dronbreen-20220328-DAT_0227_A1_1,6345.0,540092.77,8670373.16,582.012,420.892,0.0,420.892,0.0,0.0,3.233,certain_cold
dronbreen-20220328-DAT_0227_A1_1,6350.0,540088.1,8670371.04,582.178,421.059,0.0,421.059,0.0,0.0,3.233,certain_cold
dronbreen-20220328-DAT_0227_A1_1,6355.0,540083.04,8670368.52,582.381,421.47,0.0,421.47,0.0,0.0,3.229,certain_cold
dronbreen-20220328-DAT_0227_A1_1,6360.0,540079.05,8670366.55,582.544,421.737,0.0,421.737,0.0,0.0,3.227,certain_cold
dronbreen-20220328-DAT_0227_A1_1,6365.0,540074.55,8670364.31,582.728,421.921,0.0,421.921,0.0,0.0,3.227,certain_cold
dronbreen-20220328-DAT_0227_A1_1,6370.0,540069.63,8670361.99,582.89,421.77,0.0,421.77,0.0,0.0,3.233,certain_cold
dronbreen-20220328-DAT_0227_A1_1,6375.0,540065.31,8670360.0,583.012,421.58,0.0,421.58,0.0,0.0,3.24,certain_cold
dronbreen-20220328-DAT_0227_A1_1,6380.0,540060.93,8670358.13,583.112,421.367,0.0,421.367,0.0,0.0,3.246,certain_cold
dronbreen-20220328-DAT_0227_A1_1,6385.0,540056.51,8670356.2,583.211,421.362,0.0,421.362,0.0,0.0,3.248,certain_cold
dronbreen-20220328-DAT_0227_A1_1,6390.0,540051.09,8670353.37,583.36,421.302,0.0,421.302,0.0,0.0,3.252,certain_cold
dronbreen-20220328-DAT_0227_A1_1,6395.0,540047.17,8670351.4,583.462,420.78,0.0,420.78,0.0,0.0,3.264,certain_cold
dronbreen-20220328-DAT_0227_A1_1,6400.0,540042.89,8670349.28,583.541,420.233,0.0,420.233,0.0,0.0,3.277,certain_cold
dronbreen-20220328-DAT_0227_A1_1,6405.0,540037.76,8670346.96,583.622,419.688,0.0,419.688,0.0,0.0,3.289,certain_cold
dronbreen-20220328-DAT_0227_A1_1,6410.0,540033.28,8670344.84,583.681,419.122,0.0,419.122,0.0,0.0,3.302,certain_cold
dronbreen-20220328-DAT_0227_A1_1,6415.0,540029.15,8670342.86,583.734,418.445,0.0,418.445,0.0,0.0,3.316,certain_cold
dronbreen-20220328-DAT_0227_A1_1,6420.0,540024.72,8670340.59,583.797,418.092,0.0,418.092,0.0,0.0,3.327,certain_cold
dronbreen-20220328-DAT_0227_A1_1,6425.0,540020.18,8670338.59,583.847,417.621,0.0,417.621,0.0,0.0,3.339,certain_cold
dronbreen-20220328-DAT_0227_A1_1,6430.0,540015.51,8670336.68,583.895,417.043,0.0,417.043,0.0,0.0,3.35,certain_cold
dronbreen-20220328-DAT_0227_A1_1,6435.0,540010.66,8670334.56,583.951,416.579,0.0,416.579,0.0,0.0,3.358,certain_cold
dronbreen-20220328-DAT_0227_A1_1,6440.0,540006.38,8670332.78,583.983,416.089,0.0,416.089,0.0,0.0,3.368,certain_cold
dronbreen-20220328-DAT_0227_A1_1,6445.0,540001.1,8670330.49,584.008,415.594,0.0,415.594,0.0,0.0,3.379,certain_cold
dronbreen-20220328-DAT_0227_A1_1,6450.0,539996.48,8670328.43,584.025,415.193,0.0,415.193,0.0,0.0,3.387,certain_cold
dronbreen-20220328-DAT_0227_A1_1,6455.0,539992.18,8670326.87,584.021,414.669,0.0,414.669,0.0,0.0,3.397,certain_cold
dronbreen-20220328-DAT_0227_A1_1,6460.0,539987.71,8670325.31,584.004,414.13,0.0,414.13,0.0,0.0,3.406,certain_cold
dronbreen-20220328-DAT_0227_A1_1,6465.0,539982.4,8670323.61,583.965,413.57,0.0,413.57,0.0,0.0,3.414,certain_cold
dronbreen-20220328-DAT_0227_A1_1,6470.0,539978.52,8670322.37,583.952,413.244,0.0,413.244,0.0,0.0,3.42,certain_cold
dronbreen-20220328-DAT_0227_A1_1,6475.0,539973.95,8670320.38,583.935,412.603,0.0,412.603,0.0,0.0,3.431,certain_cold
dronbreen-20220328-DAT_0227_A1_1,6480.0,539968.85,8670318.12,583.913,411.955,0.0,411.955,0.0,0.0,3.443,certain_cold
dronbreen-20220328-DAT_0227_A1_1,6485.0,539963.94,8670315.99,583.884,411.509,0.0,411.509,0.0,0.0,3.458,certain_cold
dronbreen-20220328-DAT_0227_A1_1,6490.0,539960.17,8670314.76,583.852,411.477,0.0,411.477,0.0,0.0,3.456,certain_cold
dronbreen-20220328-DAT_0227_A1_1,6495.0,539954.51,8670312.73,583.833,411.562,0.0,411.562,0.0,0.0,3.456,certain_cold
dronbreen-20220328-DAT_0227_A1_1,6500.0,539950.48,8670311.12,583.843,411.572,0.0,411.572,0.0,0.0,3.456,certain_cold
dronbreen-20220328-DAT_0227_A1_1,6505.0,539945.83,8670309.31,583.856,411.376,0.0,411.376,0.0,0.0,3.46,certain_cold
dronbreen-20220328-DAT_0227_A1_1,6510.0,539941.23,8670307.31,583.877,411.502,0.0,411.502,0.0,0.0,3.458,certain_cold
dronbreen-20220328-DAT_0227_A1_1,6515.0,539936.9,8670304.95,583.884,411.509,0.0,411.509,0.0,0.0,3.458,certain_cold
dronbreen-20220328-DAT_0227_A1_1,6520.0,539932.05,8670302.65,583.854,411.688,0.0,411.688,0.0,0.0,3.454,certain_cold
dronbreen-20220328-DAT_0227_A1_1,6525.0,539927.47,8670300.58,583.809,411.746,0.0,411.746,0.0,0.0,3.451,certain_cold
dronbreen-20220328-DAT_0227_A1_1,6530.0,539923.4,8670298.84,583.755,412.109,0.0,412.109,0.0,0.0,3.443,certain_cold
dronbreen-20220328-DAT_0227_A1_1,6535.0,539917.83,8670296.69,583.683,412.142,0.0,412.142,0.0,0.0,3.441,certain_cold
dronbreen-20220328-DAT_0227_A1_1,6540.0,539913.26,8670294.82,583.628,412.399,0.0,412.399,0.0,0.0,3.435,certain_cold
dronbreen-20220328-DAT_0227_A1_1,6545.0,539908.59,8670292.95,583.576,412.764,0.0,412.764,0.0,0.0,3.427,certain_cold
dronbreen-20220328-DAT_0227_A1_1,6550.0,539904.08,8670290.64,583.552,413.262,0.0,413.262,0.0,0.0,3.416,certain_cold
dronbreen-20220328-DAT_0227_A1_1,6555.0,539900.34,8670288.79,583.535,413.661,0.0,413.661,0.0,0.0,3.408,certain_cold
dronbreen-20220328-DAT_0227_A1_1,6560.0,539895.8,8670286.61,583.528,414.175,0.0,414.175,0.0,0.0,3.397,certain_cold
dronbreen-20220328-DAT_0227_A1_1,6565.0,539891.15,8670284.24,583.557,414.725,0.0,414.725,0.0,0.0,3.387,certain_cold
dronbreen-20220328-DAT_0227_A1_1,6570.0,539886.53,8670282.06,583.602,415.395,0.0,415.395,0.0,0.0,3.375,certain_cold
dronbreen-20220328-DAT_0227_A1_1,6575.0,539881.87,8670280.56,583.642,415.852,0.0,415.852,0.0,0.0,3.366,certain_cold
dronbreen-20220328-DAT_0227_A1_1,6580.0,539876.76,8670278.56,583.707,416.439,0.0,416.439,0.0,0.0,3.356,certain_cold
dronbreen-20220328-DAT_0227_A1_1,6585.0,539872.25,8670276.98,583.752,416.9,0.0,416.9,0.0,0.0,3.348,certain_cold
dronbreen-20220328-DAT_0227_A1_1,6590.0,539867.85,8670274.86,583.806,417.475,0.0,417.475,0.0,0.0,3.337,certain_cold
dronbreen-20220328-DAT_0227_A1_1,6595.0,539864.07,8670272.83,583.854,417.941,0.0,417.941,0.0,0.0,3.329,certain_cold
dronbreen-20220328-DAT_0227_A1_1,6600.0,539858.86,8670270.07,583.911,418.519,0.0,418.519,0.0,0.0,3.318,certain_cold
dronbreen-20220328-DAT_0227_A1_1,6605.0,539854.39,8670267.96,583.961,418.882,0.0,418.882,0.0,0.0,3.312,certain_cold
dronbreen-20220328-DAT_0227_A1_1,6610.0,539850.39,8670266.37,584.007,419.344,0.0,419.344,0.0,0.0,3.304,certain_cold
dronbreen-20220328-DAT_0227_A1_1,6615.0,539845.63,8670264.52,584.064,419.818,0.0,419.818,0.0,0.0,3.296,certain_cold
dronbreen-20220328-DAT_0227_A1_1,6620.0,539840.5,8670262.52,584.148,420.423,0.0,420.423,0.0,0.0,3.285,certain_cold
dronbreen-20220328-DAT_0227_A1_1,6625.0,539835.85,8670260.83,584.224,420.916,0.0,420.916,0.0,0.0,3.277,certain_cold
dronbreen-20220328-DAT_0227_A1_1,6630.0,539831.25,8670258.9,584.313,421.422,0.0,421.422,0.0,0.0,3.269,certain_cold
dronbreen-20220328-DAT_0227_A1_1,6635.0,539826.81,8670256.78,584.412,421.938,0.0,421.938,0.0,0.0,3.26,certain_cold
dronbreen-20220328-DAT_0227_A1_1,6640.0,539822.45,8670254.67,584.522,422.465,0.0,422.465,0.0,0.0,3.252,certain_cold
dronbreen-20220328-DAT_0227_A1_1,6645.0,539818.2,8670252.37,584.64,422.999,0.0,422.999,0.0,0.0,3.244,certain_cold
dronbreen-20220328-DAT_0227_A1_1,6650.0,539813.66,8670250.13,584.768,423.544,0.0,423.544,0.0,0.0,3.235,certain_cold
dronbreen-20220328-DAT_0227_A1_1,6655.0,539809.09,8670248.13,584.858,424.051,0.0,424.051,0.0,0.0,3.227,certain_cold
dronbreen-20220328-DAT_0227_A1_1,6660.0,539804.73,8670246.39,584.925,424.535,0.0,424.535,0.0,0.0,3.219,certain_cold
dronbreen-20220328-DAT_0227_A1_1,6665.0,539800.29,8670244.15,585.018,424.836,0.0,424.836,0.0,0.0,3.215,certain_cold
dronbreen-20220328-DAT_0227_A1_1,6670.0,539794.78,8670241.44,585.142,425.482,0.0,425.482,0.0,0.0,3.204,certain_cold
dronbreen-20220328-DAT_0227_A1_1,6675.0,539790.85,8670239.59,585.245,425.897,0.0,425.897,0.0,0.0,3.198,certain_cold
dronbreen-20220328-DAT_0227_A1_1,6680.0,539785.77,8670237.39,585.391,426.46,0.0,426.46,0.0,0.0,3.19,certain_cold
dronbreen-20220328-DAT_0227_A1_1,6685.0,539781.53,8670235.73,585.506,426.783,0.0,426.783,0.0,0.0,3.186,certain_cold
dronbreen-20220328-DAT_0227_A1_1,6690.0,539776.95,8670234.16,585.607,427.302,0.0,427.302,0.0,0.0,3.177,certain_cold
dronbreen-20220328-DAT_0227_A1_1,6695.0,539772.75,8670232.36,585.711,427.822,0.0,427.822,0.0,0.0,3.169,certain_cold
dronbreen-20220328-DAT_0227_A1_1,6700.0,539767.39,8670229.89,585.849,428.377,0.0,428.377,0.0,0.0,3.161,certain_cold
dronbreen-20220328-DAT_0227_A1_1,6705.0,539763.48,8670227.75,585.983,428.719,0.0,428.719,0.0,0.0,3.156,certain_cold
dronbreen-20220328-DAT_0227_A1_1,6710.0,539759.17,8670225.63,586.127,429.176,0.0,429.176,0.0,0.0,3.15,certain_cold
dronbreen-20220328-DAT_0227_A1_1,6715.0,539754.66,8670223.33,586.302,429.56,0.0,429.56,0.0,0.0,3.146,certain_cold
dronbreen-20220328-DAT_0227_A1_1,6720.0,539750.32,8670221.21,586.473,429.939,0.0,429.939,0.0,0.0,3.142,certain_cold
dronbreen-20220328-DAT_0227_A1_1,6725.0,539745.89,8670219.1,586.639,430.314,0.0,430.314,0.0,0.0,3.138,certain_cold
dronbreen-20220328-DAT_0227_A1_1,6730.0,539740.69,8670216.71,586.814,430.802,0.0,430.802,0.0,0.0,3.132,certain_cold
dronbreen-20220328-DAT_0227_A1_1,6735.0,539736.39,8670215.1,586.913,431.108,0.0,431.108,0.0,0.0,3.127,certain_cold
dronbreen-20220328-DAT_0227_A1_1,6740.0,539731.7,8670213.65,586.99,431.394,0.0,431.394,0.0,0.0,3.123,certain_cold
dronbreen-20220328-DAT_0227_A1_1,6745.0,539727.14,8670212.03,587.072,431.788,0.0,431.788,0.0,0.0,3.119,certain_cold
dronbreen-20220328-DAT_0227_A1_1,6750.0,539721.96,8670210.44,587.178,432.103,0.0,432.103,0.0,0.0,3.113,certain_cold
dronbreen-20220328-DAT_0227_A1_1,6755.0,539717.24,8670209.32,587.269,432.402,0.0,432.402,0.0,0.0,3.109,certain_cold
dronbreen-20220328-DAT_0227_A1_1,6760.0,539712.44,8670208.12,587.345,432.687,0.0,432.687,0.0,0.0,3.105,certain_cold
dronbreen-20220328-DAT_0227_A1_1,6765.0,539707.28,8670206.79,587.423,433.078,0.0,433.078,0.0,0.0,3.1,certain_cold
dronbreen-20220328-DAT_0227_A1_1,6770.0,539702.7,8670205.36,587.498,433.361,0.0,433.361,0.0,0.0,3.096,certain_cold
dronbreen-20220328-DAT_0227_A1_1,6775.0,539697.48,8670203.74,587.593,433.768,0.0,433.768,0.0,0.0,3.09,certain_cold
dronbreen-20220328-DAT_0227_A1_1,6780.0,539693.09,8670202.28,587.704,434.088,0.0,434.088,0.0,0.0,3.086,certain_cold
dronbreen-20220328-DAT_0227_A1_1,6785.0,539688.29,8670200.84,587.88,434.473,0.0,434.473,0.0,0.0,3.082,certain_cold
dronbreen-20220328-DAT_0227_A1_1,6790.0,539683.34,8670199.27,588.138,434.939,0.0,434.939,0.0,0.0,3.075,certain_cold
dronbreen-20220328-DAT_0227_A1_1,6795.0,539678.81,8670198.03,588.392,435.401,0.0,435.401,0.0,0.0,3.075,certain_cold
dronbreen-20220328-DAT_0227_A1_1,6800.0,539673.75,8670196.69,588.678,435.792,0.0,435.792,0.0,0.0,3.075,certain_cold
dronbreen-20220328-DAT_0227_A1_1,6805.0,539669.46,8670195.57,588.9,436.222,0.0,436.222,0.0,0.0,3.075,certain_cold
dronbreen-20220328-DAT_0227_A1_1,6810.0,539664.31,8670193.99,589.176,436.393,0.0,436.393,0.0,0.0,3.071,certain_cold
dronbreen-20220328-DAT_0227_A1_1,6815.0,539659.32,8670191.8,589.499,436.613,0.0,436.613,0.0,0.0,3.075,certain_cold
dronbreen-20220328-DAT_0227_A1_1,6820.0,539655.25,8670190.19,589.786,436.795,0.0,436.795,0.0,0.0,3.08,certain_cold
dronbreen-20220328-DAT_0227_A1_1,6825.0,539650.12,8670188.27,590.207,437.008,0.0,437.008,0.0,0.0,3.084,certain_cold
dronbreen-20220328-DAT_0227_A1_1,6830.0,539645.66,8670186.8,590.664,437.361,0.0,437.361,0.0,0.0,3.086,certain_cold
dronbreen-20220328-DAT_0227_A1_1,6835.0,539641.0,8670185.12,591.171,437.763,0.0,437.763,0.0,0.0,3.088,certain_cold
dronbreen-20220328-DAT_0227_A1_1,6840.0,539636.04,8670183.42,591.728,438.216,0.0,438.216,0.0,0.0,3.09,certain_cold
dronbreen-20220328-DAT_0227_A1_1,6845.0,539631.77,8670182.05,592.083,438.363,0.0,438.363,0.0,0.0,3.092,certain_cold
dronbreen-20220328-DAT_0227_A1_1,6850.0,539626.34,8670180.31,592.54,438.612,0.0,438.612,0.0,0.0,3.094,certain_cold
dronbreen-20220328-DAT_0227_A1_1,6855.0,539621.63,8670178.41,592.941,438.804,0.0,438.804,0.0,0.0,3.096,certain_cold
dronbreen-20220328-DAT_0227_A1_1,6860.0,539617.68,8670176.8,593.27,439.028,0.0,439.028,0.0,0.0,3.098,certain_cold
dronbreen-20220328-DAT_0227_A1_1,6865.0,539612.32,8670174.78,593.72,439.27,0.0,439.27,0.0,0.0,3.1,certain_cold
dronbreen-20220328-DAT_0227_A1_1,6870.0,539607.83,8670173.29,594.113,439.559,0.0,439.559,0.0,0.0,3.105,certain_cold
dronbreen-20220328-DAT_0227_A1_1,6875.0,539603.39,8670171.91,594.52,439.862,0.0,439.862,0.0,0.0,3.107,certain_cold
dronbreen-20220328-DAT_0227_A1_1,6880.0,539598.53,8670170.44,594.995,440.233,0.0,440.233,0.0,0.0,3.111,certain_cold
dronbreen-20220328-DAT_0227_A1_1,6885.0,539592.97,8670168.82,595.554,440.583,0.0,440.583,0.0,0.0,3.115,certain_cold
dronbreen-20220328-DAT_0227_A1_1,6890.0,539588.24,8670167.25,596.078,441.003,0.0,441.003,0.0,0.0,3.117,certain_cold
dronbreen-20220328-DAT_0227_A1_1,6895.0,539584.11,8670165.95,596.551,441.268,0.0,441.268,0.0,0.0,3.121,certain_cold
dronbreen-20220328-DAT_0227_A1_1,6900.0,539579.07,8670164.41,597.124,441.633,0.0,441.633,0.0,0.0,3.123,certain_cold
dronbreen-20220328-DAT_0227_A1_1,6905.0,539574.69,8670163.13,597.603,442.007,0.0,442.007,0.0,0.0,3.127,certain_cold
dronbreen-20220328-DAT_0227_A1_1,6910.0,539570.09,8670161.4,598.044,442.136,0.0,442.136,0.0,0.0,3.129,certain_cold
dronbreen-20220328-DAT_0227_A1_1,6915.0,539564.78,8670159.49,598.531,442.414,0.0,442.414,0.0,0.0,3.134,certain_cold
dronbreen-20220328-DAT_0227_A1_1,6920.0,539560.1,8670158.04,598.971,442.646,0.0,442.646,0.0,0.0,3.138,certain_cold
dronbreen-20220328-DAT_0227_A1_1,6925.0,539555.53,8670156.46,599.414,442.88,0.0,442.88,0.0,0.0,3.142,certain_cold
dronbreen-20220328-DAT_0227_A1_1,6930.0,539551.12,8670154.87,599.842,442.996,0.0,442.996,0.0,0.0,3.148,certain_cold
dronbreen-20220328-DAT_0227_A1_1,6935.0,539545.97,8670153.02,600.331,443.38,0.0,443.38,0.0,0.0,3.15,certain_cold
dronbreen-20220328-DAT_0227_A1_1,6940.0,539541.33,8670151.42,600.792,443.737,0.0,443.737,0.0,0.0,3.152,certain_cold
dronbreen-20220328-DAT_0227_A1_1,6945.0,539536.44,8670149.59,601.323,444.06,0.0,444.06,0.0,0.0,3.156,certain_cold
dronbreen-20220328-DAT_0227_A1_1,6950.0,539532.39,8670148.0,601.768,444.4,0.0,444.4,0.0,0.0,3.159,certain_cold
dronbreen-20220328-DAT_0227_A1_1,6955.0,539527.37,8670145.86,602.313,444.841,0.0,444.841,0.0,0.0,3.161,certain_cold
dronbreen-20220328-DAT_0227_A1_1,6960.0,539522.97,8670143.87,602.777,445.201,0.0,445.201,0.0,0.0,3.163,certain_cold
dronbreen-20220328-DAT_0227_A1_1,6965.0,539518.58,8670141.99,603.249,445.568,0.0,445.568,0.0,0.0,3.165,certain_cold
dronbreen-20220328-DAT_0227_A1_1,6970.0,539513.71,8670139.59,603.781,445.892,0.0,445.892,0.0,0.0,3.169,certain_cold
dronbreen-20220328-DAT_0227_A1_1,6975.0,539509.22,8670137.52,604.26,446.267,0.0,446.267,0.0,0.0,3.171,certain_cold
dronbreen-20220328-DAT_0227_A1_1,6980.0,539504.79,8670135.4,604.717,446.62,0.0,446.62,0.0,0.0,3.173,certain_cold
dronbreen-20220328-DAT_0227_A1_1,6985.0,539500.63,8670133.42,605.14,446.939,0.0,446.939,0.0,0.0,3.175,certain_cold
dronbreen-20220328-DAT_0227_A1_1,6990.0,539495.44,8670130.97,605.671,447.47,0.0,447.47,0.0,0.0,3.175,certain_cold
dronbreen-20220328-DAT_0227_A1_1,6995.0,539490.89,8670128.79,606.156,447.954,0.0,447.954,0.0,0.0,3.175,certain_cold
dronbreen-20220328-DAT_0227_A1_1,7000.0,539486.7,8670126.81,606.618,448.313,0.0,448.313,0.0,0.0,3.177,certain_cold
dronbreen-20220328-DAT_0227_A1_1,7005.0,539482.05,8670124.69,607.124,448.819,0.0,448.819,0.0,0.0,3.177,certain_cold
dronbreen-20220328-DAT_0227_A1_1,7010.0,539477.48,8670122.57,607.634,449.329,0.0,449.329,0.0,0.0,3.179,certain_cold
dronbreen-20220328-DAT_0227_A1_1,7015.0,539473.03,8670120.45,608.14,449.939,0.0,449.939,0.0,0.0,3.181,certain_cold
dronbreen-20220328-DAT_0227_A1_1,7020.0,539468.62,8670118.15,608.645,450.443,0.0,450.443,0.0,0.0,3.183,certain_cold
dronbreen-20220328-DAT_0227_A1_1,7025.0,539464.07,8670116.16,609.146,450.841,0.0,450.841,0.0,0.0,3.183,certain_cold
dronbreen-20220328-DAT_0227_A1_1,7030.0,539459.54,8670114.29,609.624,451.215,0.0,451.215,0.0,0.0,3.186,certain_cold
dronbreen-20220328-DAT_0227_A1_1,7035.0,539455.23,8670112.22,610.065,451.551,0.0,451.551,0.0,0.0,3.188,certain_cold
dronbreen-20220328-DAT_0227_A1_1,7040.0,539450.5,8670109.82,610.538,451.919,0.0,451.919,0.0,0.0,3.188,certain_cold
dronbreen-20220328-DAT_0227_A1_1,7045.0,539446.27,8670107.39,610.96,452.238,0.0,452.238,0.0,0.0,3.19,certain_cold
dronbreen-20220328-DAT_0227_A1_1,7050.0,539441.97,8670105.03,611.353,452.526,0.0,452.526,0.0,0.0,3.19,certain_cold
dronbreen-20220328-DAT_0227_A1_1,7055.0,539437.56,8670102.66,611.745,452.814,0.0,452.814,0.0,0.0,3.192,certain_cold
dronbreen-20220328-DAT_0227_A1_1,7060.0,539432.67,8670100.05,612.145,453.11,0.0,453.11,0.0,0.0,3.194,certain_cold
dronbreen-20220328-DAT_0227_A1_1,7065.0,539428.19,8670097.65,612.505,453.365,0.0,453.365,0.0,0.0,3.198,certain_cold
dronbreen-20220328-DAT_0227_A1_1,7070.0,539424.25,8670095.58,612.811,453.567,0.0,453.567,0.0,0.0,3.2,certain_cold
dronbreen-20220328-DAT_0227_A1_1,7075.0,539419.75,8670093.03,613.146,453.799,0.0,453.799,0.0,0.0,3.202,certain_cold
dronbreen-20220328-DAT_0227_A1_1,7080.0,539415.41,8670090.73,613.328,453.772,0.0,453.772,0.0,0.0,3.204,certain_cold
dronbreen-20220328-DAT_0227_A1_1,7085.0,539411.07,8670088.62,613.546,453.885,0.0,453.885,0.0,0.0,3.206,certain_cold
dronbreen-20220328-DAT_0227_A1_1,7090.0,539405.93,8670086.29,613.978,454.213,0.0,454.213,0.0,0.0,3.208,certain_cold
dronbreen-20220328-DAT_0227_A1_1,7095.0,539401.26,8670084.17,614.398,454.529,0.0,454.529,0.0,0.0,3.21,certain_cold
dronbreen-20220328-DAT_0227_A1_1,7100.0,539396.96,8670082.12,614.772,454.799,0.0,454.799,0.0,0.0,3.213,certain_cold
dronbreen-20220328-DAT_0227_A1_1,7105.0,539392.59,8670080.07,615.146,454.965,0.0,454.965,0.0,0.0,3.217,certain_cold
dronbreen-20220328-DAT_0227_A1_1,7110.0,539388.49,8670078.34,615.487,455.201,0.0,455.201,0.0,0.0,3.217,certain_cold
dronbreen-20220328-DAT_0227_A1_1,7115.0,539383.81,8670076.34,615.879,455.385,0.0,455.385,0.0,0.0,3.221,certain_cold
dronbreen-20220328-DAT_0227_A1_1,7120.0,539378.67,8670073.68,616.314,455.716,0.0,455.716,0.0,0.0,3.223,certain_cold
dronbreen-20220328-DAT_0227_A1_1,7125.0,539374.54,8670071.85,616.655,455.953,0.0,455.953,0.0,0.0,3.225,certain_cold
dronbreen-20220328-DAT_0227_A1_1,7130.0,539369.95,8670069.8,617.019,456.108,0.0,456.108,0.0,0.0,3.229,certain_cold
dronbreen-20220328-DAT_0227_A1_1,7135.0,539365.08,8670067.66,617.395,456.484,0.0,456.484,0.0,0.0,3.229,certain_cold
dronbreen-20220328-DAT_0227_A1_1,7140.0,539360.75,8670065.62,617.74,456.725,0.0,456.725,0.0,0.0,3.231,certain_cold
dronbreen-20220328-DAT_0227_A1_1,7145.0,539356.73,8670063.83,618.058,456.939,0.0,456.939,0.0,0.0,3.233,certain_cold
dronbreen-20220328-DAT_0227_A1_1,7150.0,539351.12,8670061.62,618.478,457.255,0.0,457.255,0.0,0.0,3.235,certain_cold
dronbreen-20220328-DAT_0227_A1_1,7155.0,539347.08,8670060.25,618.769,457.545,0.0,457.545,0.0,0.0,3.235,certain_cold
dronbreen-20220328-DAT_0227_A1_1,7160.0,539342.09,8670058.56,619.124,457.796,0.0,457.796,0.0,0.0,3.237,certain_cold
dronbreen-20220328-DAT_0227_A1_1,7165.0,539337.66,8670056.94,619.433,458.0,0.0,458.0,0.0,0.0,3.24,certain_cold
dronbreen-20220328-DAT_0227_A1_1,7170.0,539332.36,8670055.43,619.803,458.162,0.0,458.162,0.0,0.0,3.244,certain_cold
dronbreen-20220328-DAT_0227_A1_1,7175.0,539327.89,8670054.18,620.114,458.369,0.0,458.369,0.0,0.0,3.246,certain_cold
dronbreen-20220328-DAT_0227_A1_1,7180.0,539323.08,8670052.8,620.446,458.597,0.0,458.597,0.0,0.0,3.248,certain_cold
dronbreen-20220328-DAT_0227_A1_1,7185.0,539318.31,8670051.48,620.763,458.81,0.0,458.81,0.0,0.0,3.25,certain_cold
dronbreen-20220328-DAT_0227_A1_1,7190.0,539313.53,8670050.47,621.069,458.907,0.0,458.907,0.0,0.0,3.254,certain_cold
dronbreen-20220328-DAT_0227_A1_1,7195.0,539308.67,8670049.49,621.385,459.119,0.0,459.119,0.0,0.0,3.256,certain_cold
dronbreen-20220328-DAT_0227_A1_1,7200.0,539303.72,8670048.51,621.709,459.339,0.0,459.339,0.0,0.0,3.258,certain_cold
dronbreen-20220328-DAT_0227_A1_1,7205.0,539298.58,8670047.62,622.055,459.58,0.0,459.58,0.0,0.0,3.258,certain_cold
dronbreen-20220328-DAT_0227_A1_1,7210.0,539293.56,8670046.54,622.375,460.004,0.0,460.004,0.0,0.0,3.256,certain_cold
dronbreen-20220328-DAT_0227_A1_1,7215.0,539288.69,8670045.41,622.676,460.306,0.0,460.306,0.0,0.0,3.256,certain_cold
dronbreen-20220328-DAT_0227_A1_1,7220.0,539284.08,8670044.46,622.963,460.593,0.0,460.593,0.0,0.0,3.256,certain_cold
dronbreen-20220328-DAT_0227_A1_1,7225.0,539278.79,8670043.5,623.297,460.926,0.0,460.926,0.0,0.0,3.256,certain_cold
dronbreen-20220328-DAT_0227_A1_1,7230.0,539274.28,8670042.63,623.581,461.21,0.0,461.21,0.0,0.0,3.256,certain_cold
dronbreen-20220328-DAT_0227_A1_1,7235.0,539269.52,8670041.56,623.86,461.49,0.0,461.49,0.0,0.0,3.258,certain_cold
dronbreen-20220328-DAT_0227_A1_1,7240.0,539264.2,8670040.34,624.155,461.681,0.0,461.681,0.0,0.0,3.258,certain_cold
dronbreen-20220328-DAT_0227_A1_1,7245.0,539259.35,8670039.53,624.415,462.045,0.0,462.045,0.0,0.0,3.258,certain_cold
dronbreen-20220328-DAT_0227_A1_1,7250.0,539255.02,8670038.72,624.647,462.277,0.0,462.277,0.0,0.0,3.258,certain_cold
dronbreen-20220328-DAT_0227_A1_1,7255.0,539249.49,8670037.39,624.953,462.687,0.0,462.687,0.0,0.0,3.256,certain_cold
dronbreen-20220328-DAT_0227_A1_1,7260.0,539245.25,8670036.76,625.192,462.926,0.0,462.926,0.0,0.0,3.256,certain_cold
dronbreen-20220328-DAT_0227_A1_1,7265.0,539239.41,8670035.97,625.535,463.269,0.0,463.269,0.0,0.0,3.256,certain_cold
dronbreen-20220328-DAT_0227_A1_1,7270.0,539234.9,8670034.97,625.815,463.549,0.0,463.549,0.0,0.0,3.256,certain_cold
dronbreen-20220328-DAT_0227_A1_1,7275.0,539229.84,8670033.98,626.134,463.868,0.0,463.868,0.0,0.0,3.254,certain_cold
dronbreen-20220328-DAT_0227_A1_1,7280.0,539224.82,8670033.0,626.45,464.289,0.0,464.289,0.0,0.0,3.252,certain_cold
dronbreen-20220328-DAT_0227_A1_1,7285.0,539219.82,8670032.11,626.756,464.698,0.0,464.698,0.0,0.0,3.252,certain_cold
dronbreen-20220328-DAT_0227_A1_1,7290.0,539214.85,8670031.41,627.04,464.983,0.0,464.983,0.0,0.0,3.25,certain_cold
dronbreen-20220328-DAT_0227_A1_1,7295.0,539209.91,8670030.52,627.321,465.472,0.0,465.472,0.0,0.0,3.248,certain_cold
dronbreen-20220328-DAT_0227_A1_1,7300.0,539205.3,8670029.8,627.583,465.734,0.0,465.734,0.0,0.0,3.244,certain_cold
dronbreen-20220328-DAT_0227_A1_1,7305.0,539200.21,8670028.93,627.875,466.235,0.0,466.235,0.0,0.0,3.242,certain_cold
dronbreen-20220328-DAT_0227_A1_1,7310.0,539195.54,8670028.43,628.145,466.713,0.0,466.713,0.0,0.0,3.24,certain_cold
dronbreen-20220328-DAT_0227_A1_1,7315.0,539189.93,8670027.83,628.475,467.147,0.0,467.147,0.0,0.0,3.233,certain_cold
dronbreen-20220328-DAT_0227_A1_1,7320.0,539185.87,8670027.49,628.692,467.468,0.0,467.468,0.0,0.0,3.229,certain_cold
dronbreen-20220328-DAT_0227_A1_1,7325.0,539180.58,8670026.69,628.976,467.96,0.0,467.96,0.0,0.0,3.225,certain_cold
dronbreen-20220328-DAT_0227_A1_1,7330.0,539175.87,8670025.81,629.241,468.643,0.0,468.643,0.0,0.0,3.221,certain_cold
dronbreen-20220328-DAT_0227_A1_1,7335.0,539170.13,8670024.71,629.596,469.31,0.0,469.31,0.0,0.0,3.215,certain_cold
dronbreen-20220328-DAT_0227_A1_1,7340.0,539166.06,8670024.31,629.848,469.77,0.0,469.77,0.0,0.0,3.21,certain_cold
dronbreen-20220328-DAT_0227_A1_1,7345.0,539160.46,8670023.31,630.188,470.527,0.0,470.527,0.0,0.0,3.204,certain_cold
dronbreen-20220328-DAT_0227_A1_1,7350.0,539155.75,8670022.55,630.466,471.014,0.0,471.014,0.0,0.0,3.2,certain_cold
dronbreen-20220328-DAT_0227_A1_1,7355.0,539150.7,8670021.49,630.738,471.598,0.0,471.598,0.0,0.0,3.194,certain_cold
dronbreen-20220328-DAT_0227_A1_1,7360.0,539146.27,8670020.48,630.966,471.931,0.0,471.931,0.0,0.0,3.192,certain_cold
dronbreen-20220328-DAT_0227_A1_1,7365.0,539141.53,8670019.72,631.209,472.486,0.0,472.486,0.0,0.0,3.186,certain_cold
dronbreen-20220328-DAT_0227_A1_1,7370.0,539136.56,8670018.85,631.47,472.956,0.0,472.956,0.0,0.0,3.181,certain_cold
dronbreen-20220328-DAT_0227_A1_1,7375.0,539131.07,8670018.05,631.773,473.572,0.0,473.572,0.0,0.0,3.175,certain_cold
dronbreen-20220328-DAT_0227_A1_1,7380.0,539126.62,8670017.3,632.033,474.04,0.0,474.04,0.0,0.0,3.171,certain_cold
dronbreen-20220328-DAT_0227_A1_1,7385.0,539121.42,8670016.33,632.331,474.546,0.0,474.546,0.0,0.0,3.167,certain_cold
dronbreen-20220328-DAT_0227_A1_1,7390.0,539115.96,8670015.2,632.616,475.144,0.0,475.144,0.0,0.0,3.161,certain_cold
dronbreen-20220328-DAT_0227_A1_1,7395.0,539112.14,8670014.14,632.791,475.423,0.0,475.423,0.0,0.0,3.159,certain_cold
dronbreen-20220328-DAT_0227_A1_1,7400.0,539106.38,8670013.06,633.043,475.884,0.0,475.884,0.0,0.0,3.154,certain_cold
dronbreen-20220328-DAT_0227_A1_1,7405.0,539101.32,8670012.48,633.272,476.321,0.0,476.321,0.0,0.0,3.15,certain_cold
dronbreen-20220328-DAT_0227_A1_1,7410.0,539097.47,8670012.09,633.451,476.604,0.0,476.604,0.0,0.0,3.148,certain_cold
dronbreen-20220328-DAT_0227_A1_1,7415.0,539092.24,8670011.84,633.69,477.052,0.0,477.052,0.0,0.0,3.144,certain_cold
dronbreen-20220328-DAT_0227_A1_1,7420.0,539087.25,8670010.95,633.943,477.409,0.0,477.409,0.0,0.0,3.142,certain_cold
dronbreen-20220328-DAT_0227_A1_1,7425.0,539081.93,8670009.87,634.228,477.902,0.0,477.902,0.0,0.0,3.138,certain_cold
dronbreen-20220328-DAT_0227_A1_1,7430.0,539077.25,8670008.8,634.481,478.364,0.0,478.364,0.0,0.0,3.134,certain_cold
dronbreen-20220328-DAT_0227_A1_1,7435.0,539072.31,8670007.66,634.757,478.849,0.0,478.849,0.0,0.0,3.129,certain_cold
dronbreen-20220328-DAT_0227_A1_1,7440.0,539067.4,8670006.78,635.025,479.22,0.0,479.22,0.0,0.0,3.127,certain_cold
dronbreen-20220328-DAT_0227_A1_1,7445.0,539062.56,8670005.77,635.277,479.785,0.0,479.785,0.0,0.0,3.121,certain_cold
dronbreen-20220328-DAT_0227_A1_1,7450.0,539057.79,8670004.67,635.504,480.221,0.0,480.221,0.0,0.0,3.117,certain_cold
dronbreen-20220328-DAT_0227_A1_1,7455.0,539052.45,8670003.46,635.74,480.769,0.0,480.769,0.0,0.0,3.111,certain_cold
dronbreen-20220328-DAT_0227_A1_1,7460.0,539047.76,8670002.36,635.922,481.16,0.0,481.16,0.0,0.0,3.107,certain_cold
dronbreen-20220328-DAT_0227_A1_1,7465.0,539043.39,8670001.54,636.045,481.491,0.0,481.491,0.0,0.0,3.102,certain_cold
dronbreen-20220328-DAT_0227_A1_1,7470.0,539038.47,8670000.61,636.196,481.954,0.0,481.954,0.0,0.0,3.098,certain_cold
dronbreen-20220328-DAT_0227_A1_1,7475.0,539033.11,8669999.63,636.361,482.224,0.0,482.224,0.0,0.0,3.094,certain_cold
dronbreen-20220328-DAT_0227_A1_1,7480.0,539028.79,8669998.84,636.502,482.469,0.0,482.469,0.0,0.0,3.092,certain_cold
dronbreen-20220328-DAT_0227_A1_1,7485.0,539022.98,8669997.74,636.722,482.898,0.0,482.898,0.0,0.0,3.088,certain_cold
dronbreen-20220328-DAT_0227_A1_1,7490.0,539018.33,8669997.17,636.908,483.292,0.0,483.292,0.0,0.0,3.084,certain_cold
dronbreen-20220328-DAT_0227_A1_1,7495.0,539013.56,8669996.16,637.109,483.702,0.0,483.702,0.0,0.0,3.082,certain_cold
dronbreen-20220328-DAT_0227_A1_1,7500.0,539008.54,8669995.27,637.314,484.011,0.0,484.011,0.0,0.0,3.078,certain_cold
dronbreen-20220328-DAT_0227_A1_1,7505.0,539003.48,8669994.38,637.5,484.509,0.0,484.509,0.0,0.0,3.073,certain_cold
dronbreen-20220328-DAT_0227_A1_1,7510.0,538999.09,8669993.7,637.659,484.877,0.0,484.877,0.0,0.0,3.069,certain_cold
dronbreen-20220328-DAT_0227_A1_1,7515.0,538993.57,8669992.79,637.887,485.313,0.0,485.313,0.0,0.0,3.065,certain_cold
dronbreen-20220328-DAT_0227_A1_1,7520.0,538988.94,8669991.85,638.061,485.696,0.0,485.696,0.0,0.0,3.059,certain_cold
dronbreen-20220328-DAT_0227_A1_1,7525.0,538984.03,8669990.65,638.247,486.194,0.0,486.194,0.0,0.0,3.055,certain_cold
dronbreen-20220328-DAT_0227_A1_1,7530.0,538978.76,8669988.95,638.445,486.601,0.0,486.601,0.0,0.0,3.051,certain_cold
dronbreen-20220328-DAT_0227_A1_1,7535.0,538974.94,8669987.41,638.604,487.072,0.0,487.072,0.0,0.0,3.046,certain_cold
dronbreen-20220328-DAT_0227_A1_1,7540.0,538969.63,8669985.77,638.803,487.48,0.0,487.48,0.0,0.0,3.04,certain_cold
dronbreen-20220328-DAT_0227_A1_1,7545.0,538964.49,8669984.29,639.016,488.006,0.0,488.006,0.0,0.0,3.034,certain_cold
dronbreen-20220328-DAT_0227_A1_1,7550.0,538960.02,8669983.14,639.215,488.518,0.0,488.518,0.0,0.0,3.03,certain_cold
dronbreen-20220328-DAT_0227_A1_1,7555.0,538955.07,8669982.19,639.412,488.923,0.0,488.923,0.0,0.0,3.024,certain_cold
dronbreen-20220328-DAT_0227_A1_1,7560.0,538950.48,8669981.26,639.582,489.301,0.0,489.301,0.0,0.0,3.019,certain_cold
dronbreen-20220328-DAT_0227_A1_1,7565.0,538945.48,8669979.74,639.777,489.912,0.0,489.912,0.0,0.0,3.015,certain_cold
dronbreen-20220328-DAT_0227_A1_1,7570.0,538940.79,8669978.24,639.942,490.39,0.0,490.39,0.0,0.0,3.013,certain_cold
dronbreen-20220328-DAT_0227_A1_1,7575.0,538936.23,8669976.87,640.064,490.825,0.0,490.825,0.0,0.0,3.011,certain_cold
dronbreen-20220328-DAT_0227_A1_1,7580.0,538931.13,8669975.17,640.199,491.169,0.0,491.169,0.0,0.0,3.007,certain_cold
dronbreen-20220328-DAT_0227_A1_1,7585.0,538926.09,8669973.91,640.327,491.401,0.0,491.401,0.0,0.0,3.001,certain_cold
dronbreen-20220328-DAT_0227_A1_1,7590.0,538921.41,8669972.84,640.468,491.75,0.0,491.75,0.0,0.0,2.997,certain_cold
dronbreen-20220328-DAT_0227_A1_1,7595.0,538917.03,8669972.02,640.616,492.002,0.0,492.002,0.0,0.0,2.992,certain_cold
dronbreen-20220328-DAT_0227_A1_1,7600.0,538911.75,8669970.83,640.835,492.43,0.0,492.43,0.0,0.0,2.984,certain_cold
dronbreen-20220328-DAT_0227_A1_1,7605.0,538906.64,8669969.62,641.054,492.753,0.0,492.753,0.0,0.0,2.98,certain_cold
dronbreen-20220328-DAT_0227_A1_1,7610.0,538901.7,8669968.36,641.262,493.065,0.0,493.065,0.0,0.0,2.976,certain_cold
dronbreen-20220328-DAT_0227_A1_1,7615.0,538896.85,8669967.2,641.423,493.435,0.0,493.435,0.0,0.0,2.972,certain_cold
dronbreen-20220328-DAT_0227_A1_1,7620.0,538892.4,8669966.24,641.566,493.787,0.0,493.787,0.0,0.0,2.968,certain_cold
dronbreen-20220328-DAT_0227_A1_1,7625.0,538887.34,8669965.35,641.729,494.053,0.0,494.053,0.0,0.0,2.965,certain_cold
dronbreen-20220328-DAT_0227_A1_1,7630.0,538882.69,8669964.28,641.928,494.46,0.0,494.46,0.0,0.0,2.961,certain_cold
dronbreen-20220328-DAT_0227_A1_1,7635.0,538877.6,8669963.08,642.178,494.815,0.0,494.815,0.0,0.0,2.959,certain_cold
dronbreen-20220328-DAT_0227_A1_1,7640.0,538872.89,8669961.95,642.422,495.267,0.0,495.267,0.0,0.0,2.955,certain_cold
dronbreen-20220328-DAT_0227_A1_1,7645.0,538868.31,8669960.58,642.664,495.614,0.0,495.614,0.0,0.0,2.953,certain_cold
dronbreen-20220328-DAT_0227_A1_1,7650.0,538863.37,8669959.12,642.924,496.082,0.0,496.082,0.0,0.0,2.949,certain_cold
dronbreen-20220328-DAT_0227_A1_1,7655.0,538858.85,8669957.82,643.157,496.316,0.0,496.316,0.0,0.0,2.947,certain_cold
dronbreen-20220328-DAT_0227_A1_1,7660.0,538854.0,8669956.44,643.389,496.652,0.0,496.652,0.0,0.0,2.945,certain_cold
dronbreen-20220328-DAT_0227_A1_1,7665.0,538849.07,8669954.98,643.625,497.096,0.0,497.096,0.0,0.0,2.943,certain_cold
dronbreen-20220328-DAT_0227_A1_1,7670.0,538843.84,8669953.36,643.858,497.433,0.0,497.433,0.0,0.0,2.938,certain_cold
dronbreen-20220328-DAT_0227_A1_1,7675.0,538839.37,8669952.11,644.039,498.031,0.0,498.031,0.0,0.0,2.932,certain_cold
dronbreen-20220328-DAT_0227_A1_1,7680.0,538833.93,8669950.22,644.279,498.792,0.0,498.792,0.0,0.0,2.922,certain_cold
dronbreen-20220328-DAT_0227_A1_1,7685.0,538829.4,8669948.85,644.481,499.515,0.0,499.515,0.0,0.0,2.911,certain_cold
dronbreen-20220328-DAT_0227_A1_1,7690.0,538824.55,8669947.72,644.697,500.252,0.0,500.252,0.0,0.0,2.901,certain_cold
dronbreen-20220328-DAT_0227_A1_1,7695.0,538819.8,8669946.53,644.933,501.009,0.0,501.009,0.0,0.0,2.891,certain_cold
dronbreen-20220328-DAT_0227_A1_1,7700.0,538815.34,8669945.16,645.175,501.668,0.0,501.668,0.0,0.0,2.882,certain_cold
dronbreen-20220328-DAT_0227_A1_1,7705.0,538810.82,8669943.6,645.428,502.442,0.0,502.442,0.0,0.0,2.874,certain_cold
dronbreen-20220328-DAT_0227_A1_1,7710.0,538806.12,8669942.29,645.665,502.783,0.0,502.783,0.0,0.0,2.87,certain_cold
dronbreen-20220328-DAT_0227_A1_1,7715.0,538800.41,8669940.88,645.933,503.364,0.0,503.364,0.0,0.0,2.864,certain_cold
dronbreen-20220328-DAT_0227_A1_1,7720.0,538796.27,8669939.79,646.137,503.673,0.0,503.673,0.0,0.0,2.862,certain_cold
dronbreen-20220328-DAT_0227_A1_1,7725.0,538791.54,8669938.53,646.37,504.01,0.0,504.01,0.0,0.0,2.86,certain_cold
dronbreen-20220328-DAT_0227_A1_1,7730.0,538786.2,8669937.31,646.605,504.453,0.0,504.453,0.0,0.0,2.855,certain_cold
dronbreen-20220328-DAT_0227_A1_1,7735.0,538781.43,8669936.52,646.905,504.857,0.0,504.857,0.0,0.0,2.853,certain_cold
dronbreen-20220328-DAT_0227_A1_1,7740.0,538776.49,8669935.73,647.026,505.5,0.0,505.5,0.0,0.0,2.843,certain_cold
dronbreen-20220328-DAT_0227_A1_1,7745.0,538771.19,8669934.88,647.217,506.211,0.0,506.211,0.0,0.0,2.833,certain_cold
dronbreen-20220328-DAT_0227_A1_1,7750.0,538766.28,8669934.08,647.489,506.9,0.0,506.9,0.0,0.0,2.824,certain_cold
dronbreen-20220328-DAT_0227_A1_1,7755.0,538761.78,8669933.44,647.67,507.602,0.0,507.602,0.0,0.0,2.814,certain_cold
dronbreen-20220328-DAT_0227_A1_1,7760.0,538756.03,8669933.09,647.872,508.325,0.0,508.325,0.0,0.0,2.806,certain_cold
dronbreen-20220328-DAT_0227_A1_1,7765.0,538751.32,8669932.77,648.039,508.909,0.0,508.909,0.0,0.0,2.799,certain_cold
dronbreen-20220328-DAT_0227_A1_1,7770.0,538746.62,8669932.1,648.226,509.513,0.0,509.513,0.0,0.0,2.793,certain_cold
dronbreen-20220328-DAT_0227_A1_1,7775.0,538741.3,8669931.37,648.45,510.05,0.0,510.05,0.0,0.0,2.787,certain_cold
dronbreen-20220328-DAT_0227_A1_1,7780.0,538736.88,8669931.01,648.647,510.456,0.0,510.456,0.0,0.0,2.781,certain_cold
dronbreen-20220328-DAT_0227_A1_1,7785.0,538731.7,8669930.59,648.871,510.888,0.0,510.888,0.0,0.0,2.774,certain_cold
dronbreen-20220328-DAT_0227_A1_1,7790.0,538726.83,8669930.02,649.065,511.29,0.0,511.29,0.0,0.0,2.77,certain_cold
dronbreen-20220328-DAT_0227_A1_1,7795.0,538722.27,8669929.39,649.19,511.728,0.0,511.728,0.0,0.0,2.762,certain_cold
dronbreen-20220328-DAT_0227_A1_1,7800.0,538716.89,8669928.62,649.311,512.057,0.0,512.057,0.0,0.0,2.758,certain_cold
dronbreen-20220328-DAT_0227_A1_1,7805.0,538711.83,8669928.23,649.359,512.313,0.0,512.313,0.0,0.0,2.754,certain_cold
dronbreen-20220328-DAT_0227_A1_1,7810.0,538707.2,8669927.97,649.41,512.469,0.0,512.469,0.0,0.0,2.752,certain_cold
dronbreen-20220328-DAT_0227_A1_1,7815.0,538701.39,8669927.86,649.478,512.849,0.0,512.849,0.0,0.0,2.745,certain_cold
dronbreen-20220328-DAT_0227_A1_1,7820.0,538696.73,8669927.67,649.57,513.15,0.0,513.15,0.0,0.0,2.741,certain_cold
dronbreen-20220328-DAT_0227_A1_1,7825.0,538691.68,8669927.15,649.77,513.662,0.0,513.662,0.0,0.0,2.735,certain_cold
dronbreen-20220328-DAT_0227_A1_1,7830.0,538686.64,8669926.69,650.005,514.211,0.0,514.211,0.0,0.0,2.729,certain_cold
dronbreen-20220328-DAT_0227_A1_1,7835.0,538682.02,8669926.5,650.225,514.743,0.0,514.743,0.0,0.0,2.723,certain_cold
dronbreen-20220328-DAT_0227_A1_1,7840.0,538677.22,8669926.24,650.451,515.49,0.0,515.49,0.0,0.0,2.712,certain_cold
dronbreen-20220328-DAT_0227_A1_1,7845.0,538671.94,8669925.84,650.709,516.165,0.0,516.165,0.0,0.0,2.704,certain_cold
dronbreen-20220328-DAT_0227_A1_1,7850.0,538666.74,8669925.63,650.935,516.807,0.0,516.807,0.0,0.0,2.696,certain_cold
dronbreen-20220328-DAT_0227_A1_1,7855.0,538662.17,8669925.37,651.115,517.509,0.0,517.509,0.0,0.0,2.685,certain_cold
dronbreen-20220328-DAT_0227_A1_1,7860.0,538657.41,8669925.05,651.286,518.097,0.0,518.097,0.0,0.0,2.677,certain_cold
dronbreen-20220328-DAT_0227_A1_1,7865.0,538652.09,8669924.76,651.515,518.742,0.0,518.742,0.0,0.0,2.669,certain_cold
dronbreen-20220328-DAT_0227_A1_1,7870.0,538647.33,8669924.76,651.75,519.395,0.0,519.395,0.0,0.0,2.66,certain_cold
dronbreen-20220328-DAT_0227_A1_1,7875.0,538642.0,8669924.79,652.017,519.974,0.0,519.974,0.0,0.0,2.654,certain_cold
dronbreen-20220328-DAT_0227_A1_1,7880.0,538637.44,8669924.91,652.235,520.505,0.0,520.505,0.0,0.0,2.648,certain_cold
dronbreen-20220328-DAT_0227_A1_1,7885.0,538632.16,8669925.07,652.445,521.236,0.0,521.236,0.0,0.0,2.638,certain_cold
dronbreen-20220328-DAT_0227_A1_1,7890.0,538626.75,8669925.35,652.54,521.748,0.0,521.748,0.0,0.0,2.629,certain_cold
dronbreen-20220328-DAT_0227_A1_1,7895.0,538622.13,8669925.62,652.725,522.141,0.0,522.141,0.0,0.0,2.625,certain_cold
dronbreen-20220328-DAT_0227_A1_1,7900.0,538616.86,8669925.75,652.973,522.806,0.0,522.806,0.0,0.0,2.617,certain_cold
dronbreen-20220328-DAT_0227_A1_1,7905.0,538611.53,8669925.59,653.247,523.393,0.0,523.393,0.0,0.0,2.611,certain_cold
dronbreen-20220328-DAT_0227_A1_1,7910.0,538607.19,8669925.66,653.48,523.834,0.0,523.834,0.0,0.0,2.606,certain_cold
dronbreen-20220328-DAT_0227_A1_1,7915.0,538602.33,8669925.7,653.806,524.681,0.0,524.681,0.0,0.0,2.596,certain_cold
dronbreen-20220328-DAT_0227_A1_1,7920.0,538596.5,8669925.97,654.122,525.31,0.0,525.31,0.0,0.0,2.59,certain_cold
dronbreen-20220328-DAT_0227_A1_1,7925.0,538592.4,8669926.07,654.322,525.823,0.0,525.823,0.0,0.0,2.584,certain_cold
dronbreen-20220328-DAT_0227_A1_1,7930.0,538587.1,8669926.2,654.533,526.346,0.0,526.346,0.0,0.0,2.577,certain_cold
dronbreen-20220328-DAT_0227_A1_1,7935.0,538581.92,8669926.33,654.698,526.824,0.0,526.824,0.0,0.0,2.571,certain_cold
dronbreen-20220328-DAT_0227_A1_1,7940.0,538577.29,8669926.45,654.854,527.501,0.0,527.501,0.0,0.0,2.561,certain_cold
dronbreen-20220328-DAT_0227_A1_1,7945.0,538572.21,8669926.58,655.039,528.311,0.0,528.311,0.0,0.0,2.548,certain_cold
dronbreen-20220328-DAT_0227_A1_1,7950.0,538567.53,8669926.57,655.244,529.141,0.0,529.141,0.0,0.0,2.536,certain_cold
dronbreen-20220328-DAT_0227_A1_1,7955.0,538561.78,8669926.65,655.545,530.276,0.0,530.276,0.0,0.0,2.519,certain_cold
dronbreen-20220328-DAT_0227_A1_1,7960.0,538556.56,8669926.86,655.831,531.396,0.0,531.396,0.0,0.0,2.503,certain_cold
dronbreen-20220328-DAT_0227_A1_1,7965.0,538551.43,8669927.16,656.14,532.539,0.0,532.539,0.0,0.0,2.486,certain_cold
dronbreen-20220328-DAT_0227_A1_1,7970.0,538547.32,8669927.38,656.42,533.444,0.0,533.444,0.0,0.0,2.474,certain_cold
dronbreen-20220328-DAT_0227_A1_1,7975.0,538541.96,8669927.51,656.642,534.708,0.0,534.708,0.0,0.0,2.457,certain_cold
dronbreen-20220328-DAT_0227_A1_1,7980.0,538537.25,8669927.61,656.789,535.585,0.0,535.585,0.0,0.0,2.447,certain_cold
dronbreen-20220328-DAT_0227_A1_1,7985.0,538532.12,8669927.73,656.94,536.674,0.0,536.674,0.0,0.0,2.428,certain_cold
dronbreen-20220328-DAT_0227_A1_1,7990.0,538527.56,8669927.84,657.099,537.458,0.0,537.458,0.0,0.0,2.412,certain_cold
dronbreen-20220328-DAT_0227_A1_1,7995.0,538521.6,8669928.17,657.372,538.565,0.0,538.565,0.0,0.0,2.391,certain_cold
dronbreen-20220328-DAT_0227_A1_1,8000.0,538517.03,8669928.29,657.585,539.819,0.0,539.819,0.0,0.0,2.372,certain_cold
dronbreen-20220328-DAT_0227_A1_1,8005.0,538512.28,8669928.15,657.845,540.914,0.0,540.914,0.0,0.0,2.356,certain_cold
dronbreen-20220328-DAT_0227_A1_1,8010.0,538506.63,8669927.99,658.161,542.48,0.0,542.48,0.0,0.0,2.333,certain_cold
dronbreen-20220328-DAT_0227_A1_1,8015.0,538501.8,8669927.94,658.449,543.706,0.0,543.706,0.0,0.0,2.312,certain_cold
dronbreen-20220328-DAT_0227_A1_1,8020.0,538496.76,8669928.17,658.774,544.969,0.0,544.969,0.0,0.0,2.294,certain_cold
dronbreen-20220328-DAT_0227_A1_1,8025.0,538491.61,8669928.4,659.127,546.155,0.0,546.155,0.0,0.0,2.275,certain_cold
dronbreen-20220328-DAT_0227_A1_1,8030.0,538487.51,8669928.5,659.412,547.066,0.0,547.066,0.0,0.0,2.263,certain_cold
dronbreen-20220328-DAT_0227_A1_1,8035.0,538481.97,8669928.63,659.798,548.286,0.0,548.286,0.0,0.0,2.246,certain_cold
dronbreen-20220328-DAT_0227_A1_1,8040.0,538477.23,8669928.88,660.155,549.372,0.0,549.372,0.0,0.0,2.232,certain_cold
dronbreen-20220328-DAT_0227_A1_1,8045.0,538471.64,8669929.38,660.65,550.701,0.0,550.701,0.0,0.0,2.215,certain_cold
dronbreen-20220328-DAT_0227_A1_1,8050.0,538467.62,8669929.73,661.043,551.824,0.0,551.824,0.0,0.0,2.2,certain_cold
dronbreen-20220328-DAT_0227_A1_1,8055.0,538462.43,8669929.98,661.585,553.2,0.0,553.2,0.0,0.0,2.184,certain_cold
dronbreen-20220328-DAT_0227_A1_1,8060.0,538456.7,8669930.47,662.183,554.736,0.0,554.736,0.0,0.0,2.165,certain_cold
dronbreen-20220328-DAT_0227_A1_1,8065.0,538452.03,8669930.83,662.704,555.881,0.0,555.881,0.0,0.0,2.153,certain_cold
dronbreen-20220328-DAT_0227_A1_1,8070.0,538447.38,8669931.32,663.236,557.143,0.0,557.143,0.0,0.0,2.138,certain_cold
dronbreen-20220328-DAT_0227_A1_1,8075.0,538441.76,8669931.97,663.903,558.643,0.0,558.643,0.0,0.0,2.122,certain_cold
dronbreen-20220328-DAT_0227_A1_1,8080.0,538437.16,8669932.61,664.441,560.12,0.0,560.12,0.0,0.0,2.103,certain_cold
dronbreen-20220328-DAT_0227_A1_1,8085.0,538432.53,8669933.04,664.987,561.5,0.0,561.5,0.0,0.0,2.087,certain_cold
dronbreen-20220328-DAT_0227_A1_1,8090.0,538427.05,8669933.72,665.698,563.148,0.0,563.148,0.0,0.0,2.068,certain_cold
dronbreen-20220328-DAT_0227_A1_1,8095.0,538422.27,8669934.42,666.374,564.554,0.0,564.554,0.0,0.0,2.054,certain_cold
dronbreen-20220328-DAT_0227_A1_1,8100.0,538417.31,8669935.21,667.048,565.853,0.0,565.853,0.0,0.0,2.041,certain_cold
dronbreen-20220328-DAT_0227_A1_1,8105.0,538412.34,8669936.09,667.718,566.836,0.0,566.836,0.0,0.0,2.029,certain_cold
dronbreen-20220328-DAT_0227_A1_1,8110.0,538407.26,8669937.06,668.406,568.045,0.0,568.045,0.0,0.0,2.023,certain_cold
dronbreen-20220328-DAT_0227_A1_1,8115.0,538403.09,8669937.81,668.993,569.048,0.0,569.048,0.0,0.0,2.016,certain_cold
dronbreen-20220328-DAT_0227_A1_1,8120.0,538397.31,8669938.76,669.769,570.033,0.0,570.033,0.0,0.0,2.012,certain_cold
dronbreen-20220328-DAT_0227_A1_1,8125.0,538393.15,8669939.64,670.305,570.778,0.0,570.778,0.0,0.0,2.008,certain_cold
dronbreen-20220328-DAT_0227_A1_1,8130.0,538388.21,8669940.92,670.911,571.488,0.0,571.488,0.0,0.0,2.006,certain_cold
dronbreen-20220328-DAT_0227_A1_1,8135.0,538383.68,8669942.03,671.477,572.054,0.0,572.054,0.0,0.0,2.006,certain_cold
dronbreen-20220328-DAT_0227_A1_1,8140.0,538378.31,8669943.4,672.177,572.754,0.0,572.754,0.0,0.0,2.006,certain_cold
dronbreen-20220328-DAT_0227_A1_1,8145.0,538373.19,8669944.65,672.867,573.235,0.0,573.235,0.0,0.0,2.008,certain_cold
dronbreen-20220328-DAT_0227_A1_1,8150.0,538368.1,8669945.87,673.583,573.639,0.0,573.639,0.0,0.0,2.012,certain_cold
dronbreen-20220328-DAT_0227_A1_1,8155.0,538363.75,8669946.99,674.228,573.867,0.0,573.867,0.0,0.0,2.019,certain_cold
dronbreen-20220328-DAT_0227_A1_1,8160.0,538359.27,8669948.29,674.902,574.332,0.0,574.332,0.0,0.0,2.025,certain_cold
dronbreen-20220328-DAT_0227_A1_1,8165.0,538354.22,8669949.46,675.61,574.833,0.0,574.833,0.0,0.0,2.033,certain_cold
dronbreen-20220328-DAT_0227_A1_1,8170.0,538348.65,8669950.53,676.293,575.203,0.0,575.203,0.0,0.0,2.039,uncertain_cold
dronbreen-20220328-DAT_0227_A1_1,8175.0,538344.14,8669951.51,676.809,575.406,0.0,575.406,0.0,0.0,2.045,uncertain_cold
dronbreen-20220328-DAT_0227_A1_1,8180.0,538339.09,8669952.73,677.375,575.555,0.0,575.555,0.0,0.0,2.054,uncertain_cold
dronbreen-20220328-DAT_0227_A1_1,8185.0,538334.76,8669953.73,677.866,575.629,0.0,575.629,0.0,0.0,2.06,uncertain_cold
dronbreen-20220328-DAT_0227_A1_1,8190.0,538329.97,8669954.82,678.41,575.86,0.0,575.86,0.0,0.0,2.066,uncertain_cold
dronbreen-20220328-DAT_0227_A1_1,8195.0,538324.33,8669956.47,679.018,576.26,0.0,576.26,0.0,0.0,2.058,uncertain_cold
dronbreen-20220328-DAT_0227_A1_1,8200.0,538319.87,8669957.83,679.47,576.504,0.0,576.504,14.505,0.0,2.076,uncertain_cold
dronbreen-20220328-DAT_0227_A1_1,8205.0,538314.99,8669959.42,679.959,576.888,0.104,576.992,15.324,0.0,2.076,uncertain_cold
dronbreen-20220328-DAT_0227_A1_1,8210.0,538310.31,8669960.91,680.421,577.559,0.104,577.663,16.19,0.0,2.072,uncertain_cold
dronbreen-20220328-DAT_0227_A1_1,8215.0,538306.39,8669962.29,680.805,578.151,0.104,578.255,16.603,0.0,2.068,uncertain_cold
dronbreen-20220328-DAT_0227_A1_1,8220.0,538301.24,8669963.91,681.302,578.961,0.0,578.961,17.204,0.0,2.064,uncertain_cold
dronbreen-20220328-DAT_0227_A1_1,8225.0,538296.25,8669965.63,681.787,579.759,0.417,580.176,0.938,0.0,2.05,certain_cold
dronbreen-20220328-DAT_0227_A1_1,8230.0,538291.39,8669967.44,682.266,580.446,1.042,581.489,3.966,0.0,2.033,uncertain_temperate
dronbreen-20220328-DAT_0227_A1_1,8235.0,538286.46,8669969.04,682.757,581.353,1.146,582.5,4.705,0.0,2.023,uncertain_temperate
dronbreen-20220328-DAT_0227_A1_1,8240.0,538282.19,8669970.62,683.185,582.094,0.834,582.928,5.715,0.0,2.023,uncertain_cold
dronbreen-20220328-DAT_0227_A1_1,8245.0,538277.91,8669972.21,683.616,582.943,1.146,584.089,7.399,0.0,2.008,uncertain_temperate
dronbreen-20220328-DAT_0227_A1_1,8250.0,538272.51,8669974.12,684.172,583.811,2.189,585.999,8.894,0.0,1.981,uncertain_temperate
dronbreen-20220328-DAT_0227_A1_1,8255.0,538268.11,8669975.96,684.628,584.684,2.814,587.498,9.327,0.0,1.961,uncertain_temperate
dronbreen-20220328-DAT_0227_A1_1,8260.0,538264.0,8669977.64,685.012,585.485,2.71,588.195,9.746,0.0,1.954,uncertain_temperate
dronbreen-20220328-DAT_0227_A1_1,8265.0,538259.0,8669979.64,685.408,586.298,2.501,588.799,13.277,0.0,1.95,uncertain_temperate
dronbreen-20220328-DAT_0227_A1_1,8270.0,538254.6,8669981.35,685.739,586.941,5.315,592.256,15.734,0.0,1.888,certain_temperate
dronbreen-20220328-DAT_0227_A1_1,8275.0,538249.75,8669983.38,686.136,587.859,5.94,593.799,15.447,0.0,1.866,certain_temperate
dronbreen-20220328-DAT_0227_A1_1,8280.0,538245.15,8669985.25,686.567,588.707,7.295,596.003,19.278,0.0,1.831,certain_temperate
dronbreen-20220328-DAT_0227_A1_1,8285.0,538240.26,8669986.65,687.009,589.67,10.318,599.988,28.622,0.0,1.761,certain_temperate
dronbreen-20220328-DAT_0227_A1_1,8290.0,538235.83,8669988.38,687.407,590.59,16.675,607.264,29.287,0.0,1.625,certain_temperate
dronbreen-20220328-DAT_0227_A1_1,8295.0,538230.64,8669990.55,687.87,592.094,18.551,610.645,24.493,4.792,1.567,certain_temperate
dronbreen-20220328-DAT_0227_A1_1,8300.0,538226.5,8669992.46,688.241,592.882,19.905,612.788,24.351,6.601,1.532,certain_temperate
dronbreen-20220328-DAT_0227_A1_1,8305.0,538222.49,8669994.7,688.608,593.875,21.052,614.926,25.807,6.396,1.497,certain_temperate
dronbreen-20220328-DAT_0227_A1_1,8310.0,538217.1,8669997.29,689.088,594.98,22.719,617.699,28.18,9.338,1.452,certain_temperate
dronbreen-20220328-DAT_0227_A1_1,8315.0,538212.99,8669999.27,689.438,595.747,23.657,619.404,29.109,12.057,1.426,certain_temperate
dronbreen-20220328-DAT_0227_A1_1,8320.0,538208.54,8670001.69,689.84,596.67,24.491,621.161,30.448,13.01,1.399,certain_temperate
dronbreen-20220328-DAT_0227_A1_1,8325.0,538204.26,8670004.05,690.232,597.583,25.742,623.325,31.275,15.31,1.364,certain_temperate
dronbreen-20220328-DAT_0227_A1_1,8330.0,538199.98,8670006.21,690.589,598.566,26.888,625.454,32.618,17.823,1.33,certain_temperate
dronbreen-20220328-DAT_0227_A1_1,8335.0,538195.8,8670008.46,690.912,599.513,28.034,627.548,35.639,19.284,1.295,certain_temperate
dronbreen-20220328-DAT_0227_A1_1,8340.0,538191.15,8670011.15,691.249,600.685,29.285,629.97,40.361,16.229,1.254,certain_temperate
dronbreen-20220328-DAT_0227_A1_1,8345.0,538186.25,8670012.47,691.58,603.308,32.933,636.241,43.334,20.864,1.138,certain_temperate
dronbreen-20220328-DAT_0227_A1_1,8350.0,538181.87,8670014.7,691.932,605.328,34.287,639.615,40.862,26.15,1.08,certain_temperate
dronbreen-20220328-DAT_0227_A1_1,8355.0,538177.01,8670017.42,692.346,606.471,35.642,642.113,41.099,28.518,1.039,certain_temperate
dronbreen-20220328-DAT_0227_A1_1,8360.0,538172.58,8670019.77,692.716,607.362,36.997,644.359,44.593,27.942,1.003,certain_temperate
dronbreen-20220328-DAT_0227_A1_1,8365.0,538168.95,8670021.65,693.021,608.188,39.602,647.79,45.965,27.924,0.943,certain_temperate
dronbreen-20220328-DAT_0227_A1_1,8370.0,538164.19,8670023.8,693.437,609.229,41.27,650.499,46.806,30.002,0.899,certain_temperate
dronbreen-20220328-DAT_0227_A1_1,8375.0,538159.31,8670026.41,693.911,610.12,42.625,652.745,46.96,31.724,0.865,certain_temperate
dronbreen-20220328-DAT_0227_A1_1,8380.0,538155.24,8670028.52,694.315,610.941,43.667,654.608,48.401,32.575,0.837,certain_temperate
dronbreen-20220328-DAT_0227_A1_1,8385.0,538150.86,8670030.57,694.757,611.279,45.334,656.614,50.478,33.625,0.808,certain_temperate
dronbreen-20220328-DAT_0227_A1_1,8390.0,538146.41,8670032.97,695.226,611.748,46.793,658.542,52.568,34.662,0.78,certain_temperate
dronbreen-20220328-DAT_0227_A1_1,8395.0,538142.25,8670035.35,695.679,611.68,49.086,660.766,54.235,36.122,0.747,certain_temperate
dronbreen-20220328-DAT_0227_A1_1,8400.0,538137.14,8670038.25,696.258,612.259,50.649,662.908,55.559,38.445,0.718,certain_temperate
dronbreen-20220328-DAT_0227_A1_1,8405.0,538133.42,8670040.19,696.722,612.723,52.004,664.727,57.638,40.014,0.693,certain_temperate
dronbreen-20220328-DAT_0227_A1_1,8410.0,538128.79,8670042.74,697.435,613.227,53.776,667.003,60.109,42.753,0.664,certain_temperate
dronbreen-20220328-DAT_0227_A1_1,8415.0,538124.76,8670044.97,698.114,613.385,55.235,668.62,62.165,45.491,0.647,certain_temperate
dronbreen-20220328-DAT_0227_A1_1,8420.0,538120.14,8670047.63,698.679,613.221,57.007,670.228,66.406,46.357,0.628,certain_temperate
dronbreen-20220328-DAT_0227_A1_1,8425.0,538115.43,8670050.66,699.051,613.072,59.821,672.893,71.084,47.515,0.587,certain_temperate
dronbreen-20220328-DAT_0227_A1_1,8430.0,538111.63,8670053.15,699.504,612.9,62.843,675.743,75.881,49.7,0.544,certain_temperate
dronbreen-20220328-DAT_0227_A1_1,8435.0,538107.21,8670055.88,699.979,612.436,66.178,678.614,81.344,52.992,0.503,certain_temperate
dronbreen-20220328-DAT_0227_A1_1,8440.0,538102.67,8670058.67,700.447,612.28,68.471,680.75,85.632,56.52,0.475,certain_temperate
dronbreen-20220328-DAT_0227_A1_1,8445.0,538098.55,8670061.16,700.874,611.873,70.555,682.428,89.001,47.959,0.455,certain_temperate
dronbreen-20220328-DAT_0227_A1_1,8450.0,538094.7,8670063.65,701.342,611.194,83.895,695.089,90.148,52.01,0.294,certain_temperate
dronbreen-20220328-DAT_0227_A1_1,8455.0,538091.32,8670067.59,701.875,610.789,86.292,697.081,91.086,69.463,0.282,certain_temperate
dronbreen-20220328-DAT_0227_A1_1,8460.0,538088.09,8670071.47,702.385,610.153,87.542,697.695,92.232,74.988,0.282,certain_temperate
dronbreen-20220328-DAT_0227_A1_1,8465.0,538084.45,8670074.34,702.804,609.322,88.897,698.219,93.483,74.05,0.281,certain_temperate
dronbreen-20220328-DAT_0227_A1_1,8470.0,538079.88,8670076.45,703.216,608.691,90.044,698.734,94.525,73.379,0.28,certain_temperate
dronbreen-20220328-DAT_0227_A1_1,8475.0,538075.44,8670078.37,703.55,608.4,90.669,699.069,95.15,72.546,0.28,certain_temperate
dronbreen-20220328-DAT_0227_A1_1,8480.0,538070.26,8670080.33,703.884,608.109,91.398,699.507,95.775,71.191,0.28,certain_temperate
dronbreen-20220328-DAT_0227_A1_1,8485.0,538065.47,8670082.1,704.182,609.136,90.669,699.804,95.046,60.545,0.28,certain_temperate
dronbreen-20220328-DAT_0227_A1_1,8490.0,538061.36,8670084.42,704.477,609.639,82.957,692.596,94.838,55.941,0.356,certain_temperate
dronbreen-20220328-DAT_0227_A1_1,8495.0,538057.02,8670086.78,704.8,610.275,79.934,690.21,94.525,56.595,0.395,certain_temperate
dronbreen-20220328-DAT_0227_A1_1,8500.0,538052.68,8670089.26,705.133,611.233,75.974,687.208,93.9,27.523,0.446,certain_temperate
dronbreen-20220328-DAT_0227_A1_1,8505.0,538048.49,8670092.07,705.473,612.407,66.178,678.585,93.066,16.171,0.6,certain_temperate
dronbreen-20220328-DAT_0227_A1_1,8510.0,538044.19,8670095.54,705.836,613.499,54.714,668.213,81.278,12.413,0.798,certain_temperate
dronbreen-20220328-DAT_0227_A1_1,8515.0,538041.3,8670098.74,706.091,614.693,44.813,659.506,76.763,10.884,0.969,certain_temperate
dronbreen-20220328-DAT_0227_A1_1,8520.0,538038.14,8670102.99,706.363,615.694,35.121,650.816,72.603,7.54,1.142,certain_temperate
dronbreen-20220328-DAT_0227_A1_1,8525.0,538035.84,8670106.92,706.527,617.213,24.804,642.017,50.549,7.187,1.317,certain_temperate
dronbreen-20220328-DAT_0227_A1_1,8530.0,538033.3,8670111.6,706.685,618.1,18.655,636.755,39.716,5.41,1.424,certain_temperate
dronbreen-20220328-DAT_0227_A1_1,8535.0,538031.47,8670115.96,706.825,618.553,14.903,633.456,33.902,0.0,1.491,certain_temperate
dronbreen-20220328-DAT_0227_A1_1,8540.0,538029.72,8670121.36,707.034,618.97,10.63,629.6,28.036,0.0,1.571,certain_temperate
dronbreen-20220328-DAT_0227_A1_1,8545.0,538028.57,8670125.67,707.218,619.363,7.712,627.075,22.979,0.0,1.625,certain_temperate
dronbreen-20220328-DAT_0227_A1_1,8550.0,538027.53,8670130.79,707.403,619.965,4.481,624.446,12.89,0.0,1.68,uncertain_temperate
dronbreen-20220328-DAT_0227_A1_1,8555.0,538027.33,8670135.9,707.517,619.871,1.876,621.747,11.507,0.0,1.736,uncertain_temperate
dronbreen-20220328-DAT_0227_A1_1,8560.0,538027.24,8670141.2,707.604,620.375,0.208,620.583,4.503,0.0,1.761,uncertain_cold
dronbreen-20220328-DAT_0227_A1_1,8565.0,538027.63,8670145.43,707.656,620.218,0.0,620.218,0.0,0.0,1.769,certain_cold
dronbreen-20220328-DAT_0227_A1_1,8570.0,538028.32,8670150.54,707.69,619.835,0.0,619.835,0.0,0.0,1.777,certain_cold
dronbreen-20220328-DAT_0227_A1_1,8575.0,538029.1,8670155.96,707.681,619.201,0.0,619.201,0.0,0.0,1.789,certain_cold
dronbreen-20220328-DAT_0227_A1_1,8580.0,538029.85,8670160.07,707.661,618.659,0.0,618.659,0.0,0.0,1.8,certain_cold
dronbreen-20220328-DAT_0227_A1_1,8585.0,538031.39,8670165.39,707.63,618.108,0.0,618.108,0.0,0.0,1.81,certain_cold
dronbreen-20220328-DAT_0227_A1_1,8590.0,538033.04,8670169.65,707.622,617.891,0.0,617.891,0.0,0.0,1.818,certain_cold
dronbreen-20220328-DAT_0227_A1_1,8595.0,538035.07,8670174.11,707.608,617.356,0.0,617.356,0.0,0.0,1.824,certain_cold
dronbreen-20220328-DAT_0227_A1_1,8600.0,538037.41,8670178.4,707.574,616.905,0.0,616.905,0.0,0.0,1.829,certain_cold
dronbreen-20220328-DAT_0227_A1_1,8605.0,538040.3,8670183.02,707.509,616.214,0.0,616.214,0.0,0.0,1.835,certain_cold
dronbreen-20220328-DAT_0227_A1_1,8610.0,538042.97,8670187.29,707.443,615.419,0.0,615.419,0.0,0.0,1.86,certain_cold
dronbreen-20220328-DAT_0227_A1_1,8615.0,538045.87,8670191.29,707.365,614.716,0.0,614.716,0.0,0.0,1.87,certain_cold
dronbreen-20220328-DAT_0227_A1_1,8620.0,538048.73,8670195.77,707.312,614.038,0.0,614.038,0.0,0.0,1.878,certain_cold
dronbreen-20220328-DAT_0227_A1_1,8625.0,538051.46,8670200.05,707.257,613.149,0.0,613.149,0.0,0.0,1.899,certain_cold
dronbreen-20220328-DAT_0227_A1_1,8630.0,538054.27,8670203.37,707.178,612.236,0.0,612.236,0.0,0.0,1.917,certain_cold
dronbreen-20220328-DAT_0227_A1_1,8635.0,538058.79,8670206.29,707.025,611.354,0.0,611.354,0.0,0.0,1.93,certain_cold
dronbreen-20220328-DAT_0227_A1_1,8640.0,538062.84,8670209.01,706.894,610.806,0.0,610.806,0.0,0.0,1.938,certain_cold
dronbreen-20220328-DAT_0227_A1_1,8645.0,538066.96,8670212.35,706.756,610.356,0.0,610.356,0.0,0.0,1.946,certain_cold
dronbreen-20220328-DAT_0227_A1_1,8650.0,538070.54,8670215.56,706.623,609.91,0.0,609.91,0.0,0.0,1.95,certain_cold
dronbreen-20220328-DAT_0227_A1_1,8655.0,538074.09,8670218.94,706.486,609.356,0.0,609.356,0.0,0.0,1.954,certain_cold
dronbreen-20220328-DAT_0227_A1_1,8660.0,538077.56,8670222.39,706.343,608.9,0.0,608.9,0.0,0.0,1.959,certain_cold
dronbreen-20220328-DAT_0227_A1_1,8665.0,538080.84,8670225.9,706.216,608.356,0.0,608.356,0.0,0.0,1.967,certain_cold
dronbreen-20220328-DAT_0227_A1_1,8670.0,538084.6,8670229.91,706.088,607.916,0.0,607.916,0.0,0.0,1.975,certain_cold
dronbreen-20220328-DAT_0227_A1_1,8675.0,538088.42,8670233.55,705.946,607.461,0.0,607.461,0.0,0.0,1.985,certain_cold
dronbreen-20220328-DAT_0227_A1_1,8680.0,538091.76,8670236.56,705.819,607.126,0.0,607.126,0.0,0.0,1.985,certain_cold
dronbreen-20220328-DAT_0227_A1_1,8685.0,538095.75,8670240.09,705.673,606.771,0.0,606.771,0.0,0.0,1.983,certain_cold
dronbreen-20220328-DAT_0227_A1_1,8690.0,538099.41,8670242.98,705.527,606.938,0.0,606.938,0.0,0.0,1.988,certain_cold
dronbreen-20220328-DAT_0227_A1_1,8695.0,538103.59,8670246.02,705.359,606.978,0.0,606.978,0.0,0.0,1.983,certain_cold
dronbreen-20220328-DAT_0227_A1_1,8700.0,538107.75,8670248.52,705.181,607.217,0.0,607.217,0.0,0.0,1.977,certain_cold
dronbreen-20220328-DAT_0227_A1_1,8705.0,538111.88,8670250.78,704.986,607.231,0.0,607.231,0.0,0.0,1.971,certain_cold
dronbreen-20220328-DAT_0227_A1_1,8710.0,538116.69,8670253.52,704.807,607.259,0.0,607.259,0.0,0.0,1.969,certain_cold
dronbreen-20220328-DAT_0227_A1_1,8715.0,538121.24,8670256.01,704.744,607.301,0.0,607.301,0.0,0.0,1.967,certain_cold
dronbreen-20220328-DAT_0227_A1_1,8720.0,538125.34,8670257.95,704.533,607.194,0.0,607.194,0.0,0.0,1.965,certain_cold
dronbreen-20220328-DAT_0227_A1_1,8725.0,538129.84,8670260.03,704.257,606.918,0.0,606.918,0.0,0.0,1.965,certain_cold
dronbreen-20220328-DAT_0227_A1_1,8730.0,538134.27,8670262.14,704.069,606.731,0.0,606.731,0.0,0.0,1.965,certain_cold
dronbreen-20220328-DAT_0227_A1_1,8735.0,538138.93,8670264.57,703.835,606.496,0.0,606.496,0.0,0.0,1.965,certain_cold
dronbreen-20220328-DAT_0227_A1_1,8740.0,538143.25,8670266.8,703.592,606.254,0.0,606.254,0.0,0.0,1.965,certain_cold
dronbreen-20220328-DAT_0227_A1_1,8745.0,538148.34,8670269.36,703.304,605.965,0.0,605.965,0.0,0.0,1.965,certain_cold
dronbreen-20220328-DAT_0227_A1_1,8750.0,538152.37,8670271.46,703.086,605.748,0.0,605.748,0.0,0.0,1.965,certain_cold
dronbreen-20220328-DAT_0227_A1_1,8755.0,538156.76,8670273.94,702.859,605.52,0.0,605.52,0.0,0.0,1.965,certain_cold
dronbreen-20220328-DAT_0227_A1_1,8760.0,538160.64,8670276.04,702.679,605.445,0.0,605.445,0.0,0.0,1.963,certain_cold
dronbreen-20220328-DAT_0227_A1_1,8765.0,538165.19,8670278.53,702.495,605.261,0.0,605.261,0.0,0.0,1.963,certain_cold
dronbreen-20220328-DAT_0227_A1_1,8770.0,538169.55,8670280.88,702.339,604.896,0.0,604.896,0.0,0.0,1.965,certain_cold
dronbreen-20220328-DAT_0227_A1_1,8775.0,538174.55,8670283.67,702.167,604.62,0.0,604.62,0.0,0.0,1.967,certain_cold
dronbreen-20220328-DAT_0227_A1_1,8780.0,538178.89,8670286.05,701.988,604.337,0.0,604.337,0.0,0.0,1.967,certain_cold
dronbreen-20220328-DAT_0227_A1_1,8785.0,538182.88,8670288.33,701.815,604.163,0.0,604.163,0.0,0.0,1.965,certain_cold
dronbreen-20220328-DAT_0227_A1_1,8790.0,538187.62,8670291.19,701.654,604.107,0.0,604.107,0.0,0.0,1.961,certain_cold
dronbreen-20220328-DAT_0227_A1_1,8795.0,538191.37,8670293.41,701.536,603.989,0.0,603.989,0.0,0.0,1.961,certain_cold
dronbreen-20220328-DAT_0227_A1_1,8800.0,538196.12,8670296.02,701.4,604.166,0.0,604.166,0.0,0.0,1.959,certain_cold
dronbreen-20220328-DAT_0227_A1_1,8805.0,538200.68,8670298.42,701.281,604.047,0.0,604.047,0.0,0.0,1.959,certain_cold
dronbreen-20220328-DAT_0227_A1_1,8810.0,538204.94,8670300.24,701.157,604.027,0.0,604.027,0.0,0.0,1.959,certain_cold
dronbreen-20220328-DAT_0227_A1_1,8815.0,538209.28,8670301.92,701.023,603.893,0.0,603.893,0.0,0.0,1.959,certain_cold
dronbreen-20220328-DAT_0227_A1_1,8820.0,538214.16,8670303.92,700.863,603.733,0.0,603.733,0.0,0.0,1.957,certain_cold
dronbreen-20220328-DAT_0227_A1_1,8825.0,538218.72,8670305.91,700.711,603.685,0.0,603.685,0.0,0.0,1.957,certain_cold
dronbreen-20220328-DAT_0227_A1_1,8830.0,538223.53,8670307.96,700.539,603.513,0.0,603.513,0.0,0.0,1.957,certain_cold
dronbreen-20220328-DAT_0227_A1_1,8835.0,538227.93,8670309.8,700.372,603.346,0.0,603.346,0.0,0.0,1.957,certain_cold
dronbreen-20220328-DAT_0227_A1_1,8840.0,538232.75,8670311.89,700.186,603.159,0.0,603.159,0.0,0.0,1.957,certain_cold
dronbreen-20220328-DAT_0227_A1_1,8845.0,538236.99,8670313.4,700.042,603.12,0.0,603.12,0.0,0.0,1.957,certain_cold
dronbreen-20220328-DAT_0227_A1_1,8850.0,538241.8,8670314.64,699.845,603.027,0.0,603.027,0.0,0.0,1.954,certain_cold
dronbreen-20220328-DAT_0227_A1_1,8855.0,538247.2,8670315.28,699.593,602.984,0.0,602.984,0.0,0.0,1.954,certain_cold
dronbreen-20220328-DAT_0227_A1_1,8860.0,538251.98,8670314.95,699.346,603.154,0.0,603.154,0.0,0.0,1.94,certain_cold
dronbreen-20220328-DAT_0227_A1_1,8865.0,538256.93,8670314.5,699.068,603.084,0.0,603.084,0.0,0.0,1.936,certain_cold
